Sprint_ID,Planned_Story_Points_Sprint,Completed_Story_Points,Percent_Done,Days_Remaining_Sprint,Historical_Velocity,Blocked_Stories,Scope_Change,Success_Label,Assignee,Planned_Story_Points_Resource,Current_Assigned_SP,Historical_Avg_SP,Remaining_Days_Resource,High_Priority_Tasks_Resource,Current_Workload_Percent,Expected_Overload,Issue_ID,Issue_Type,Priority,Original_Estimate_Hours,Story_Points_Issue,Description_Issue,Resolution_Time_Hours,Total_SP_This_Sprint,Historical_Avg_SP_Burnout,High_Priority_Tasks_Burnout,Consecutive_Overloads,Risk_Flag,Summary,Description_Resource,Labels,Original_Estimate_Resource,Story_Points_Resource,Assignee_Resource,Resolution_Time_Resource
SP0392,60.99,26.88,45.54,-1.07,66.28,2.1,2.47,0.71,David,61.6,59.25,45.69,4.21,2.94,198.02,0.59,ISS0906,Story,Medium,7.12,8.98,Fix bug,10.55,42.98,25.66,0.0,3.97,0.35,Code cleanup,Critical bug,Performance,20.84,2.79,Alice,15.27
SP0609,54.48,20.06,97.19,4.66,44.78,2.26,0.56,0.61,Alice,34.12,64.75,37.02,7.47,-1.78,137.31,0.87,ISS0192,Bug,Medium,2.72,2.53,Fix bug,22.14,53.65,31.19,2.13,-1.47,0.54,Improve performance,Tech debt,Bug,14.61,12.7,Alice,22.93
SP0954,27.34,33.48,71.93,5.82,60.42,1.21,11.85,0.28,Bob,45.08,61.94,48.32,6.46,-0.38,101.23,1.03,ISS0522,Task,High,0.32,-3.36,Add feature,21.45,44.86,40.38,1.29,3.21,-0.26,Fix bug,Critical bug,Performance,14.55,7.88,Carol,6.34
SP0341,65.18,24.18,65.86,-2.46,77.17,4.35,3.54,-0.19,David,35.77,73.12,48.38,6.71,1.7,66.27,0.59,ISS0169,Bug,Low,4.51,5.86,Add feature,7.99,35.13,41.37,1.12,2.27,-0.01,Develop feature,New module,Refactor,13.95,8.11,Carol,16.12
SP0738,80.02,23.7,76.37,3.03,82.84,1.34,6.99,0.65,Alice,37.12,35.86,36.14,-0.54,0.07,213.21,0.16,ISS0347,Task,Low,13.54,10.89,Refactor code,15.75,44.13,27.93,2.42,3.99,0.11,Code cleanup,Critical bug,Feature,6.33,7.62,Carol,18.33
SP0369,38.9,39.07,63.11,3.04,101.52,4.03,1.7,-0.4,Bob,30.56,47.85,29.97,6.63,4.03,173.43,0.77,ISS0833,Task,Medium,22.29,7.51,Refactor code,7.96,32.61,25.84,2.14,2.41,0.64,Fix bug,User request,Bug,7.45,2.51,Carol,23.1
SP0789,46.83,34.22,57.11,5.49,45.46,1.85,-2.88,0.43,Alice,41.01,41.05,6.59,5.53,1.49,110.24,0.37,ISS0898,Bug,High,18.83,11.07,Update UI,23.81,24.58,41.48,2.72,2.97,0.42,Improve performance,Tech debt,Bug,12.57,4.99,Alice,1.03
SP0574,36.58,39.03,98.64,7.25,37.47,2.24,-0.47,-0.35,Carol,35.03,45.11,36.46,1.06,0.8,172.72,0.1,ISS0942,Story,High,12.78,-4.32,Fix bug,27.44,30.49,26.95,0.55,2.47,0.46,Improve performance,Critical bug,Refactor,15.96,2.94,Carol,2.8
SP0042,75.93,30.93,90.09,1.85,65.36,-0.98,7.9,-0.23,Bob,40.9,63.36,34.72,1.84,3.08,139.88,0.22,ISS0701,Bug,Low,21.98,7.26,Add feature,18.34,56.8,24.3,0.97,0.47,0.21,Improve performance,User request,Refactor,8.86,5.27,David,16.15
SP0017,64.81,35.07,84.5,4.51,64.46,1.52,-3.15,-0.63,Carol,53.38,37.35,36.2,5.2,4.39,212.73,0.95,ISS0392,Task,Medium,10.78,11.69,Add feature,28.77,30.22,28.44,0.71,3.45,0.47,Improve performance,User request,Refactor,8.71,14.69,David,16.85
SP0693,46.86,64.81,49.32,5.6,30.37,1.26,9.28,0.22,Alice,41.9,38.24,44.63,6.42,4.03,183.21,0.43,ISS0511,Task,High,9.06,3.61,Add feature,21.33,39.2,16.22,1.68,3.06,-0.0,Improve performance,Tech debt,Refactor,13.56,3.14,Alice,17.37
SP0813,28.83,35.96,74.62,1.8,110.11,0.09,11.61,-0.88,Alice,36.95,35.77,27.72,7.63,0.76,48.46,1.11,ISS0450,Story,Medium,15.41,2.95,Add feature,20.74,50.5,29.66,0.28,2.3,-0.05,Fix bug,Tech debt,Refactor,19.88,5.14,Bob,6.86
SP0905,37.71,20.17,96.86,-1.17,49.88,3.28,1.38,0.44,Bob,52.22,54.84,37.48,-0.8,-0.34,159.64,0.66,ISS0546,Bug,Medium,8.46,2.93,Fix bug,7.02,39.5,16.65,0.21,0.61,1.23,Code cleanup,Critical bug,Bug,6.95,7.83,Alice,15.4
SP0771,44.26,39.41,68.9,3.62,56.47,2.57,-2.79,0.92,Alice,37.57,66.04,44.41,8.8,0.52,100.08,-0.03,ISS0153,Bug,High,15.3,7.7,Refactor code,17.65,44.45,18.93,2.81,2.33,0.01,Fix bug,New module,Bug,9.52,8.08,Alice,16.35
SP0363,72.54,11.31,71.61,-1.24,70.34,-0.29,3.14,1.13,David,51.61,43.78,34.18,9.24,0.96,113.26,0.54,ISS0654,Bug,Low,18.64,6.03,Refactor code,18.2,32.85,17.28,2.13,1.29,0.59,Improve performance,Critical bug,Performance,17.71,7.16,Alice,9.91
SP0708,58.15,15.84,57.84,7.31,55.52,2.51,9.01,-0.01,David,29.73,23.23,29.15,5.63,1.88,111.31,0.91,ISS0116,Bug,High,8.91,7.35,Update UI,21.89,18.1,25.11,3.78,1.63,0.4,Improve performance,Tech debt,Feature,12.4,11.75,David,19.51
SP0109,28.59,13.41,89.79,-1.27,60.87,3.7,5.77,0.97,Alice,47.78,51.46,34.94,8.14,1.91,168.7,1.27,ISS0851,Story,Low,9.84,4.27,Add feature,0.69,45.0,31.11,-2.23,3.04,0.06,Develop feature,User request,Bug,13.89,5.39,David,10.47
SP0896,33.53,33.1,84.72,10.47,50.98,1.78,-1.31,0.4,David,37.58,48.78,39.69,4.8,0.9,279.12,0.83,ISS0971,Task,Low,-0.23,6.83,Refactor code,7.16,41.82,13.84,0.35,3.92,0.39,Improve performance,New module,Performance,11.36,7.24,Alice,13.5
SP0553,78.38,41.26,75.46,9.3,74.72,2.52,9.84,0.27,Carol,43.64,32.86,31.71,6.34,5.7,74.83,0.9,ISS0238,Bug,High,8.69,3.82,Update UI,20.84,38.08,19.99,1.02,3.91,0.82,Improve performance,Tech debt,Feature,10.93,9.77,Alice,-1.29
SP0480,43.82,76.22,102.84,5.61,61.57,1.3,9.13,0.35,Carol,48.26,31.34,29.48,2.18,1.8,197.42,0.85,ISS0643,Bug,High,5.21,10.46,Update UI,2.35,38.3,16.5,2.29,0.89,-0.42,Improve performance,New module,Bug,8.0,6.12,Alice,2.87
SP0919,99.45,1.58,82.8,1.46,80.26,-1.85,-3.83,1.4,David,43.83,42.27,51.49,6.87,0.45,158.37,-0.18,ISS0862,Story,High,8.34,-1.91,Update UI,12.65,29.58,24.98,3.42,0.22,1.22,Improve performance,Critical bug,Refactor,6.03,12.79,Alice,15.52
SP0511,69.95,25.61,108.43,9.62,51.96,0.98,5.02,1.15,Bob,43.92,37.37,21.49,4.82,-0.32,132.35,-0.2,ISS0472,Bug,Low,6.44,7.02,Add feature,7.75,20.44,25.04,2.07,2.04,-0.09,Improve performance,New module,Refactor,10.73,3.71,David,16.12
SP0281,59.51,23.69,74.23,3.52,93.67,0.57,7.77,-0.25,David,48.64,37.54,38.82,4.71,1.02,117.87,0.79,ISS0739,Bug,Low,16.1,13.99,Refactor code,20.38,28.84,30.36,0.04,2.78,-0.36,Develop feature,User request,Performance,11.71,3.57,Bob,15.63
SP0079,32.48,24.0,72.48,4.76,65.81,2.29,1.79,0.24,Alice,53.66,41.32,29.33,10.7,0.39,152.73,0.08,ISS0339,Task,Low,12.14,4.52,Update UI,19.55,55.24,30.48,1.92,1.77,1.05,Code cleanup,User request,Bug,3.57,5.58,David,12.61
SP0244,39.88,18.57,57.09,7.2,50.65,0.24,4.4,1.11,Carol,31.63,51.99,27.34,4.79,0.66,235.84,0.49,ISS0215,Story,Medium,13.75,8.89,Update UI,7.85,30.65,40.36,-0.73,2.08,0.18,Fix bug,Tech debt,Feature,4.85,6.82,Carol,5.65
SP0769,-1.26,30.82,70.76,5.86,49.73,-0.66,0.31,-0.35,David,35.71,18.16,38.3,3.33,1.95,162.57,0.64,ISS0484,Story,Medium,18.05,8.74,Add feature,12.36,37.91,40.48,3.83,-0.07,0.49,Develop feature,Tech debt,Feature,9.07,7.5,Bob,18.33
SP0883,47.5,36.73,76.62,5.2,36.66,-1.37,-1.02,0.27,Carol,41.63,69.29,31.27,3.08,0.8,145.08,0.9,ISS0768,Task,Medium,7.92,4.77,Update UI,20.09,34.43,22.35,1.21,0.84,-0.09,Develop feature,Tech debt,Bug,5.44,3.56,Carol,17.43
SP0650,70.25,54.99,55.46,0.99,54.53,2.11,-0.46,0.58,Alice,45.99,60.26,35.42,8.68,0.25,139.96,0.5,ISS0128,Story,Medium,14.3,5.77,Refactor code,12.94,64.89,40.75,0.39,1.46,0.25,Code cleanup,Critical bug,Bug,18.55,6.08,Bob,3.59
SP0578,58.9,58.26,72.36,5.16,41.05,3.54,9.84,0.47,Alice,50.33,57.52,39.25,7.96,0.76,44.31,-0.02,ISS0820,Bug,Low,6.64,5.71,Fix bug,7.53,48.83,20.76,-0.6,2.49,0.66,Improve performance,New module,Refactor,4.01,0.02,David,3.91
SP0047,75.49,57.92,87.19,1.66,23.44,4.29,11.47,-0.09,Alice,36.57,51.34,38.11,6.71,3.55,221.79,0.58,ISS0923,Story,Medium,15.09,8.07,Refactor code,24.51,60.1,27.35,1.6,1.91,-0.26,Develop feature,Critical bug,Bug,11.38,1.38,Carol,5.47
SP0991,37.1,46.72,67.11,7.23,63.32,3.41,11.09,-0.05,Carol,43.86,40.76,23.46,0.12,2.22,148.81,0.65,ISS0182,Story,Medium,6.36,-0.32,Add feature,11.7,36.41,31.28,0.02,0.25,0.89,Fix bug,New module,Refactor,11.36,2.95,David,-1.74
SP0745,19.15,24.13,42.07,7.28,45.44,1.23,2.9,0.54,Alice,34.06,32.04,22.96,4.88,2.92,84.26,0.64,ISS0648,Task,Medium,11.2,8.14,Fix bug,12.62,28.01,25.71,3.03,2.34,-0.44,Develop feature,New module,Bug,8.13,6.07,Bob,4.21
SP0410,60.34,51.49,83.34,1.93,51.8,4.86,1.6,0.11,David,40.13,45.17,48.61,3.78,2.91,-3.82,0.13,ISS0619,Bug,High,16.7,6.9,Fix bug,5.75,44.41,25.99,0.89,2.05,0.06,Fix bug,User request,Performance,18.04,0.88,Carol,15.84
SP0807,49.21,12.83,68.65,3.77,61.42,2.55,-0.89,0.04,David,29.3,55.68,24.76,3.52,0.76,154.05,0.78,ISS0877,Story,Medium,20.82,4.25,Update UI,16.83,41.74,26.01,1.56,3.36,0.14,Fix bug,User request,Feature,8.81,5.6,David,15.57
SP0349,36.23,24.5,64.64,10.17,62.56,3.15,-1.76,-0.05,Bob,31.0,37.75,30.5,5.33,1.94,167.93,1.01,ISS0913,Bug,Medium,2.44,10.32,Refactor code,14.01,48.89,26.86,2.15,0.54,0.1,Fix bug,New module,Feature,4.57,3.86,Alice,18.1
SP0516,18.19,41.92,74.34,3.15,51.94,0.91,5.9,0.91,Bob,26.69,46.4,48.66,3.26,0.26,134.03,0.48,ISS0666,Task,Low,12.23,8.72,Fix bug,11.27,44.88,30.95,0.85,2.53,-0.02,Improve performance,New module,Feature,9.98,8.12,David,7.36
SP0019,60.92,34.09,88.28,3.77,49.56,2.58,4.9,-0.45,Bob,27.61,43.72,24.97,1.46,1.99,65.9,0.37,ISS0164,Bug,Low,9.13,9.81,Add feature,11.13,65.26,21.61,0.17,2.2,-0.31,Code cleanup,Critical bug,Refactor,13.39,10.46,David,11.82
SP0363,49.77,21.72,66.97,4.01,89.12,2.52,3.04,0.59,Bob,9.41,48.09,29.05,4.26,1.24,69.89,1.15,ISS0294,Bug,High,23.29,1.13,Refactor code,9.44,62.23,19.27,1.1,3.57,1.05,Code cleanup,User request,Bug,3.7,8.22,David,12.64
SP0856,55.22,26.82,64.36,2.01,20.13,2.33,6.31,0.14,David,48.3,34.45,26.69,1.52,3.71,208.65,-1.1,ISS0629,Bug,Medium,15.18,11.33,Update UI,10.17,54.56,24.5,2.51,2.75,0.41,Code cleanup,Tech debt,Feature,9.13,12.59,David,13.35
SP0797,47.7,44.39,54.16,4.2,63.39,2.57,4.04,-0.1,Alice,24.47,48.65,46.28,7.23,2.69,203.65,0.87,ISS0464,Task,High,7.05,5.29,Refactor code,18.6,52.72,28.42,1.03,1.64,-0.02,Develop feature,Critical bug,Refactor,13.8,1.42,Bob,17.21
SP0375,43.46,40.52,64.35,2.68,89.84,3.11,9.18,0.6,Alice,45.42,42.42,43.57,3.92,0.54,240.84,0.71,ISS0240,Task,High,13.71,7.92,Fix bug,17.08,18.84,23.94,0.52,2.39,0.22,Improve performance,User request,Refactor,17.15,3.47,Carol,9.99
SP0777,41.44,25.76,57.65,7.58,57.32,2.97,8.12,0.29,David,41.44,44.99,24.97,3.51,1.87,132.09,0.56,ISS0530,Story,Low,13.31,7.62,Add feature,7.06,35.86,34.31,2.15,1.15,-0.1,Develop feature,User request,Bug,7.85,10.9,Alice,0.42
SP0280,20.61,18.45,57.3,1.04,44.31,0.78,-5.27,-0.48,David,92.31,46.54,24.04,8.56,1.44,142.37,0.42,ISS0018,Task,Medium,15.45,10.19,Add feature,19.03,17.15,21.63,2.17,4.25,0.28,Code cleanup,Critical bug,Feature,17.55,6.1,Alice,19.11
SP0572,36.67,31.67,49.49,0.41,57.72,2.79,12.69,0.91,David,38.95,43.63,25.62,6.99,1.68,202.51,0.75,ISS0162,Task,Low,21.47,4.84,Add feature,10.78,48.37,24.78,1.29,2.04,-0.57,Code cleanup,Critical bug,Feature,4.93,4.89,Carol,19.99
SP0423,59.21,37.86,62.45,6.11,33.65,3.01,2.64,0.42,Bob,44.93,45.95,32.9,5.02,1.33,115.52,0.42,ISS0955,Story,High,7.53,8.24,Update UI,22.93,28.74,17.81,-0.36,2.88,0.26,Fix bug,New module,Bug,17.48,11.29,David,12.84
SP0631,24.61,54.16,48.28,1.4,30.72,1.4,5.59,0.32,Alice,38.52,40.71,47.98,2.73,3.58,136.58,0.65,ISS0062,Task,Medium,2.03,3.95,Refactor code,17.57,58.89,35.85,2.51,1.77,0.68,Fix bug,Tech debt,Performance,17.82,10.88,Bob,8.97
SP0178,18.76,21.59,69.83,-0.81,62.26,0.81,3.97,-0.44,Carol,45.77,43.97,37.68,4.38,2.21,80.39,0.09,ISS0848,Story,Low,9.32,3.31,Add feature,15.87,40.73,34.12,1.66,3.66,0.07,Fix bug,Critical bug,Bug,12.93,-0.96,Bob,16.87
SP0029,34.19,23.92,65.23,6.5,37.98,2.18,8.13,0.05,Alice,58.63,33.55,39.39,5.63,-0.71,264.42,0.38,ISS0227,Bug,Medium,8.5,2.18,Add feature,17.62,17.13,34.66,0.75,0.24,-0.22,Fix bug,New module,Bug,15.34,4.99,David,12.25
SP0836,64.33,31.87,66.23,1.01,38.42,2.97,0.46,0.34,Bob,39.16,68.4,51.71,1.04,0.91,227.26,0.3,ISS0369,Bug,Low,1.97,10.85,Update UI,16.52,48.48,28.5,0.55,3.52,0.72,Code cleanup,Critical bug,Feature,0.78,9.86,Bob,5.85
SP0960,32.49,28.05,68.85,4.86,35.43,2.37,1.09,0.59,Bob,32.53,7.32,29.4,5.28,2.36,125.09,0.23,ISS0164,Story,Medium,3.9,2.21,Fix bug,7.76,62.02,23.35,5.25,2.22,0.04,Code cleanup,Critical bug,Performance,7.97,8.35,David,16.7
SP0814,75.5,21.23,47.14,10.35,44.14,1.88,-0.44,0.35,Alice,45.53,34.72,45.3,7.98,3.68,173.0,-0.2,ISS0113,Story,Medium,9.52,8.53,Fix bug,12.79,55.89,27.61,3.6,1.07,0.72,Fix bug,Tech debt,Bug,20.88,9.22,Carol,10.33
SP0857,36.29,32.99,84.28,7.87,43.65,0.38,12.32,-0.25,Alice,34.61,35.58,31.06,5.97,3.89,140.97,0.62,ISS0246,Task,High,14.03,-3.39,Update UI,1.57,35.77,26.23,3.47,3.14,-0.33,Develop feature,User request,Feature,13.21,11.33,David,16.17
SP0720,27.07,40.31,100.39,4.09,56.12,1.77,3.6,-0.11,Carol,41.39,29.18,43.39,4.22,1.55,-1.94,0.26,ISS0080,Story,Low,13.08,7.44,Add feature,16.55,63.77,37.2,1.44,3.02,0.46,Develop feature,Tech debt,Performance,19.76,0.65,Alice,3.11
SP0709,71.42,40.61,86.94,-0.89,47.48,1.85,-6.59,0.16,Bob,47.75,59.03,39.05,8.62,0.61,129.34,0.58,ISS0693,Bug,Low,10.01,6.7,Add feature,20.0,46.26,29.59,2.49,1.77,-0.03,Develop feature,New module,Feature,13.95,11.3,Alice,23.42
SP0220,50.64,29.97,45.08,1.06,77.33,1.66,-4.54,0.56,Carol,27.75,47.73,41.18,5.11,-0.79,33.66,-0.0,ISS0987,Story,Low,6.68,6.25,Refactor code,22.38,34.78,30.93,1.15,2.26,0.42,Develop feature,User request,Feature,9.95,4.92,Bob,7.06
SP0796,67.46,54.43,93.13,1.5,42.5,0.95,0.33,-0.93,David,50.59,18.2,37.32,4.11,3.3,141.87,0.67,ISS0263,Bug,Medium,10.39,0.42,Refactor code,25.42,22.6,14.86,2.63,1.09,0.54,Improve performance,Tech debt,Performance,10.29,7.85,Bob,-4.6
SP0838,59.85,56.39,87.92,5.58,39.51,2.68,4.01,0.4,Bob,40.31,13.34,40.18,4.11,3.95,226.87,0.93,ISS0883,Story,High,8.84,12.42,Refactor code,19.31,50.74,30.41,1.6,1.09,0.46,Fix bug,Tech debt,Bug,17.99,3.88,David,11.16
SP0927,70.11,60.72,66.2,0.52,54.17,0.63,4.54,-0.2,David,34.36,46.74,42.8,3.3,2.69,80.3,1.58,ISS0102,Story,Low,6.92,5.53,Update UI,13.17,27.88,16.47,0.4,3.24,0.29,Fix bug,New module,Performance,15.52,0.04,Alice,6.17
SP0994,30.97,37.23,54.99,2.05,43.6,-0.62,1.01,-0.24,Bob,53.29,43.71,32.7,5.31,2.93,100.86,-0.32,ISS0882,Task,High,7.59,6.95,Update UI,27.05,38.51,22.87,-0.92,2.43,-0.4,Develop feature,Tech debt,Bug,14.07,6.63,David,15.47
SP0377,46.55,43.97,93.51,4.24,50.09,1.8,-0.63,0.0,David,40.37,60.58,29.77,12.27,3.58,49.83,-0.08,ISS0280,Task,High,14.4,7.83,Update UI,11.57,17.09,31.36,1.27,1.22,0.59,Fix bug,Tech debt,Performance,10.68,8.8,Alice,17.35
SP0990,78.68,42.49,115.28,1.67,53.1,3.46,9.49,0.35,Bob,23.68,41.7,21.11,7.3,2.22,135.85,0.31,ISS0443,Story,Medium,18.72,6.23,Update UI,17.53,52.69,27.66,0.09,0.94,0.78,Code cleanup,Tech debt,Feature,13.29,7.04,Alice,15.58
SP0271,52.7,17.02,78.95,5.59,22.84,1.62,0.89,-0.09,Carol,47.89,60.44,29.16,2.1,1.7,158.46,0.79,ISS0966,Task,High,20.84,11.31,Update UI,5.17,49.04,22.53,2.83,2.37,0.18,Fix bug,New module,Bug,7.14,6.06,David,13.89
SP0739,27.25,28.96,58.33,4.07,53.85,1.69,-3.77,0.51,Carol,64.6,42.83,49.07,4.9,0.39,140.42,1.45,ISS0941,Story,High,13.39,6.0,Fix bug,3.94,27.6,30.83,3.56,0.27,0.74,Fix bug,Critical bug,Refactor,10.53,6.77,Alice,13.9
SP0318,20.23,38.13,75.73,5.32,69.49,3.8,5.65,0.4,Carol,40.23,47.83,43.6,5.62,3.87,193.32,0.54,ISS0532,Task,High,11.8,6.37,Add feature,17.81,31.96,24.33,-1.1,3.34,-0.14,Improve performance,Critical bug,Performance,9.1,5.96,David,16.35
SP0439,36.42,10.22,95.03,8.39,61.2,0.28,-5.06,-0.2,David,56.53,71.77,40.43,7.57,3.43,47.99,1.28,ISS0995,Task,Low,16.78,4.93,Fix bug,23.55,24.21,23.11,1.11,1.61,0.05,Fix bug,User request,Refactor,5.05,11.13,Carol,18.41
SP0784,81.16,20.96,91.67,3.19,30.85,-1.95,5.82,0.49,Alice,58.41,29.55,35.74,4.13,5.03,43.46,0.44,ISS0918,Story,High,21.86,7.94,Add feature,17.16,25.71,24.34,-0.6,-0.29,0.75,Code cleanup,Critical bug,Refactor,17.52,5.22,David,14.37
SP0492,32.25,30.41,52.36,6.61,62.41,2.86,0.27,0.49,Bob,42.86,48.05,46.79,9.59,2.51,139.96,0.51,ISS0055,Story,High,15.83,7.44,Fix bug,12.84,30.23,37.8,0.91,-0.39,0.43,Improve performance,New module,Performance,19.65,8.1,Alice,6.01
SP0510,45.62,50.63,68.74,1.34,92.19,2.06,-3.23,-0.76,David,33.1,49.84,40.88,2.51,1.75,159.78,0.72,ISS0118,Bug,High,10.99,7.3,Add feature,10.38,18.03,36.13,0.89,1.56,0.6,Fix bug,Tech debt,Refactor,5.88,5.67,Bob,12.22
SP0776,34.53,18.79,83.04,8.84,44.36,2.21,2.15,0.42,David,26.78,29.12,28.01,1.61,3.43,73.18,0.7,ISS0779,Bug,Low,15.75,9.3,Fix bug,16.12,37.0,33.11,-0.36,2.42,0.17,Fix bug,Critical bug,Refactor,6.75,5.91,Alice,13.72
SP0293,56.3,48.66,37.21,4.76,80.64,1.06,0.74,-0.14,Alice,57.39,62.34,22.79,4.11,1.35,98.43,0.04,ISS0148,Task,Medium,8.28,5.11,Add feature,13.91,35.23,40.16,0.34,2.62,0.4,Code cleanup,Critical bug,Feature,18.22,6.92,Carol,8.32
SP0781,25.69,30.43,70.8,11.15,74.26,2.64,1.3,0.32,Alice,34.35,41.93,37.47,4.75,0.24,111.11,0.5,ISS0563,Task,High,10.08,12.48,Update UI,8.03,47.52,27.98,2.66,1.35,0.1,Improve performance,User request,Refactor,13.34,6.05,David,23.39
SP0709,32.71,-1.12,94.16,8.43,57.66,2.94,-1.1,-0.38,Alice,37.57,42.55,48.72,1.8,0.65,37.39,0.79,ISS0538,Story,High,9.74,5.03,Add feature,14.15,49.51,22.19,-0.24,2.02,1.06,Code cleanup,New module,Refactor,7.84,8.31,Bob,16.18
SP0373,52.3,34.02,53.79,4.69,73.54,1.36,2.59,-0.66,Alice,54.02,55.38,49.11,1.58,2.11,11.26,1.03,ISS0576,Task,Medium,12.47,4.09,Update UI,13.29,26.54,35.28,2.8,1.99,1.09,Develop feature,New module,Feature,12.57,8.7,Bob,17.8
SP0524,21.19,28.76,113.86,4.97,39.7,2.01,5.56,0.65,Alice,21.9,55.0,29.56,1.83,2.3,42.3,0.32,ISS0725,Story,High,7.5,5.93,Fix bug,18.57,25.84,16.56,2.61,2.08,-0.45,Code cleanup,Critical bug,Refactor,7.81,4.65,David,9.29
SP0320,51.53,44.4,84.49,0.34,53.63,4.36,7.54,-0.49,David,51.64,36.5,32.49,0.72,0.86,139.33,0.38,ISS0609,Story,Medium,14.51,3.48,Add feature,5.78,40.98,27.31,3.83,2.48,0.41,Develop feature,Critical bug,Feature,18.08,15.77,David,13.83
SP0863,57.07,18.78,78.75,0.63,49.52,1.03,1.47,-1.34,Bob,26.56,21.86,26.49,4.03,2.78,156.1,1.16,ISS0143,Task,Medium,19.08,10.59,Update UI,20.66,49.76,26.14,1.18,3.82,0.38,Improve performance,Critical bug,Performance,9.83,7.35,Alice,7.89
SP0813,59.27,30.22,91.19,4.61,57.42,1.76,9.3,0.22,Bob,28.12,51.64,16.31,3.22,0.87,250.83,0.32,ISS0811,Bug,Medium,17.78,12.44,Refactor code,22.19,42.96,15.17,-0.35,1.14,0.02,Develop feature,Tech debt,Refactor,11.49,10.36,David,7.05
SP0572,35.7,43.44,48.6,8.91,52.04,3.14,-0.87,0.24,David,48.16,39.84,38.2,2.44,4.89,157.9,0.87,ISS0355,Bug,Medium,8.38,6.48,Refactor code,13.67,48.67,27.46,1.4,1.82,0.44,Fix bug,New module,Refactor,11.33,8.65,David,12.75
SP0933,47.94,15.55,67.95,3.95,55.14,1.02,-5.01,-0.47,Alice,26.58,40.49,39.73,3.84,1.82,184.26,0.83,ISS0706,Task,Medium,18.76,10.85,Refactor code,17.27,42.55,29.16,4.68,1.63,0.28,Code cleanup,New module,Refactor,8.52,6.12,David,17.4
SP0815,42.35,49.22,65.41,4.06,69.25,2.72,-0.73,0.61,Alice,37.56,32.07,32.94,8.71,0.78,183.87,0.24,ISS0734,Task,Low,6.33,11.34,Fix bug,11.03,23.67,17.27,-0.19,1.24,0.2,Develop feature,New module,Feature,9.27,9.68,Bob,25.24
SP0498,70.08,42.27,66.38,10.8,61.62,-0.2,3.13,-0.14,Bob,33.38,57.88,43.21,3.78,1.54,229.12,0.11,ISS0768,Task,Medium,17.68,9.04,Fix bug,10.25,15.32,19.89,0.83,1.23,0.46,Improve performance,New module,Performance,5.66,6.35,David,9.95
SP0669,37.04,36.77,77.08,4.5,58.59,0.87,-2.96,-0.06,Bob,50.0,45.54,46.17,5.43,2.12,58.93,0.29,ISS0719,Task,High,13.25,5.77,Add feature,12.92,39.58,37.08,3.14,1.24,0.79,Improve performance,Critical bug,Refactor,9.2,6.4,Carol,14.42
SP0748,41.79,38.06,61.47,5.5,32.54,0.42,1.39,0.63,Bob,43.11,23.39,35.63,2.53,2.49,96.55,0.23,ISS0159,Bug,Medium,14.32,8.04,Fix bug,24.18,23.68,33.79,2.84,2.85,0.21,Fix bug,User request,Bug,9.03,6.77,Carol,21.42
SP0548,57.35,52.76,79.63,1.45,62.06,3.16,5.38,0.3,Bob,39.08,37.35,53.36,2.9,3.08,207.89,-0.6,ISS0208,Story,Low,16.02,10.8,Refactor code,24.73,29.23,30.09,1.46,2.18,0.9,Code cleanup,New module,Performance,7.18,0.47,Alice,13.49
SP0231,96.64,45.26,8.94,5.75,59.91,1.25,2.34,0.44,David,30.39,60.25,24.46,5.26,3.97,183.69,0.39,ISS0730,Task,High,12.88,6.18,Add feature,10.2,29.1,25.53,2.81,0.57,0.01,Code cleanup,Critical bug,Refactor,18.89,2.64,Alice,9.12
SP0146,40.3,42.63,63.41,7.38,60.0,2.4,3.14,0.05,David,29.31,32.55,30.08,2.2,0.07,107.49,0.85,ISS0930,Task,High,7.55,8.03,Update UI,19.43,45.7,20.33,1.61,2.19,-0.15,Code cleanup,User request,Refactor,1.78,8.01,Carol,13.49
SP0408,92.26,21.92,50.25,12.15,43.31,1.36,2.43,0.29,Alice,19.88,40.47,42.06,9.01,2.31,220.09,1.29,ISS0149,Story,Low,14.32,2.23,Refactor code,15.95,26.69,16.04,5.09,2.15,0.06,Improve performance,Tech debt,Bug,8.89,11.12,Carol,13.54
SP0753,26.34,65.29,60.86,4.2,52.78,3.83,12.11,-0.64,Carol,50.19,18.24,21.26,6.19,-1.23,188.54,0.51,ISS0167,Task,Medium,14.24,3.58,Add feature,17.35,53.42,27.52,1.73,1.31,0.27,Improve performance,Tech debt,Refactor,9.71,7.32,David,10.47
SP0829,64.27,53.67,33.1,6.0,44.93,2.46,4.91,0.14,Bob,45.47,37.6,38.07,8.39,0.62,166.2,0.46,ISS0809,Bug,High,22.88,8.25,Refactor code,17.34,21.71,30.27,2.52,1.16,-0.65,Improve performance,Tech debt,Feature,13.59,6.66,Carol,15.18
SP0740,67.38,47.66,31.9,6.26,56.22,1.86,7.17,0.45,David,42.26,51.96,41.44,4.3,3.36,97.26,-0.12,ISS0046,Bug,Low,10.99,4.57,Update UI,8.44,34.23,32.38,1.6,1.04,0.8,Code cleanup,User request,Bug,6.21,6.55,Carol,12.94
SP0868,63.17,33.84,82.33,5.44,63.83,0.43,0.33,0.54,David,27.41,14.63,18.34,4.31,1.45,141.66,0.49,ISS0760,Story,Medium,12.54,8.67,Add feature,9.46,34.44,23.32,0.6,2.42,-0.29,Fix bug,Tech debt,Bug,15.14,4.36,Alice,13.68
SP0689,23.25,50.22,61.61,0.19,67.92,4.73,0.38,1.33,Carol,33.63,32.47,33.05,7.09,0.47,98.03,0.55,ISS0792,Task,Low,15.69,6.16,Fix bug,26.51,49.15,33.76,0.93,2.94,0.32,Improve performance,New module,Refactor,16.27,1.32,Carol,16.32
SP0347,71.28,28.82,38.97,6.31,55.51,1.92,-3.31,-0.26,David,42.56,28.17,44.75,3.17,1.75,48.39,-0.71,ISS0969,Story,High,7.94,9.04,Update UI,7.38,30.75,29.59,1.21,1.51,0.08,Fix bug,Critical bug,Bug,3.35,7.33,Carol,18.07
SP0256,52.58,25.58,77.81,7.63,29.16,0.08,2.98,0.23,Bob,42.78,39.94,23.83,0.81,2.78,122.21,0.6,ISS0631,Bug,High,15.41,8.09,Fix bug,8.28,39.36,27.46,-0.0,2.57,0.67,Fix bug,Critical bug,Performance,16.04,5.2,Bob,1.14
SP0592,37.41,42.03,87.24,4.69,63.51,0.21,0.13,0.76,Alice,51.48,56.29,35.62,6.09,2.0,129.87,0.83,ISS0453,Story,High,17.38,6.22,Add feature,21.56,38.89,28.53,2.71,0.73,1.24,Improve performance,Tech debt,Feature,15.24,13.76,Alice,17.86
SP0876,35.94,50.59,71.68,1.52,65.54,3.38,-2.48,0.25,Alice,38.56,37.27,29.75,7.31,2.47,74.06,-0.17,ISS0333,Task,Medium,0.92,10.09,Fix bug,8.57,25.45,26.25,0.22,1.19,1.19,Code cleanup,User request,Refactor,14.65,11.1,Carol,-0.96
SP0166,51.15,24.09,81.57,6.1,67.05,1.54,2.73,0.55,Bob,56.19,26.5,29.32,5.82,2.75,176.34,0.55,ISS0483,Task,Medium,10.5,5.09,Update UI,22.04,43.97,27.79,1.5,2.51,0.45,Develop feature,Critical bug,Performance,19.0,2.83,David,17.26
SP0715,31.53,47.03,55.65,1.13,21.83,0.79,-1.9,0.82,David,35.41,74.43,36.13,6.1,2.74,159.27,0.21,ISS0876,Story,Medium,12.97,6.5,Fix bug,24.46,44.36,24.34,3.44,2.84,-0.04,Develop feature,New module,Bug,10.5,13.02,Alice,23.37
SP0587,65.33,47.26,57.02,8.49,73.45,0.44,5.03,0.46,Carol,46.3,30.89,43.4,2.39,1.51,180.92,1.07,ISS0992,Task,Medium,13.8,9.37,Add feature,12.33,61.02,27.02,0.28,0.58,-0.23,Improve performance,Critical bug,Bug,17.48,6.09,Alice,13.1
SP0246,34.72,30.58,81.14,2.87,74.3,3.5,5.58,0.16,Bob,40.24,17.34,38.56,6.43,2.83,109.1,0.22,ISS0854,Task,Low,5.72,8.33,Fix bug,10.4,30.31,35.23,2.6,1.83,-0.2,Develop feature,Critical bug,Performance,13.12,1.05,David,11.09
SP0071,36.71,28.57,97.32,2.93,36.53,-1.06,3.07,-0.23,Bob,39.22,47.42,43.25,5.81,1.18,192.84,1.36,ISS0758,Bug,Medium,10.92,3.67,Fix bug,17.55,30.9,23.05,2.15,-0.09,0.19,Develop feature,User request,Refactor,8.17,5.93,Bob,24.93
SP0564,76.72,47.95,65.85,6.08,61.48,-0.65,11.45,-0.08,David,34.6,41.81,21.61,3.53,1.34,166.34,1.05,ISS0613,Story,High,14.28,3.23,Refactor code,20.91,45.52,26.73,0.97,1.35,-0.02,Develop feature,Tech debt,Feature,12.45,3.26,Alice,22.13
SP0817,46.39,50.69,55.21,1.86,52.89,5.9,6.28,-0.68,Carol,52.73,54.6,50.84,3.93,-0.86,139.72,0.57,ISS0229,Bug,High,3.71,8.97,Update UI,12.6,34.57,27.49,3.92,1.67,-0.55,Improve performance,User request,Refactor,6.74,7.08,David,7.49
SP0240,51.66,45.01,46.44,4.88,48.5,-1.15,8.92,0.21,David,12.53,20.78,28.02,0.95,3.3,104.8,0.43,ISS0269,Bug,Medium,2.73,7.99,Fix bug,12.32,46.79,21.97,-0.4,2.04,-0.25,Develop feature,User request,Feature,15.34,7.93,Alice,10.46
SP0046,59.46,30.46,58.72,4.26,45.54,1.6,-0.66,-0.74,Bob,65.09,35.22,47.62,2.06,1.89,24.2,1.15,ISS0156,Task,Low,3.88,10.78,Update UI,10.76,33.05,32.89,0.51,2.3,0.58,Fix bug,Critical bug,Bug,3.99,2.36,Bob,10.36
SP0192,56.6,48.63,55.24,2.7,42.25,1.85,-3.68,0.21,Bob,44.27,59.96,26.05,3.08,1.76,60.6,0.17,ISS0676,Bug,Low,6.7,3.93,Add feature,19.46,45.93,32.09,1.58,2.51,-0.42,Fix bug,User request,Performance,12.0,5.49,David,16.76
SP0647,54.15,12.96,110.88,1.53,34.63,1.93,6.72,-0.16,Bob,39.64,22.31,36.66,5.26,2.2,162.47,0.2,ISS0912,Bug,Medium,7.78,0.87,Refactor code,8.48,41.3,28.6,1.73,0.38,0.45,Develop feature,User request,Bug,10.19,4.39,Carol,24.54
SP0227,25.47,13.96,66.66,3.09,47.53,0.73,0.29,0.54,Alice,48.62,58.97,41.11,2.84,3.97,78.15,0.03,ISS0065,Story,Medium,7.52,3.18,Add feature,13.01,49.42,23.12,2.45,2.85,0.16,Fix bug,Critical bug,Performance,6.69,3.42,Bob,8.75
SP0410,36.29,33.58,84.26,1.37,5.81,3.15,-8.11,0.4,Carol,38.32,16.16,43.26,3.31,0.75,128.73,0.48,ISS0248,Story,Medium,10.39,7.63,Fix bug,29.83,14.61,26.0,0.06,2.85,0.6,Develop feature,Tech debt,Performance,10.58,9.03,Alice,10.93
SP0913,9.97,38.58,87.82,4.73,19.77,2.41,4.59,0.11,Bob,43.1,14.75,38.05,9.01,4.94,189.76,-0.63,ISS0104,Bug,Low,13.29,1.79,Fix bug,17.97,53.81,19.37,1.68,1.15,1.0,Develop feature,User request,Bug,13.89,9.42,David,14.07
SP0986,45.69,55.86,51.84,4.33,59.72,1.34,4.77,-0.1,Alice,58.91,66.63,31.99,6.16,5.22,99.03,0.51,ISS0773,Bug,Low,16.12,-0.18,Update UI,11.41,35.39,34.62,1.14,1.82,0.51,Fix bug,User request,Bug,14.47,5.41,Alice,25.43
SP0107,42.61,39.14,52.83,3.0,58.37,2.68,5.35,0.41,David,38.44,36.96,29.39,2.84,1.04,132.15,1.1,ISS0262,Task,Low,9.08,9.49,Fix bug,24.48,36.4,25.17,5.02,4.06,-0.32,Develop feature,Critical bug,Feature,17.94,11.52,Carol,10.73
SP0178,59.32,17.92,44.78,5.51,58.49,1.19,-2.09,0.03,David,51.85,31.7,48.83,4.01,3.77,75.42,0.72,ISS0112,Task,Medium,13.81,9.38,Fix bug,12.07,23.87,16.37,1.78,2.7,0.37,Code cleanup,Critical bug,Bug,9.11,9.36,David,24.31
SP0321,61.69,34.44,130.04,3.59,63.61,4.83,-4.93,-0.21,David,44.73,51.41,33.07,6.06,3.09,196.15,-0.3,ISS0155,Task,Medium,12.1,10.17,Add feature,11.32,27.81,22.33,1.86,2.43,0.46,Develop feature,Critical bug,Refactor,10.18,3.61,Alice,22.33
SP0420,44.81,30.84,85.74,2.93,60.56,0.25,3.06,0.33,Carol,26.13,68.34,29.52,8.82,4.35,141.14,-0.67,ISS0727,Story,High,5.32,6.47,Refactor code,17.72,37.2,19.34,-0.29,3.46,-0.27,Improve performance,New module,Performance,9.48,9.21,Carol,11.14
SP0546,53.06,20.75,89.06,5.37,69.64,2.18,5.58,-0.62,Bob,52.04,41.36,29.5,9.06,0.73,106.51,0.05,ISS0602,Story,Low,19.03,9.04,Update UI,16.89,53.67,20.92,1.64,1.55,0.7,Fix bug,User request,Feature,6.68,2.49,Carol,12.17
SP0799,44.58,11.36,75.83,3.34,37.07,2.13,7.24,-0.4,Alice,47.09,56.4,39.86,8.81,2.71,220.13,0.92,ISS0536,Bug,Low,14.79,9.56,Fix bug,9.83,65.52,25.1,1.65,2.32,0.29,Code cleanup,Tech debt,Feature,10.77,5.73,Bob,13.59
SP0522,66.28,49.56,68.77,-3.69,55.56,3.41,2.52,-0.03,David,39.46,63.57,33.67,5.48,-0.35,218.44,0.92,ISS0322,Task,High,18.7,9.22,Add feature,10.64,44.52,29.81,1.31,1.37,0.07,Improve performance,User request,Performance,9.83,10.4,Alice,8.71
SP0423,58.48,39.21,76.24,4.77,51.05,3.15,7.43,0.16,David,39.28,33.62,35.83,4.46,2.35,149.82,0.7,ISS0597,Story,High,21.53,0.83,Update UI,19.47,28.24,19.55,3.4,2.0,-0.27,Improve performance,New module,Feature,5.08,7.42,Carol,16.35
SP0856,61.51,49.68,46.26,3.39,26.83,-2.4,6.73,0.28,Bob,54.09,48.55,18.92,3.73,4.74,147.63,1.62,ISS0332,Task,Low,10.99,-0.49,Update UI,11.69,34.61,30.63,3.67,2.83,-0.15,Develop feature,New module,Bug,9.57,9.37,Bob,16.54
SP0406,70.62,69.85,72.55,3.48,40.4,1.82,-3.21,0.51,David,54.39,39.99,26.63,6.56,0.42,66.1,0.59,ISS0302,Bug,High,11.31,7.45,Fix bug,14.13,26.56,24.53,2.48,2.85,0.13,Improve performance,User request,Performance,7.98,3.62,Bob,7.09
SP0607,45.28,52.63,102.58,1.18,43.85,2.66,16.53,0.58,David,37.98,70.79,39.79,3.8,4.78,76.64,1.0,ISS0376,Story,Low,4.74,8.91,Add feature,14.43,40.3,27.36,-0.12,4.74,0.74,Code cleanup,Tech debt,Refactor,15.1,4.38,David,9.0
SP0721,34.64,41.2,45.65,3.19,49.12,1.58,3.38,1.12,Bob,24.14,26.91,31.93,4.28,3.73,88.94,0.48,ISS0016,Story,High,13.84,3.96,Refactor code,16.89,33.66,27.25,-1.19,2.38,-0.03,Code cleanup,Critical bug,Refactor,14.46,7.87,Carol,18.36
SP0928,67.69,30.51,89.98,2.74,46.78,3.35,6.92,-0.22,David,51.6,60.94,45.06,9.1,2.11,98.53,0.26,ISS0557,Bug,Low,6.05,7.71,Fix bug,16.8,27.42,37.2,1.36,2.43,0.35,Improve performance,New module,Bug,2.83,5.36,Carol,16.5
SP0629,60.69,34.08,80.7,4.72,53.98,1.94,4.43,0.37,Bob,37.15,26.7,36.69,6.58,0.59,117.45,1.03,ISS0427,Story,High,7.79,13.8,Add feature,13.72,25.29,25.36,0.93,-0.27,-0.12,Improve performance,Critical bug,Performance,6.76,14.85,Carol,16.89
SP0036,61.23,37.96,84.47,0.54,71.91,0.69,1.74,0.02,Carol,40.49,31.56,22.01,3.95,0.17,194.28,0.29,ISS0813,Task,Low,9.86,9.8,Update UI,10.7,15.31,25.59,2.82,3.81,0.16,Improve performance,User request,Refactor,1.5,3.51,Carol,12.14
SP0638,37.45,60.97,70.92,9.63,48.21,3.8,-3.64,-0.13,David,29.12,25.85,9.14,2.78,2.23,66.43,0.32,ISS0511,Bug,Medium,15.32,9.13,Fix bug,12.06,32.15,27.62,3.34,4.12,0.46,Code cleanup,Critical bug,Bug,7.13,8.36,Carol,11.76
SP0271,45.14,35.81,66.33,2.34,19.37,1.53,-0.72,0.87,Bob,37.05,57.73,43.34,3.28,2.14,209.88,0.48,ISS0965,Bug,High,6.11,5.92,Refactor code,6.96,50.16,20.54,3.02,2.13,1.0,Improve performance,User request,Feature,-3.0,4.98,Alice,3.7
SP0212,48.18,41.7,59.68,-1.74,59.66,2.72,-5.48,0.64,Bob,51.01,48.55,30.29,4.73,1.1,89.45,1.44,ISS0715,Bug,Low,13.44,8.34,Fix bug,24.0,34.21,39.26,2.26,3.45,0.48,Develop feature,New module,Feature,8.4,7.91,Carol,15.23
SP0606,87.88,55.88,82.59,9.63,40.52,0.44,-2.08,-0.1,Carol,30.88,25.72,43.51,2.63,1.17,102.54,0.96,ISS0212,Task,Low,2.53,7.79,Fix bug,20.44,47.49,30.48,4.12,2.4,-0.77,Code cleanup,Tech debt,Performance,14.59,6.28,Carol,10.6
SP0686,56.75,11.07,68.33,6.9,57.61,3.62,2.14,-0.27,Alice,38.68,19.04,46.53,5.06,1.79,93.18,0.18,ISS0516,Task,Medium,16.1,13.58,Fix bug,7.24,11.98,33.87,3.02,1.42,0.45,Develop feature,Critical bug,Bug,16.14,8.99,David,13.26
SP0026,53.63,38.94,86.88,7.36,81.87,4.38,-6.36,0.44,Carol,12.95,79.31,53.79,5.39,5.12,202.94,0.73,ISS0404,Bug,High,13.35,9.03,Add feature,12.32,48.59,36.5,1.72,3.51,0.34,Develop feature,Critical bug,Feature,7.06,5.03,Bob,13.88
SP0612,56.88,21.34,53.43,3.16,28.14,2.26,-4.2,-0.4,Alice,36.89,38.24,40.35,1.07,1.37,171.62,1.07,ISS0963,Task,Low,10.77,7.96,Update UI,16.16,36.47,35.04,5.39,-1.34,0.0,Code cleanup,Critical bug,Bug,13.58,3.59,Carol,18.53
SP0061,43.97,16.44,61.26,8.16,80.18,3.79,3.8,0.43,Bob,50.43,51.11,29.62,4.44,4.3,79.27,1.22,ISS0095,Story,Medium,17.44,4.01,Update UI,21.64,36.62,21.2,2.26,3.74,-0.2,Fix bug,Tech debt,Performance,19.44,10.69,Bob,14.75
SP0189,71.65,49.92,48.41,-0.74,58.79,0.25,8.74,-0.33,Carol,36.26,52.27,38.99,10.98,3.31,124.96,0.12,ISS0931,Bug,High,12.84,7.38,Fix bug,15.89,49.87,21.86,5.23,4.91,-0.07,Develop feature,Critical bug,Feature,9.08,12.38,Alice,3.97
SP0704,55.37,41.33,54.65,3.58,68.13,3.95,-2.41,0.65,David,43.63,51.12,26.15,6.07,1.23,169.91,0.53,ISS0312,Task,Medium,1.68,8.01,Update UI,24.46,47.98,27.03,1.28,1.98,-0.59,Develop feature,Critical bug,Performance,15.38,15.75,Bob,17.89
SP0341,40.32,48.82,80.97,3.12,60.78,1.32,8.26,-0.56,Carol,48.63,50.12,43.93,8.72,1.65,127.17,0.92,ISS0748,Task,High,17.17,11.17,Fix bug,13.6,34.79,26.69,1.39,1.49,0.79,Fix bug,New module,Feature,10.1,5.13,Carol,5.81
SP0273,28.47,44.7,51.82,8.79,80.36,3.24,0.07,0.58,Bob,35.28,59.39,37.79,6.59,0.15,168.96,0.27,ISS0849,Task,Low,10.98,9.11,Fix bug,20.45,30.65,25.72,1.75,-0.46,-0.03,Code cleanup,User request,Performance,6.04,8.6,Bob,16.41
SP0647,32.68,25.37,79.53,3.55,79.9,0.2,6.81,0.39,Carol,37.83,55.65,33.84,5.74,1.55,229.0,0.06,ISS0797,Bug,Medium,11.57,3.44,Refactor code,1.49,30.02,32.25,2.31,2.6,0.24,Code cleanup,Critical bug,Bug,12.22,7.68,David,23.68
SP0806,33.25,7.06,56.26,6.54,39.42,2.45,1.35,-0.13,David,57.11,18.48,18.57,5.59,0.93,189.95,0.93,ISS0920,Story,Low,12.35,8.53,Update UI,4.9,43.79,17.89,2.2,2.96,0.16,Code cleanup,Critical bug,Bug,10.83,5.16,Alice,10.98
SP0875,52.0,50.07,47.48,5.52,57.71,-0.33,-7.83,0.22,Carol,51.25,49.1,26.66,5.23,2.91,181.06,0.23,ISS0603,Bug,Medium,12.17,11.35,Update UI,12.96,19.71,33.47,-0.22,2.46,-0.35,Fix bug,Critical bug,Feature,9.99,7.83,Bob,11.81
SP0511,36.44,39.57,103.26,1.51,31.7,3.47,-0.1,0.33,Bob,51.76,51.71,27.16,6.33,1.7,111.11,0.09,ISS0596,Story,High,10.89,2.4,Refactor code,14.43,38.67,24.64,4.65,2.28,-0.46,Fix bug,User request,Feature,12.61,7.18,David,22.94
SP0029,49.57,16.53,66.92,2.85,46.0,1.27,7.43,-0.55,Carol,20.41,34.1,32.14,2.37,0.84,80.2,0.12,ISS0174,Bug,Low,7.14,5.34,Fix bug,12.4,31.02,32.85,2.49,1.02,0.23,Fix bug,Critical bug,Bug,13.5,5.93,Carol,5.02
SP0036,63.34,51.17,35.24,3.17,36.31,1.84,3.39,0.07,Carol,19.89,12.86,38.86,-0.16,1.7,152.33,0.41,ISS0574,Task,High,8.92,16.74,Update UI,13.26,32.14,21.61,4.24,-0.53,0.77,Improve performance,Critical bug,Performance,9.44,7.86,Alice,6.32
SP0522,31.29,27.11,53.03,3.02,49.04,3.14,1.26,-0.09,Alice,27.08,59.02,39.73,3.77,-2.79,132.64,0.61,ISS0884,Story,Low,11.48,5.76,Add feature,6.66,24.95,26.29,2.24,1.26,-0.38,Fix bug,Tech debt,Refactor,17.49,5.11,Bob,9.44
SP0491,46.26,32.99,45.75,1.2,105.86,0.01,17.69,0.0,David,45.16,28.56,35.36,4.32,1.18,98.55,0.8,ISS0744,Task,Low,16.22,6.56,Add feature,17.12,52.58,28.16,0.71,3.81,1.53,Fix bug,Tech debt,Performance,16.12,11.41,Bob,17.0
SP0577,54.67,41.84,57.36,8.23,84.59,2.48,4.66,0.43,Alice,63.23,28.3,35.52,5.48,3.4,132.88,1.06,ISS0650,Bug,High,11.03,1.0,Update UI,6.41,37.09,15.94,3.55,4.28,-0.37,Improve performance,User request,Bug,3.9,8.16,Carol,13.52
SP0429,41.35,53.08,59.25,7.16,47.09,-0.09,-0.91,1.04,Bob,48.77,39.23,38.54,1.52,3.73,106.84,-0.17,ISS0686,Bug,Low,14.74,10.66,Update UI,25.22,63.44,21.76,2.89,0.21,0.76,Fix bug,Tech debt,Feature,20.27,6.33,Alice,16.25
SP0541,32.76,34.4,81.44,2.22,15.19,3.51,1.2,0.02,David,37.35,33.81,38.59,7.23,0.6,269.3,0.67,ISS0874,Story,High,0.81,7.58,Add feature,21.37,21.2,39.73,4.36,4.82,0.01,Develop feature,Critical bug,Refactor,9.0,6.98,Bob,11.83
SP0049,34.41,25.51,76.71,2.67,57.15,3.46,5.25,0.84,Alice,25.86,35.76,20.2,8.84,1.81,-24.44,1.15,ISS0050,Task,High,8.27,3.39,Fix bug,13.76,35.51,31.21,3.12,3.23,0.24,Improve performance,User request,Refactor,8.97,7.87,Carol,-1.38
SP0516,34.68,30.17,60.88,-0.98,7.89,2.72,5.0,0.78,Carol,32.17,49.21,40.02,9.97,1.48,97.95,1.27,ISS0609,Bug,High,7.24,4.1,Fix bug,17.85,33.14,20.72,1.07,3.71,0.65,Develop feature,Critical bug,Refactor,9.46,1.47,David,8.77
SP0413,53.58,82.04,80.78,1.31,52.5,1.84,9.53,0.04,Alice,41.78,49.77,34.51,4.75,1.68,225.85,0.1,ISS0053,Bug,Low,7.46,2.42,Update UI,19.86,46.41,21.5,2.0,1.83,-0.47,Improve performance,Tech debt,Feature,7.1,8.91,Alice,14.54
SP0629,43.37,47.5,52.02,5.69,29.27,2.4,5.91,-0.34,Alice,42.41,32.43,44.37,7.3,2.7,166.15,0.87,ISS0411,Story,Low,14.43,9.34,Add feature,18.02,31.27,16.97,-0.22,2.51,0.53,Code cleanup,User request,Performance,11.55,6.96,Bob,21.3
SP0975,39.5,44.2,44.16,11.31,33.75,-0.05,1.82,-0.92,Carol,50.73,37.91,33.27,1.1,1.13,81.36,0.33,ISS0603,Task,Medium,11.99,3.64,Fix bug,22.85,29.51,17.37,2.77,0.17,0.16,Fix bug,Tech debt,Feature,9.5,5.28,Alice,8.95
SP0128,41.49,44.13,92.72,9.17,36.45,2.97,5.87,0.04,David,51.1,22.6,35.46,3.74,3.64,165.28,1.15,ISS0013,Story,High,13.76,5.62,Fix bug,12.35,41.5,28.19,1.58,-1.21,0.48,Improve performance,New module,Performance,12.19,11.01,Alice,16.24
SP0813,24.42,34.5,65.92,0.24,49.6,1.31,2.05,1.02,Carol,33.12,55.45,19.62,5.93,2.13,138.26,0.66,ISS0291,Task,High,12.31,2.43,Add feature,18.12,46.79,39.62,3.02,1.46,0.77,Improve performance,User request,Bug,0.88,3.98,Alice,9.79
SP0195,38.15,33.74,49.45,5.1,65.5,2.62,6.83,0.09,David,59.62,36.02,27.85,3.52,-0.8,43.03,0.82,ISS0345,Story,High,19.54,15.66,Update UI,16.87,21.54,31.09,3.51,2.66,0.24,Develop feature,Critical bug,Feature,8.54,10.37,Bob,18.98
SP0803,64.58,32.69,46.38,4.74,23.09,0.53,-1.46,-0.49,Carol,47.77,30.52,24.21,7.08,3.58,148.99,0.42,ISS0829,Story,Medium,16.23,4.2,Update UI,11.88,26.58,32.52,1.62,1.19,0.44,Fix bug,Tech debt,Performance,7.49,10.74,Alice,23.47
SP0799,69.29,36.28,49.68,1.51,43.67,0.83,4.8,0.57,Bob,27.9,56.16,45.82,5.94,0.41,102.1,-0.01,ISS0998,Task,High,7.97,6.3,Update UI,14.69,54.31,31.32,3.18,0.93,-0.43,Develop feature,User request,Refactor,15.97,5.23,Carol,18.46
SP0842,51.08,37.06,89.1,0.44,39.63,1.35,6.12,0.67,Alice,18.81,38.21,19.12,5.19,1.67,66.31,1.25,ISS0070,Task,Low,14.62,7.53,Fix bug,13.96,37.25,23.9,1.49,4.29,-0.09,Develop feature,Critical bug,Refactor,10.11,13.19,Alice,4.67
SP0904,59.0,40.06,68.53,2.9,62.78,-1.74,0.32,0.39,Bob,46.94,65.75,43.54,3.84,5.8,190.27,0.49,ISS0026,Story,Medium,13.92,9.84,Fix bug,10.27,42.89,26.45,0.81,2.94,0.74,Improve performance,Critical bug,Refactor,13.51,17.16,Carol,1.74
SP0939,51.07,42.84,81.47,10.57,34.83,0.78,13.67,-0.05,Alice,39.35,34.69,26.8,3.65,1.8,145.2,0.63,ISS0915,Bug,High,9.92,3.0,Add feature,27.56,45.33,27.04,1.86,0.44,0.86,Develop feature,Critical bug,Refactor,9.78,4.61,David,10.9
SP0369,35.58,20.92,68.23,5.46,53.26,1.27,-2.29,-0.11,Carol,27.69,50.91,26.96,6.46,1.51,128.0,0.33,ISS0281,Story,Medium,9.98,5.85,Update UI,17.41,35.81,22.79,1.61,-0.84,0.36,Code cleanup,Tech debt,Bug,7.13,6.41,Carol,12.05
SP0747,35.03,54.17,82.93,9.71,59.82,1.89,5.04,0.53,Bob,56.62,32.07,30.87,7.89,4.28,72.22,1.11,ISS0658,Bug,High,13.95,8.92,Update UI,18.74,17.76,27.02,1.7,0.51,0.03,Fix bug,Critical bug,Performance,3.39,4.56,Bob,14.47
SP0273,37.02,28.52,88.34,1.01,83.3,0.11,2.82,-0.04,David,48.96,32.61,45.81,5.17,2.43,40.87,0.56,ISS0209,Bug,Low,5.32,10.34,Refactor code,19.14,31.19,25.24,0.91,-1.07,-0.28,Fix bug,New module,Refactor,13.66,1.49,David,6.74
SP0911,56.09,26.38,49.92,4.4,65.83,0.51,-1.61,-0.56,Alice,54.1,55.39,21.08,2.31,1.7,151.1,0.36,ISS0748,Bug,High,9.97,7.64,Fix bug,20.73,53.3,34.91,4.46,0.64,1.41,Code cleanup,New module,Refactor,16.77,6.58,Carol,10.81
SP0625,21.87,51.25,54.14,0.16,79.85,0.02,1.15,0.43,Alice,36.69,62.19,35.13,5.22,1.99,152.51,0.55,ISS0345,Story,Low,13.02,7.03,Add feature,30.03,45.72,19.94,2.99,2.68,0.9,Develop feature,Critical bug,Refactor,10.31,1.08,Carol,18.69
SP0418,48.64,25.16,50.36,-0.53,49.71,3.49,10.51,0.7,Bob,46.95,47.77,26.97,2.34,0.45,130.24,0.57,ISS0095,Bug,High,15.58,9.21,Refactor code,19.93,44.68,25.92,1.58,3.45,0.05,Develop feature,Critical bug,Bug,17.97,3.61,Carol,12.59
SP0980,64.58,41.55,43.12,3.78,46.21,2.16,5.16,0.97,Alice,30.99,34.61,43.05,5.24,3.9,117.3,0.15,ISS0418,Task,Low,12.28,3.98,Refactor code,13.97,21.14,23.17,4.4,0.78,0.73,Improve performance,User request,Performance,14.72,11.36,David,12.35
SP0757,16.01,44.71,84.34,2.05,45.56,4.66,6.1,0.56,Carol,24.99,50.04,31.84,7.42,1.95,149.63,1.09,ISS0298,Task,Medium,11.79,-2.72,Refactor code,17.29,28.59,44.25,0.89,1.96,0.22,Code cleanup,Critical bug,Performance,11.0,6.52,David,18.51
SP0502,78.89,22.21,91.54,1.98,52.28,2.01,5.5,-0.58,Alice,27.18,41.23,37.68,7.77,1.02,211.83,1.04,ISS0967,Story,Medium,10.7,7.21,Add feature,21.33,48.82,33.08,2.04,4.48,0.43,Improve performance,Tech debt,Refactor,11.21,9.92,Bob,13.14
SP0997,44.37,54.09,45.56,6.24,30.46,3.25,6.49,0.3,David,7.77,27.68,32.84,-1.35,0.04,72.18,1.47,ISS0851,Bug,Medium,8.68,3.08,Add feature,10.4,45.19,42.24,0.81,2.57,0.1,Fix bug,Tech debt,Performance,15.55,4.97,Alice,21.48
SP0170,38.8,41.62,81.13,0.06,46.57,2.88,7.94,0.09,David,43.07,45.85,46.28,5.67,2.28,148.44,1.02,ISS0532,Bug,Medium,9.35,4.45,Fix bug,-3.61,42.6,30.05,0.78,1.73,0.01,Fix bug,Critical bug,Performance,20.2,3.43,David,18.52
SP0900,34.91,15.61,44.17,5.22,38.3,0.31,10.76,0.74,Alice,40.14,26.72,33.87,0.74,2.29,214.47,0.76,ISS0570,Bug,Medium,9.43,0.93,Add feature,11.05,39.38,30.94,3.31,2.97,0.87,Develop feature,User request,Feature,11.16,5.92,David,8.96
SP0084,47.74,22.2,51.83,3.36,53.2,0.83,3.43,0.4,Bob,37.34,38.3,42.89,5.16,0.08,134.19,-0.04,ISS0245,Bug,High,9.04,7.78,Add feature,14.9,44.16,27.76,0.78,2.88,-0.11,Improve performance,Tech debt,Refactor,9.93,6.11,Alice,13.86
SP0772,30.78,10.06,70.78,4.6,34.9,0.71,9.95,0.36,David,56.5,41.79,38.37,9.06,3.2,119.72,0.14,ISS0945,Story,Medium,25.02,6.66,Refactor code,12.64,42.93,34.99,2.23,2.99,0.05,Fix bug,User request,Refactor,8.0,11.79,Carol,8.12
SP0969,39.49,28.96,74.72,6.25,58.31,0.72,8.1,0.27,Carol,28.91,64.12,33.35,5.0,3.09,115.25,0.91,ISS0339,Story,Low,17.53,7.33,Fix bug,13.02,63.61,24.33,2.64,1.29,0.73,Develop feature,New module,Feature,5.97,8.15,Bob,11.43
SP0715,58.32,-12.71,74.97,3.9,68.23,0.24,1.43,1.26,David,31.95,72.57,48.03,4.98,1.93,241.9,0.94,ISS0138,Bug,High,7.25,9.24,Refactor code,13.52,23.62,27.29,3.56,2.62,0.19,Develop feature,User request,Performance,15.84,7.26,David,15.2
SP0872,60.03,25.63,53.23,1.44,29.72,2.43,0.37,-0.05,Alice,32.16,27.9,39.49,1.52,0.56,89.91,-0.18,ISS0072,Bug,Medium,15.31,2.41,Fix bug,15.86,34.96,39.28,2.01,5.06,0.54,Code cleanup,New module,Bug,21.08,3.08,David,10.49
SP0316,60.75,38.57,60.67,3.14,53.64,3.17,11.51,0.42,David,56.91,28.52,44.36,7.87,0.85,177.22,0.76,ISS0043,Story,High,4.55,7.5,Refactor code,14.91,54.32,37.39,0.09,2.28,0.24,Improve performance,New module,Refactor,7.01,-1.16,Carol,11.3
SP0572,57.49,55.67,74.56,3.29,61.02,2.52,4.76,-0.14,David,44.92,60.04,41.11,9.59,1.64,51.45,0.75,ISS0443,Bug,Medium,15.31,14.1,Update UI,7.87,26.66,37.13,0.56,4.83,0.68,Fix bug,Critical bug,Bug,14.01,1.58,David,5.09
SP0943,26.98,61.9,64.01,5.12,56.5,2.38,7.3,-0.13,Carol,55.34,40.86,35.27,13.34,0.45,175.78,0.4,ISS0101,Story,High,8.28,11.41,Add feature,2.25,37.56,29.55,1.33,5.45,0.75,Improve performance,User request,Refactor,9.8,9.32,Bob,4.98
SP0830,63.47,7.17,49.6,-0.94,72.65,0.21,-3.81,0.04,Carol,43.56,44.91,23.38,0.39,0.06,182.85,-0.08,ISS0492,Task,Low,6.69,3.67,Update UI,16.45,45.74,25.59,2.37,2.72,0.17,Fix bug,New module,Performance,4.04,8.2,Alice,19.42
SP0360,61.93,45.5,64.37,0.41,75.63,1.45,4.68,-0.48,David,70.18,67.25,45.34,4.8,2.33,189.17,0.5,ISS0258,Task,High,12.08,7.2,Fix bug,16.75,55.41,21.25,0.64,0.93,1.05,Develop feature,User request,Bug,12.21,4.95,David,15.94
SP0557,75.35,33.87,65.91,6.07,34.92,2.81,6.79,0.36,David,27.72,59.04,37.36,8.1,1.04,126.3,1.13,ISS0140,Story,Low,8.4,6.8,Update UI,14.15,39.89,20.58,2.16,1.42,-0.48,Develop feature,New module,Bug,13.23,7.19,David,20.53
SP0514,30.08,42.19,53.6,7.49,41.56,4.14,5.65,-0.67,Carol,54.69,75.21,36.51,2.09,3.76,126.61,0.05,ISS0215,Task,Low,11.14,6.97,Update UI,10.52,37.16,30.75,3.1,0.05,-0.19,Fix bug,Tech debt,Feature,14.06,4.98,David,19.02
SP0004,48.9,37.45,74.13,2.48,26.34,0.64,6.94,0.29,Bob,51.96,57.38,37.94,2.2,2.21,213.85,0.49,ISS0096,Story,High,2.17,4.48,Refactor code,11.84,29.06,22.81,1.79,1.13,0.72,Code cleanup,Tech debt,Bug,6.68,10.06,Bob,10.79
SP0955,31.12,32.29,18.47,4.38,57.74,1.52,2.47,0.39,David,30.07,43.04,45.72,5.89,-0.03,102.49,0.16,ISS0980,Task,High,13.82,9.25,Update UI,13.79,40.28,28.06,-1.19,1.44,-0.28,Develop feature,Tech debt,Bug,9.62,2.37,Alice,10.32
SP0739,61.2,43.44,53.44,-0.24,41.62,0.48,7.67,0.41,Carol,16.84,30.33,29.62,8.0,0.97,126.34,0.85,ISS0305,Story,Medium,7.52,7.8,Update UI,23.77,35.37,20.43,1.81,2.43,0.64,Develop feature,Critical bug,Performance,4.19,10.88,Carol,13.79
SP0233,53.2,19.94,101.83,3.46,13.6,3.45,5.75,-0.07,Bob,41.27,20.29,44.91,4.55,1.97,72.45,0.32,ISS0810,Task,High,8.37,1.27,Refactor code,18.49,59.25,24.28,3.62,1.93,0.35,Code cleanup,Critical bug,Refactor,10.65,3.06,Bob,12.53
SP0192,56.21,24.39,29.23,2.59,68.82,3.86,2.1,0.45,David,41.01,57.78,43.51,3.58,-0.2,52.82,0.48,ISS0330,Bug,Low,4.75,5.16,Add feature,6.56,41.25,19.12,4.76,2.68,-0.4,Improve performance,User request,Bug,18.13,10.6,David,14.12
SP0685,98.23,17.2,63.85,4.16,40.34,-0.32,-6.61,-0.28,David,31.67,41.77,43.48,6.21,-1.31,57.74,-0.28,ISS0716,Bug,Low,8.06,4.17,Refactor code,16.91,17.06,20.37,3.38,3.46,0.56,Improve performance,New module,Refactor,9.21,8.53,David,14.88
SP0428,63.17,49.3,98.32,9.19,71.14,2.03,7.26,-0.42,Carol,41.13,48.06,36.93,5.58,-0.32,70.63,1.06,ISS0680,Bug,Medium,17.17,7.6,Add feature,20.32,40.96,27.05,1.78,1.36,1.08,Develop feature,New module,Feature,5.84,5.42,Carol,12.88
SP0861,40.14,54.26,58.29,6.46,54.62,-0.18,9.38,0.26,Bob,47.0,47.51,28.53,4.86,1.84,190.29,0.31,ISS0925,Task,High,9.55,-0.03,Add feature,28.09,26.14,9.25,1.92,2.26,0.2,Fix bug,Critical bug,Performance,8.74,10.07,Alice,6.19
SP0813,49.66,48.12,92.19,6.79,23.03,0.67,7.94,0.37,Bob,44.71,49.46,45.83,2.91,2.58,144.52,0.49,ISS0537,Bug,High,6.56,6.38,Add feature,12.83,28.51,33.21,0.69,2.06,0.28,Develop feature,Critical bug,Performance,12.14,3.11,Carol,10.37
SP0207,53.09,31.33,77.07,9.73,41.57,2.27,-1.32,-1.03,David,45.55,33.48,33.78,1.53,4.97,185.87,0.52,ISS0049,Task,Medium,0.65,12.92,Refactor code,7.09,33.05,29.98,1.71,0.56,0.17,Develop feature,New module,Feature,8.64,8.54,Alice,11.57
SP0529,18.21,25.39,70.41,6.16,36.85,0.8,7.18,-0.06,Alice,34.41,34.48,37.53,1.87,1.92,188.24,0.37,ISS0545,Bug,Low,10.24,2.42,Update UI,1.22,28.53,30.25,3.85,3.08,-0.1,Improve performance,Tech debt,Bug,15.23,2.06,Bob,15.57
SP0654,38.86,29.99,77.58,-0.99,23.12,2.36,4.86,0.66,David,32.64,61.39,34.07,4.21,4.05,112.08,0.08,ISS0355,Bug,High,7.95,6.7,Fix bug,14.57,43.09,27.85,1.93,3.58,0.18,Code cleanup,Tech debt,Bug,10.43,6.8,Carol,12.78
SP0649,45.11,29.88,105.08,10.02,44.12,2.76,9.28,0.35,Bob,53.06,26.41,37.78,7.98,1.94,259.91,-0.84,ISS0439,Task,Low,23.01,4.68,Fix bug,-0.48,21.89,21.82,2.51,-1.15,1.23,Improve performance,Tech debt,Feature,7.76,9.03,Carol,18.51
SP0089,37.39,15.52,93.12,6.38,19.5,3.19,2.55,-0.02,Carol,46.83,32.2,40.44,0.54,3.11,115.27,1.29,ISS0429,Story,Low,11.45,8.45,Update UI,16.76,34.17,32.03,2.49,3.86,0.14,Fix bug,Tech debt,Bug,8.24,8.36,David,21.04
SP0419,52.83,43.91,58.16,8.12,47.34,2.84,10.37,-0.03,Bob,39.73,34.32,37.47,8.09,-0.53,157.51,0.79,ISS0806,Task,Low,6.63,10.86,Refactor code,12.08,35.13,29.18,-0.6,-1.73,0.28,Improve performance,Tech debt,Refactor,2.47,6.8,Bob,8.38
SP0226,33.9,20.62,76.59,0.01,48.68,3.42,3.52,0.41,David,25.82,68.11,38.06,7.34,3.21,260.5,1.02,ISS0866,Task,Low,1.13,3.47,Add feature,8.07,39.37,35.94,2.87,2.84,0.75,Code cleanup,User request,Refactor,4.84,12.04,Alice,6.91
SP0516,89.83,16.62,70.73,6.19,51.02,2.54,6.36,-0.28,David,37.33,32.04,14.39,2.28,3.43,150.62,0.24,ISS0276,Bug,Medium,10.52,6.4,Refactor code,11.34,44.19,39.96,0.85,1.4,0.41,Code cleanup,Critical bug,Bug,7.1,8.34,David,17.63
SP0872,97.21,74.23,77.8,-0.2,38.92,3.81,9.1,0.34,David,50.75,33.64,43.95,5.56,1.28,-9.64,1.39,ISS0288,Bug,High,9.95,14.35,Update UI,12.42,66.07,28.67,2.91,2.5,-0.1,Develop feature,Tech debt,Feature,6.78,2.1,Carol,13.08
SP0812,44.2,12.68,77.94,5.37,34.57,1.43,6.3,0.48,Carol,51.26,52.77,45.95,2.41,0.21,130.41,0.25,ISS0321,Bug,High,1.1,14.11,Update UI,18.22,49.63,26.44,1.49,1.03,0.46,Code cleanup,Critical bug,Bug,14.18,2.26,David,21.01
SP0138,64.71,21.76,52.67,6.08,49.52,2.2,5.09,-0.05,Bob,49.45,44.79,30.83,5.15,1.07,79.46,1.12,ISS0428,Story,Low,9.47,18.51,Update UI,16.2,48.03,31.08,3.69,4.76,0.31,Code cleanup,Critical bug,Performance,6.92,6.92,Carol,9.02
SP0642,43.79,24.7,61.53,2.78,43.22,1.29,0.45,-0.15,Carol,54.61,38.68,43.93,-1.09,1.5,184.9,0.61,ISS0370,Task,Low,15.91,5.55,Fix bug,17.5,31.25,36.07,0.4,1.2,0.69,Fix bug,User request,Performance,12.45,7.04,Alice,16.46
SP0527,72.59,30.81,54.9,1.23,55.16,2.56,5.89,-0.08,David,53.96,21.03,45.03,5.5,1.99,185.27,0.34,ISS0491,Story,High,8.26,5.25,Update UI,1.04,75.29,17.36,3.26,2.36,0.17,Improve performance,New module,Bug,1.71,9.53,Carol,10.82
SP0409,30.44,46.21,96.09,-2.41,45.37,1.16,-2.93,1.13,Bob,4.63,65.15,39.63,7.88,1.72,121.73,0.09,ISS0416,Story,Medium,16.71,7.11,Add feature,10.05,15.62,17.28,4.07,0.78,0.43,Code cleanup,Tech debt,Performance,16.8,2.04,Alice,18.05
SP0012,55.94,12.63,85.84,3.92,24.64,3.36,3.39,0.41,David,47.69,47.99,33.3,7.12,2.11,106.32,0.34,ISS0087,Task,Medium,1.78,2.39,Refactor code,8.27,58.35,34.17,2.12,0.57,0.06,Code cleanup,User request,Refactor,7.84,3.16,Alice,24.53
SP0074,28.4,1.44,85.77,2.75,42.78,3.0,1.72,-0.03,David,41.73,57.27,48.86,5.89,0.22,228.7,0.91,ISS0277,Bug,Medium,14.83,6.52,Refactor code,19.43,40.47,28.53,3.62,3.55,0.38,Code cleanup,New module,Feature,8.29,-0.86,Bob,12.69
SP0015,43.45,40.46,66.2,6.17,36.97,0.44,-5.79,-0.2,Bob,23.64,42.12,24.93,2.95,2.32,129.09,0.91,ISS0373,Task,High,12.45,10.07,Add feature,10.34,61.7,26.42,2.04,1.83,0.5,Improve performance,User request,Refactor,8.94,7.65,Bob,18.51
SP0998,-3.54,18.43,81.4,5.54,37.62,2.94,6.99,-0.21,Carol,52.22,24.6,39.27,1.8,2.06,166.95,0.7,ISS0519,Task,Medium,12.65,8.59,Refactor code,15.32,39.5,37.8,4.97,1.33,-0.51,Code cleanup,Critical bug,Performance,6.31,8.77,David,13.03
SP0211,52.64,65.58,62.82,0.66,33.63,3.0,10.78,0.37,Bob,30.15,44.53,27.94,7.25,-1.63,66.0,1.04,ISS0724,Task,High,8.04,4.6,Refactor code,13.3,43.33,31.74,0.87,0.98,0.22,Code cleanup,User request,Refactor,9.26,7.21,David,9.49
SP0011,36.17,34.24,77.27,3.37,39.73,3.73,8.38,0.32,Carol,38.98,56.06,36.7,3.94,2.21,267.28,1.7,ISS0085,Story,Medium,7.96,6.77,Fix bug,12.38,3.99,26.37,2.79,0.66,0.71,Develop feature,User request,Performance,7.76,9.23,Carol,9.45
SP0607,52.0,44.07,121.21,4.83,66.75,0.66,5.23,0.44,Carol,53.36,25.9,20.08,3.67,3.17,189.06,-0.19,ISS0009,Story,Medium,16.01,9.19,Fix bug,5.41,42.84,28.94,0.51,4.19,0.63,Fix bug,Critical bug,Refactor,9.14,5.94,Carol,14.17
SP0200,30.24,42.71,28.69,2.78,65.87,1.77,8.81,0.65,Alice,34.9,34.0,52.73,7.35,-0.31,192.21,0.32,ISS0874,Story,High,18.13,8.13,Add feature,0.54,39.04,28.07,3.84,0.04,0.26,Code cleanup,Tech debt,Bug,9.77,2.66,Alice,12.97
SP0358,62.42,-7.06,63.18,5.2,64.46,2.47,7.8,-0.42,Alice,38.93,43.94,34.63,4.71,0.65,96.27,-0.16,ISS0618,Bug,High,11.83,10.07,Add feature,4.65,25.61,31.92,1.01,1.17,1.0,Code cleanup,User request,Bug,7.45,7.61,Alice,24.04
SP0272,71.33,47.47,52.59,8.39,37.34,-0.45,-3.82,0.55,Bob,47.98,22.54,25.09,3.44,3.19,49.06,-0.0,ISS0453,Story,Low,7.36,6.93,Add feature,17.57,34.94,35.97,0.79,2.67,0.39,Fix bug,User request,Bug,12.84,9.06,David,4.94
SP0180,66.61,21.24,74.13,7.0,69.5,1.79,0.55,0.53,Bob,25.48,34.62,34.54,2.4,0.96,149.63,1.17,ISS0978,Story,Low,5.84,7.43,Fix bug,7.49,17.9,31.32,3.22,2.19,0.52,Code cleanup,User request,Refactor,7.78,6.39,Bob,12.6
SP0156,48.13,41.77,78.6,1.99,63.17,3.07,13.55,0.53,David,39.31,42.89,30.75,2.69,3.73,121.18,0.78,ISS0502,Task,Low,15.54,7.19,Update UI,15.57,25.91,39.3,-0.44,3.22,-0.21,Code cleanup,User request,Refactor,6.07,1.4,David,17.64
SP0789,24.29,20.94,55.13,3.21,44.86,0.39,2.02,0.24,Carol,34.39,28.27,36.81,2.6,2.15,170.77,0.17,ISS0142,Story,Low,11.68,6.26,Add feature,7.32,48.52,24.98,1.96,-0.38,0.01,Develop feature,Critical bug,Refactor,19.24,15.53,Alice,5.98
SP0337,54.67,11.77,90.44,7.3,59.38,0.52,-0.51,-0.21,Carol,44.13,41.91,33.1,2.74,0.46,94.91,1.17,ISS0463,Story,High,0.35,5.82,Update UI,16.28,32.58,24.1,2.04,2.11,0.71,Fix bug,User request,Bug,11.98,7.53,Carol,15.79
SP0754,79.71,25.45,77.9,2.79,67.75,3.39,7.52,-0.34,David,33.63,52.05,22.88,3.72,2.87,23.97,1.66,ISS0379,Bug,High,9.06,10.97,Fix bug,27.22,39.04,19.43,2.86,-1.06,-0.14,Code cleanup,User request,Feature,16.69,5.24,Bob,14.44
SP0529,83.35,22.43,81.7,5.34,46.06,0.15,11.69,0.64,Carol,49.28,38.92,20.25,5.82,1.18,66.77,0.54,ISS0831,Story,High,16.91,6.21,Fix bug,12.52,51.97,36.46,1.51,3.41,0.37,Develop feature,Critical bug,Refactor,14.18,7.51,Alice,16.45
SP0579,63.63,53.15,99.77,2.05,30.79,2.21,0.67,0.78,Bob,57.89,57.79,27.75,4.46,2.4,117.67,0.39,ISS0759,Task,Medium,9.4,9.75,Add feature,6.81,55.27,23.15,4.66,3.25,0.2,Improve performance,Tech debt,Refactor,15.95,6.88,David,0.15
SP0048,48.61,21.41,97.09,6.24,37.28,2.88,3.97,0.33,Alice,47.71,27.06,36.67,4.5,0.98,203.87,0.08,ISS0592,Bug,High,8.9,6.97,Fix bug,17.47,48.96,20.84,2.63,3.28,0.98,Improve performance,New module,Bug,16.91,10.13,Alice,5.31
SP0837,65.84,0.82,63.1,4.9,56.87,3.29,-4.17,0.39,Bob,49.92,58.56,17.7,5.49,1.4,198.06,-0.15,ISS0306,Story,High,3.26,7.08,Add feature,21.39,31.88,36.6,2.63,2.25,-0.01,Improve performance,New module,Refactor,13.22,-0.5,David,9.86
SP0333,78.4,7.67,85.35,9.34,59.86,4.25,1.24,0.66,Bob,54.3,47.88,41.02,7.31,-2.66,150.3,0.87,ISS0392,Story,Low,13.22,7.62,Refactor code,12.33,33.86,41.74,2.28,2.48,0.17,Improve performance,Critical bug,Refactor,8.11,7.37,Carol,5.02
SP0108,60.87,23.71,43.84,5.72,43.71,2.64,-0.09,0.72,Alice,24.97,61.31,27.03,3.55,0.9,38.45,0.3,ISS0209,Task,Low,13.39,5.59,Fix bug,15.31,34.92,24.38,3.4,-0.51,0.27,Fix bug,Tech debt,Refactor,15.82,5.1,Bob,16.9
SP0143,43.62,59.43,15.26,3.57,46.36,3.51,4.96,-0.05,Bob,40.15,28.52,23.01,6.5,2.96,61.91,0.31,ISS0726,Bug,Medium,7.72,9.61,Update UI,22.3,39.83,29.47,1.17,3.93,0.07,Improve performance,New module,Performance,6.34,5.11,Bob,17.93
SP0069,62.89,49.69,91.83,6.88,35.29,2.22,-0.62,0.39,Bob,48.4,31.26,35.0,8.56,4.19,95.35,0.3,ISS0449,Story,Low,-1.75,8.75,Fix bug,20.58,34.85,22.21,1.24,2.29,0.1,Improve performance,New module,Bug,21.73,7.13,Carol,10.31
SP0748,45.42,42.59,59.61,8.42,41.6,3.63,1.34,-0.17,Bob,27.47,54.11,37.52,8.71,1.5,33.24,1.1,ISS0247,Story,High,17.45,3.31,Fix bug,16.16,28.8,23.05,2.65,5.12,-0.49,Improve performance,New module,Bug,13.55,9.03,David,13.75
SP0310,37.56,15.92,54.2,6.29,76.44,2.79,2.2,0.07,Carol,31.23,38.87,27.95,5.36,3.23,140.79,1.14,ISS0250,Bug,Low,5.89,6.66,Add feature,14.66,25.32,26.67,0.43,4.62,-0.75,Code cleanup,Tech debt,Refactor,8.33,8.86,Bob,10.24
SP0676,57.97,30.62,77.44,-0.56,33.87,1.54,6.88,0.75,Carol,38.67,47.54,27.41,6.55,2.27,116.07,0.05,ISS0321,Task,Medium,8.89,10.02,Update UI,20.87,41.53,39.83,-0.23,3.67,0.54,Improve performance,User request,Refactor,14.71,3.56,Alice,9.54
SP0431,56.27,58.36,63.17,7.29,61.19,0.97,5.67,0.54,Bob,53.84,55.47,32.35,3.69,2.37,194.87,0.06,ISS0742,Bug,Low,11.3,3.0,Refactor code,15.38,62.48,25.4,1.95,0.83,-0.05,Improve performance,Tech debt,Bug,13.93,6.75,Alice,9.55
SP0422,66.67,22.24,94.69,1.13,62.47,-1.27,1.72,0.67,Alice,25.05,59.54,23.69,2.36,2.44,141.06,1.03,ISS0098,Bug,Low,17.21,5.12,Add feature,12.75,54.78,38.24,0.17,2.34,-0.28,Develop feature,Tech debt,Feature,10.95,6.87,Bob,11.48
SP0039,72.42,29.99,68.35,4.25,34.78,4.41,3.91,-0.21,David,43.11,30.51,16.78,4.93,1.05,91.02,-0.08,ISS0687,Bug,Medium,6.02,9.71,Fix bug,11.27,44.24,30.06,3.38,-0.91,-0.15,Fix bug,Critical bug,Performance,7.55,8.43,Carol,14.47
SP0521,63.46,30.32,28.44,4.97,58.07,1.61,-0.0,0.6,David,57.75,43.71,29.79,2.04,2.17,215.63,0.37,ISS0101,Story,Low,9.01,3.59,Fix bug,24.43,32.12,24.26,1.73,5.31,-0.46,Code cleanup,Critical bug,Performance,5.47,-0.66,Alice,12.54
SP0733,67.62,41.87,79.7,7.98,72.97,0.84,-2.97,0.67,Carol,45.93,49.38,32.15,0.38,3.06,109.69,1.12,ISS0657,Story,Medium,15.59,5.65,Update UI,7.67,26.48,35.92,-0.33,0.94,0.66,Develop feature,User request,Performance,19.07,8.31,Bob,7.71
SP0557,55.81,52.85,77.7,5.78,87.18,1.44,-0.9,1.02,Carol,5.73,48.52,23.62,5.92,1.92,141.48,0.94,ISS0986,Task,High,11.68,3.77,Refactor code,17.78,27.77,19.76,2.42,3.67,-0.0,Fix bug,Tech debt,Refactor,15.04,3.17,Carol,5.42
SP0004,56.32,43.72,85.16,5.3,32.99,2.22,2.5,0.37,Alice,31.12,25.13,27.88,4.59,1.06,96.84,0.4,ISS0873,Bug,High,9.28,9.9,Update UI,14.8,14.15,23.55,0.27,1.74,1.07,Develop feature,New module,Feature,3.48,10.18,Bob,14.14
SP0346,21.11,47.63,38.32,3.25,62.03,0.9,0.37,0.03,Alice,27.21,42.91,27.11,3.03,-0.01,236.69,0.83,ISS0253,Bug,Medium,16.52,10.12,Refactor code,27.13,43.92,11.19,1.68,2.85,0.42,Fix bug,User request,Bug,7.38,7.66,Bob,15.76
SP0649,53.01,38.92,67.33,0.67,42.17,3.28,7.63,0.18,Carol,39.94,42.33,35.63,1.81,3.52,120.68,1.25,ISS0348,Bug,Medium,17.22,9.17,Add feature,19.1,38.45,30.08,2.93,2.07,0.1,Code cleanup,Tech debt,Feature,10.4,6.29,David,8.0
SP0878,29.42,20.09,73.93,2.71,55.35,2.05,-3.35,0.91,Carol,27.01,8.5,26.17,3.72,3.05,295.6,-0.13,ISS0900,Story,High,13.07,8.34,Add feature,2.43,48.55,22.63,1.39,3.21,-0.62,Code cleanup,Critical bug,Feature,2.29,3.8,Alice,8.59
SP0242,70.95,44.85,62.01,3.78,53.2,5.99,-0.79,0.29,David,52.77,44.34,49.72,4.62,0.58,111.39,0.31,ISS0990,Story,Low,17.5,9.2,Update UI,18.58,23.44,26.11,2.96,2.03,-0.11,Develop feature,User request,Performance,5.57,2.37,David,12.41
SP0381,35.12,36.59,83.84,5.79,64.16,2.95,1.98,0.07,Carol,21.32,49.11,41.82,4.37,0.67,199.03,1.1,ISS0528,Story,Medium,13.27,6.02,Refactor code,18.59,31.39,22.81,1.15,0.09,-0.6,Develop feature,User request,Performance,-0.21,5.15,Alice,1.87
SP0218,37.67,20.12,49.94,8.28,70.51,1.98,-3.19,-0.22,David,45.14,55.31,30.1,2.17,1.05,158.43,-0.1,ISS0177,Task,High,10.95,12.9,Update UI,18.43,25.79,16.45,3.04,2.61,0.32,Fix bug,New module,Bug,2.61,6.17,Bob,18.48
SP0568,56.47,32.46,62.57,5.7,50.44,-0.56,9.68,0.41,Bob,48.57,44.31,28.94,5.39,0.81,141.03,0.36,ISS0079,Bug,Low,3.6,7.41,Refactor code,15.07,42.41,43.27,3.83,4.15,0.01,Fix bug,Tech debt,Refactor,13.14,10.29,David,24.79
SP0940,47.46,36.84,42.88,2.32,57.42,3.18,0.03,0.62,David,51.95,53.7,40.95,3.35,1.57,250.73,1.39,ISS0285,Task,Medium,17.32,9.4,Refactor code,17.63,20.56,19.53,1.59,4.35,0.69,Fix bug,Critical bug,Refactor,10.92,14.34,Bob,5.85
SP0138,42.91,49.27,83.59,4.4,44.4,3.38,2.99,-0.73,Carol,37.5,36.13,37.56,8.23,4.1,197.12,0.91,ISS0290,Bug,High,11.49,-0.61,Fix bug,3.57,32.33,22.11,3.77,1.05,0.04,Develop feature,User request,Refactor,22.72,5.81,David,18.04
SP0342,76.09,11.56,88.8,7.38,50.14,2.45,3.39,0.43,Bob,22.6,59.44,40.18,0.69,2.4,140.92,0.24,ISS0460,Task,Medium,24.96,6.72,Fix bug,10.47,42.97,25.88,3.01,5.18,0.64,Improve performance,User request,Feature,10.95,9.95,David,24.21
SP0792,59.69,31.0,115.92,0.2,33.73,0.04,0.78,0.7,David,58.86,23.71,42.79,6.64,1.99,104.9,0.31,ISS0657,Story,Low,8.75,5.93,Fix bug,23.63,41.08,30.06,3.55,1.05,0.73,Fix bug,Critical bug,Performance,7.29,7.54,Bob,14.15
SP0382,69.27,42.04,78.25,4.16,71.87,1.62,-0.15,0.09,David,36.48,41.91,38.89,2.74,1.69,62.95,0.38,ISS0524,Story,High,5.83,4.23,Fix bug,18.43,40.52,41.63,3.32,2.18,0.28,Improve performance,User request,Refactor,14.46,5.61,Bob,8.6
SP0603,63.98,26.05,94.62,4.38,60.05,0.9,-3.33,-0.1,Bob,18.69,18.92,19.8,4.03,2.16,66.24,1.01,ISS0272,Story,Low,17.24,4.31,Refactor code,10.53,28.28,22.86,0.52,4.38,-0.04,Fix bug,New module,Refactor,7.12,7.68,Bob,27.61
SP0666,73.34,57.52,94.87,4.14,67.96,1.29,1.78,1.02,Bob,28.96,49.9,28.16,10.6,4.32,123.15,0.61,ISS0854,Task,Low,9.42,6.98,Fix bug,10.63,34.64,28.29,2.81,3.15,0.67,Code cleanup,User request,Performance,10.88,2.22,David,13.33
SP0669,70.07,44.51,84.52,-0.7,82.41,1.02,-0.04,0.02,David,45.31,37.45,36.5,5.35,2.22,108.71,0.89,ISS0030,Task,High,12.9,14.0,Fix bug,21.81,30.62,22.9,1.36,2.87,0.4,Develop feature,Critical bug,Refactor,9.09,6.41,David,7.82
SP0926,68.36,35.16,32.56,0.82,30.2,4.45,8.09,0.33,Bob,34.26,27.31,33.38,5.93,0.91,219.95,1.1,ISS0287,Task,Low,1.82,7.07,Fix bug,9.52,45.87,27.42,1.07,0.02,0.06,Develop feature,User request,Feature,2.49,7.16,Carol,-2.55
SP0204,42.13,20.69,83.84,2.12,67.01,0.6,-5.26,-0.19,Carol,32.56,30.54,40.45,3.39,2.26,58.64,0.71,ISS0099,Bug,Low,8.13,1.84,Update UI,-2.73,23.59,33.24,4.37,1.87,0.59,Fix bug,New module,Refactor,7.88,6.96,Alice,15.05
SP0396,62.54,65.88,65.89,3.22,53.83,1.84,-3.59,-0.28,Bob,35.15,53.54,35.69,2.01,2.78,95.62,-0.32,ISS0019,Story,Low,13.75,9.11,Update UI,9.4,40.77,19.83,0.73,2.63,0.58,Develop feature,Tech debt,Feature,16.69,2.39,Alice,19.59
SP0285,68.93,20.35,67.99,1.9,66.92,2.81,2.0,0.1,Bob,20.73,47.72,47.32,5.85,2.65,44.48,1.57,ISS0824,Bug,Low,1.5,6.93,Update UI,15.64,16.94,30.47,-0.02,-1.1,0.74,Improve performance,New module,Bug,11.25,7.78,Carol,13.91
SP0673,45.44,20.49,44.54,3.87,82.64,2.01,4.66,-0.17,Alice,31.83,59.82,31.31,6.4,3.1,107.64,1.3,ISS0206,Task,Medium,9.43,5.99,Add feature,12.93,30.48,17.68,1.23,3.48,0.43,Develop feature,Critical bug,Feature,14.23,6.55,Carol,14.47
SP0755,72.21,11.75,66.42,7.06,74.93,1.67,8.14,-0.35,Bob,29.02,37.55,28.61,7.04,-2.02,47.13,-0.45,ISS0202,Bug,Low,18.21,8.13,Refactor code,10.38,28.82,36.32,-0.3,2.63,-0.32,Fix bug,User request,Bug,5.64,6.68,Carol,12.83
SP0008,67.97,37.23,68.39,2.69,27.44,4.47,4.56,0.59,David,48.76,51.05,36.93,6.45,1.26,173.79,0.93,ISS0294,Bug,High,10.24,4.13,Update UI,10.37,21.69,16.15,2.8,2.01,-0.41,Improve performance,Tech debt,Feature,8.45,5.78,Bob,9.44
SP0948,32.72,47.72,55.38,7.92,43.34,3.22,-4.64,0.87,Carol,54.04,37.83,23.8,6.57,0.84,246.04,0.8,ISS0622,Task,High,17.9,2.63,Add feature,21.91,24.95,27.01,3.34,1.73,-0.26,Code cleanup,User request,Refactor,11.3,6.04,Carol,17.61
SP0690,50.12,27.61,36.5,1.61,53.78,2.91,0.58,0.66,Bob,46.43,72.34,17.83,4.9,3.14,199.39,1.07,ISS0995,Bug,Low,6.47,8.35,Fix bug,16.9,38.53,28.09,3.45,4.72,0.45,Develop feature,Tech debt,Performance,16.8,9.3,Bob,6.3
SP0655,51.46,31.78,60.1,1.61,53.44,4.12,7.87,0.53,David,33.7,59.42,36.42,6.4,1.77,200.34,0.86,ISS0700,Bug,Low,14.94,5.8,Update UI,11.52,25.54,30.53,1.98,0.71,0.66,Improve performance,Critical bug,Refactor,16.85,5.01,Carol,12.88
SP0711,27.74,7.73,57.73,2.9,34.86,1.31,1.37,0.48,Carol,51.18,52.55,40.61,4.26,1.9,196.48,1.17,ISS0310,Story,Low,14.16,2.25,Refactor code,8.89,22.49,34.43,-0.62,1.48,0.2,Develop feature,New module,Bug,13.74,10.52,Alice,6.93
SP0590,37.41,40.08,69.55,3.93,76.83,3.37,2.14,-0.04,Bob,31.25,49.11,51.98,4.76,3.75,147.01,1.14,ISS0630,Story,Medium,18.02,14.41,Refactor code,16.9,41.52,28.65,3.24,4.12,-0.49,Improve performance,Tech debt,Bug,5.71,7.34,David,14.12
SP0287,67.64,26.0,45.79,5.49,51.55,1.78,3.93,0.34,Bob,39.47,48.8,42.85,6.58,0.2,78.02,0.64,ISS0799,Story,Low,18.79,0.89,Update UI,7.65,39.53,26.69,2.42,5.25,0.29,Fix bug,User request,Bug,6.36,2.43,Carol,14.05
SP0465,60.67,40.94,93.9,2.83,75.28,0.76,11.94,0.54,Bob,23.6,30.08,40.31,6.33,1.87,145.56,0.61,ISS0163,Story,Medium,11.72,10.11,Update UI,26.65,27.06,28.37,2.11,1.28,-0.07,Code cleanup,New module,Feature,7.48,3.86,Carol,9.84
SP0079,46.16,30.16,90.99,5.27,65.62,-1.69,2.71,-0.29,Carol,36.32,65.02,32.46,3.65,3.54,128.53,0.06,ISS0963,Bug,High,17.82,6.91,Update UI,19.09,25.82,30.91,0.16,1.84,0.04,Code cleanup,User request,Performance,11.66,6.59,Alice,13.65
SP0161,54.44,35.16,68.34,0.54,43.88,1.63,0.01,-0.33,Carol,57.56,33.67,44.38,4.24,1.47,181.26,0.75,ISS0300,Bug,Low,17.04,7.91,Fix bug,12.74,46.19,33.34,3.21,3.81,-0.21,Improve performance,New module,Bug,7.29,10.26,Bob,14.83
SP0676,25.92,34.52,43.65,4.08,24.25,-0.14,13.33,-0.5,David,43.98,55.68,37.7,5.41,1.51,162.88,0.51,ISS0836,Task,High,13.1,6.27,Update UI,8.31,60.91,33.69,1.09,2.27,0.4,Fix bug,User request,Bug,14.93,11.02,David,2.52
SP0398,9.23,53.42,58.82,3.69,59.01,-0.86,5.32,0.3,Carol,50.62,50.38,27.35,6.81,-0.63,204.19,1.27,ISS0841,Story,Medium,11.55,2.17,Fix bug,8.11,40.82,28.82,2.97,0.88,0.89,Code cleanup,Critical bug,Feature,9.1,6.87,David,14.51
SP0179,46.55,9.1,58.9,5.48,46.2,0.55,5.14,0.06,Bob,36.49,49.56,36.52,5.35,2.17,109.68,0.02,ISS0481,Story,Medium,5.8,6.82,Add feature,17.56,38.34,29.4,2.08,2.42,0.21,Develop feature,New module,Feature,8.88,13.99,David,3.19
SP0369,46.22,30.09,75.48,5.5,66.3,-0.94,0.6,0.19,Alice,45.51,33.69,27.6,2.59,0.51,194.13,0.44,ISS0210,Bug,Low,9.59,9.83,Fix bug,20.14,34.48,22.85,3.22,4.57,0.54,Code cleanup,Tech debt,Performance,18.77,9.59,Bob,14.4
SP0091,79.93,29.52,78.89,7.28,67.46,2.2,-3.71,0.56,David,36.68,42.56,27.94,-2.7,2.77,133.7,0.22,ISS0846,Task,High,0.39,8.31,Update UI,7.85,28.8,26.69,1.04,3.0,-0.33,Code cleanup,User request,Feature,13.65,3.06,Alice,23.61
SP0646,43.05,39.47,75.3,5.91,79.23,4.37,6.87,0.65,Alice,29.7,46.21,41.38,4.52,3.51,98.79,0.93,ISS0044,Story,Low,7.68,10.64,Refactor code,8.0,60.17,31.24,4.04,2.79,0.27,Fix bug,Tech debt,Refactor,10.66,6.38,David,7.53
SP0826,25.27,47.02,60.16,4.09,45.23,0.65,5.73,0.03,Alice,37.98,34.38,29.87,6.35,1.98,82.51,0.15,ISS0439,Bug,High,11.7,7.25,Fix bug,15.68,26.23,32.93,2.21,4.01,0.05,Develop feature,User request,Refactor,13.1,6.0,Bob,22.96
SP0228,51.73,52.44,77.4,1.8,61.74,3.2,6.53,0.67,Bob,34.87,16.41,34.54,2.15,1.23,82.13,0.75,ISS0163,Story,Medium,5.47,0.99,Fix bug,18.82,59.56,32.48,0.42,1.57,0.2,Fix bug,Critical bug,Bug,14.34,14.0,Carol,14.49
SP0068,32.23,35.76,89.31,8.44,15.57,1.87,7.07,-0.1,Alice,45.0,26.78,34.01,4.58,2.36,175.24,0.87,ISS0854,Bug,High,5.31,9.03,Update UI,16.92,36.05,20.74,2.33,1.93,-0.29,Fix bug,Tech debt,Bug,12.85,4.49,Alice,10.83
SP0281,79.81,45.1,77.28,3.41,45.07,0.5,0.42,0.13,Carol,39.69,53.09,22.8,2.84,2.46,47.13,1.06,ISS0045,Story,Medium,10.54,9.15,Update UI,7.48,26.64,27.12,0.66,1.6,0.42,Develop feature,Tech debt,Refactor,13.82,9.81,Carol,2.49
SP0652,30.2,42.18,60.27,9.2,62.9,0.51,6.25,0.05,Alice,30.67,44.08,37.9,5.06,-2.91,5.29,1.71,ISS0113,Story,Medium,8.3,12.95,Fix bug,20.07,62.11,33.97,1.39,5.4,0.04,Code cleanup,User request,Refactor,8.15,-0.64,David,2.74
SP0085,63.78,38.58,81.63,5.35,43.68,1.07,2.34,0.63,Carol,45.01,34.35,25.23,5.03,0.73,260.57,0.97,ISS0442,Bug,Medium,0.72,10.6,Refactor code,18.62,47.74,34.32,1.4,0.22,1.14,Code cleanup,Critical bug,Feature,15.53,6.87,Alice,12.08
SP0621,18.94,18.83,95.18,4.92,46.56,2.7,-1.98,-0.17,David,21.69,39.43,29.64,8.25,1.22,149.04,1.21,ISS0883,Bug,Low,5.79,6.13,Refactor code,24.62,43.97,23.94,2.42,4.12,0.6,Code cleanup,Tech debt,Performance,9.9,14.61,David,15.58
SP0488,63.51,46.14,92.19,5.76,62.26,0.1,-2.5,-0.16,Alice,20.53,38.46,19.93,8.84,0.9,158.05,-0.38,ISS0489,Bug,Low,3.92,5.81,Add feature,16.53,27.55,10.67,2.95,2.33,-0.58,Code cleanup,User request,Feature,20.55,3.76,Carol,16.6
SP0985,81.75,14.71,65.12,7.28,8.48,1.92,1.29,0.82,Bob,33.41,36.57,43.16,2.95,1.91,236.33,0.2,ISS0748,Story,Low,7.83,9.85,Refactor code,13.68,41.76,22.95,3.65,1.37,0.0,Develop feature,Critical bug,Performance,4.98,-0.72,Bob,31.04
SP0951,45.78,27.4,67.04,4.39,87.3,2.26,1.16,-0.09,Alice,32.4,51.58,46.05,6.87,2.16,152.94,-0.13,ISS0549,Task,High,4.87,5.5,Update UI,23.33,12.0,23.65,2.53,0.79,0.94,Develop feature,Tech debt,Bug,18.57,3.53,Carol,12.9
SP0541,35.77,47.75,25.58,10.5,41.76,1.93,7.97,0.2,Carol,30.76,55.02,30.55,4.03,-0.21,101.52,0.64,ISS0814,Task,Medium,13.88,4.06,Refactor code,3.2,38.56,25.91,1.65,2.94,-0.1,Code cleanup,Critical bug,Feature,16.19,9.11,Carol,23.01
SP0134,75.62,38.3,103.96,3.76,56.56,2.05,3.14,0.28,David,26.49,51.04,23.78,2.62,2.14,15.05,0.05,ISS0393,Task,Low,12.5,10.03,Add feature,10.17,31.35,34.3,2.77,2.59,0.61,Fix bug,Critical bug,Bug,11.91,0.59,Carol,20.71
SP0110,58.49,50.79,64.82,2.17,62.75,1.7,3.13,0.58,Bob,42.3,56.02,37.91,4.46,1.17,165.12,0.47,ISS0346,Bug,High,11.63,3.46,Refactor code,9.68,52.78,22.05,0.46,-1.01,-0.54,Fix bug,New module,Feature,18.1,16.61,David,18.14
SP0304,50.58,46.7,57.92,9.11,12.73,3.48,5.78,0.52,Alice,42.51,57.72,41.31,6.54,0.8,199.51,0.12,ISS0328,Story,Low,15.01,8.61,Update UI,21.57,37.48,20.03,3.29,3.77,0.47,Improve performance,Tech debt,Performance,14.78,4.86,Alice,13.23
SP0714,52.46,21.81,105.22,2.06,38.37,0.42,-0.42,0.37,Bob,31.7,33.27,20.99,5.19,2.79,99.94,1.14,ISS0298,Story,Low,5.81,12.65,Update UI,17.33,37.4,23.21,2.46,0.82,0.44,Improve performance,Tech debt,Performance,16.81,6.36,David,15.39
SP0472,54.09,35.57,82.76,8.58,71.13,-0.06,-0.06,0.18,David,41.5,61.49,33.72,5.26,0.93,205.55,-0.02,ISS0618,Story,Low,8.93,5.61,Update UI,10.93,37.03,24.37,1.23,1.52,-0.07,Develop feature,Tech debt,Feature,4.42,-0.44,David,14.91
SP0641,33.8,16.96,61.52,9.28,67.77,0.88,-3.47,-0.38,David,47.02,53.13,35.78,3.81,1.99,66.69,0.3,ISS0177,Task,Low,10.57,7.63,Add feature,-6.07,39.42,8.07,1.81,1.24,1.17,Develop feature,Critical bug,Performance,4.25,1.21,Bob,14.9
SP0766,67.59,15.58,49.77,7.14,68.23,3.16,-2.91,0.85,David,13.45,57.03,41.32,4.98,3.49,106.68,0.47,ISS0429,Task,Medium,7.95,13.54,Fix bug,15.11,33.98,27.4,2.22,1.87,-0.35,Code cleanup,Critical bug,Performance,8.06,6.86,Bob,14.2
SP0009,37.42,37.57,89.45,2.95,54.13,-0.25,-4.71,0.39,Bob,50.23,60.32,20.72,2.32,0.4,185.95,0.89,ISS0903,Bug,Medium,11.8,10.35,Add feature,21.17,38.83,36.58,1.65,2.51,-0.09,Develop feature,New module,Bug,8.69,5.77,David,11.61
SP0331,68.53,25.69,63.58,3.79,45.62,0.53,5.8,-0.09,Bob,48.87,27.97,32.23,-0.11,2.31,103.26,0.42,ISS0003,Bug,Low,11.32,9.6,Add feature,13.64,43.52,22.47,1.67,0.92,0.93,Improve performance,User request,Refactor,10.0,9.68,Alice,16.22
SP0273,39.58,24.05,65.19,14.32,65.81,3.26,0.79,-0.33,David,53.74,54.06,40.48,4.56,-0.03,161.25,0.53,ISS0562,Task,High,12.15,13.51,Update UI,20.16,41.22,23.91,-0.42,1.35,-0.22,Code cleanup,New module,Feature,9.78,9.4,Carol,8.97
SP0712,54.13,34.23,72.6,-0.52,72.81,3.18,2.99,0.48,Carol,36.15,43.13,24.44,4.44,2.34,193.32,0.23,ISS0671,Story,High,14.04,5.26,Update UI,23.85,33.76,31.72,2.84,2.56,0.38,Code cleanup,New module,Feature,9.07,4.88,Bob,13.68
SP0692,46.26,61.59,78.18,7.78,38.13,-0.02,2.22,0.4,Carol,43.67,43.79,37.59,6.07,3.49,90.09,1.18,ISS0758,Bug,Medium,3.71,10.88,Update UI,22.22,39.87,21.44,-0.89,0.71,0.08,Code cleanup,Tech debt,Refactor,14.93,3.94,Carol,14.2
SP0591,23.29,51.4,45.15,2.22,30.78,1.15,-0.93,0.73,Carol,63.03,42.9,20.09,6.2,2.44,236.49,0.95,ISS0631,Story,Low,0.95,7.03,Add feature,14.74,27.34,20.16,-1.43,2.12,0.36,Improve performance,Tech debt,Refactor,13.48,10.31,Carol,19.54
SP0464,72.25,27.86,69.65,4.63,39.81,2.22,3.88,-0.13,Alice,42.54,40.96,32.31,4.33,3.26,126.32,0.94,ISS0312,Bug,High,16.5,13.15,Fix bug,18.95,39.64,29.26,1.32,0.36,0.24,Fix bug,Critical bug,Feature,10.84,5.1,Carol,22.61
SP0912,28.27,67.04,65.94,3.1,63.17,1.23,-2.73,-0.3,Alice,45.29,36.7,40.32,6.58,1.78,52.78,-0.68,ISS0738,Task,High,5.41,9.86,Update UI,19.11,43.2,28.7,2.52,1.07,-0.31,Code cleanup,Tech debt,Performance,12.68,9.85,Carol,22.79
SP0986,32.31,52.64,29.36,-1.49,48.15,1.56,4.35,0.51,David,45.33,38.81,39.48,6.28,0.17,101.13,-0.04,ISS0839,Bug,Low,9.01,9.36,Refactor code,4.29,29.5,23.79,2.57,2.89,0.14,Develop feature,New module,Performance,7.96,7.81,Alice,16.83
SP0339,48.25,32.76,48.31,3.68,56.07,0.52,-2.25,0.35,Carol,60.14,30.72,42.15,8.03,1.76,88.6,1.25,ISS0777,Story,High,17.53,6.56,Fix bug,9.55,41.29,13.98,1.88,3.61,0.32,Improve performance,Critical bug,Bug,11.88,10.24,Carol,15.94
SP0017,50.66,-4.85,62.01,2.38,21.71,3.01,5.82,0.46,Bob,38.92,48.48,28.83,6.26,0.79,175.64,1.06,ISS0165,Story,Low,1.63,9.89,Fix bug,13.18,39.05,29.27,2.29,1.66,0.32,Develop feature,Tech debt,Feature,9.3,8.17,Alice,11.9
SP0956,50.34,52.45,114.64,1.1,63.64,0.9,-3.7,0.63,Carol,22.8,42.14,35.19,8.87,0.86,170.45,0.02,ISS0898,Story,Medium,8.5,6.22,Add feature,22.26,58.2,30.6,3.41,1.45,0.11,Develop feature,User request,Refactor,13.12,11.4,David,14.19
SP0326,70.06,22.89,56.15,1.39,30.97,1.43,-2.02,0.69,Carol,36.43,57.83,42.2,7.4,-0.64,5.16,-0.92,ISS0710,Task,Low,8.07,7.75,Update UI,11.7,49.21,23.74,2.24,0.55,-0.25,Fix bug,Tech debt,Bug,10.33,9.85,Alice,2.81
SP0086,60.17,27.2,70.59,4.24,33.38,0.32,0.65,1.06,Alice,28.1,58.06,31.1,7.3,1.32,80.95,0.54,ISS0481,Task,Medium,15.53,4.39,Refactor code,14.79,46.47,33.28,3.92,2.52,0.17,Code cleanup,Tech debt,Refactor,10.77,8.73,David,8.38
SP0797,38.29,23.95,87.45,-0.25,49.52,1.88,5.1,1.52,Bob,63.61,70.04,44.85,2.52,2.25,115.4,-0.22,ISS0451,Task,Medium,19.02,10.7,Update UI,8.57,39.43,28.18,2.53,1.43,0.11,Fix bug,Tech debt,Bug,3.11,7.82,Carol,6.46
SP0597,64.34,50.22,57.56,6.77,51.35,2.54,-2.24,0.87,David,53.09,35.35,39.4,3.73,-0.07,234.55,0.88,ISS0110,Task,High,8.91,4.58,Fix bug,42.1,38.89,17.31,2.2,2.41,0.08,Fix bug,Critical bug,Bug,8.95,-2.71,Carol,4.71
SP0266,66.8,51.2,93.59,6.17,45.64,1.02,-0.97,0.47,David,63.44,43.85,23.81,5.32,2.8,147.68,1.23,ISS0175,Bug,High,16.69,9.26,Fix bug,1.3,57.95,29.37,2.85,3.62,0.92,Code cleanup,Tech debt,Bug,15.44,7.28,Bob,5.49
SP0738,37.87,16.2,75.73,5.83,69.97,-1.4,2.76,0.43,Carol,27.23,86.0,12.86,4.93,-0.47,113.74,1.26,ISS0697,Bug,Low,12.62,11.63,Update UI,7.74,43.66,12.61,0.96,3.72,0.53,Develop feature,Critical bug,Feature,9.23,9.26,David,18.19
SP0727,35.86,30.84,69.49,4.52,62.68,3.93,3.17,0.17,David,43.9,46.52,32.54,8.48,-1.69,242.88,0.47,ISS0595,Task,High,8.57,2.76,Update UI,6.68,40.54,50.41,-0.27,0.12,0.16,Develop feature,Tech debt,Bug,7.62,7.9,David,1.04
SP0095,17.01,55.38,83.46,8.15,71.28,1.07,7.93,-0.37,Bob,39.98,66.31,19.43,5.51,2.0,50.46,0.83,ISS0850,Task,High,15.02,8.83,Add feature,8.79,38.86,27.36,0.97,2.58,0.42,Improve performance,User request,Performance,9.86,4.26,David,3.27
SP0713,50.85,42.9,90.25,2.86,63.3,2.11,5.06,-0.64,David,27.52,43.32,51.54,3.03,1.73,127.52,0.93,ISS0303,Bug,High,7.88,8.45,Update UI,6.84,23.84,8.74,1.32,2.51,0.87,Improve performance,Tech debt,Refactor,15.58,4.14,Bob,4.54
SP0916,49.92,5.55,75.28,-2.54,41.52,1.62,-0.88,0.57,Alice,38.87,22.99,33.31,2.14,1.64,264.98,1.09,ISS0911,Story,Medium,-0.05,4.9,Refactor code,15.51,39.44,24.0,-0.09,4.3,0.45,Improve performance,Tech debt,Feature,5.38,5.87,David,2.25
SP0830,49.71,-1.66,88.14,1.93,61.81,2.33,-2.23,0.23,David,55.9,51.62,43.73,6.08,1.86,92.25,0.49,ISS0716,Task,High,12.76,2.94,Update UI,18.96,47.77,40.33,2.12,4.22,0.3,Fix bug,Critical bug,Performance,14.13,13.53,Bob,3.93
SP0975,96.24,45.97,94.01,5.08,32.88,2.56,7.87,0.47,Bob,27.17,54.98,26.5,0.1,4.34,94.26,0.04,ISS0353,Story,High,12.39,2.97,Add feature,24.14,26.0,33.9,0.17,3.19,0.74,Improve performance,Tech debt,Refactor,5.85,9.14,Carol,25.87
SP0245,38.56,30.11,25.31,6.67,65.74,2.1,2.98,0.63,Bob,29.15,44.82,25.26,7.14,1.6,66.74,0.31,ISS0924,Task,Medium,12.36,3.97,Refactor code,5.64,33.86,28.33,2.42,5.07,0.92,Fix bug,New module,Feature,5.79,5.81,Bob,15.63
SP0026,49.24,14.23,116.52,-0.46,81.45,0.73,1.07,0.12,Carol,37.57,49.27,28.89,4.05,0.82,178.18,0.13,ISS0482,Story,High,3.85,5.88,Fix bug,7.82,44.88,30.05,2.35,2.95,-0.69,Improve performance,New module,Feature,10.68,11.22,Carol,10.77
SP0415,32.96,31.77,81.69,2.04,111.69,2.48,8.55,0.54,David,48.36,24.16,27.41,4.43,1.66,141.18,-0.08,ISS0918,Bug,Medium,14.07,6.62,Refactor code,8.83,10.23,15.06,-0.15,1.4,0.07,Develop feature,Tech debt,Refactor,12.42,1.26,Bob,10.41
SP0396,31.99,28.63,83.24,6.66,55.22,0.71,3.13,-0.11,Alice,24.63,32.37,50.45,8.52,-0.4,211.22,0.44,ISS0447,Bug,Low,12.54,5.24,Update UI,14.78,31.91,14.62,2.47,3.96,0.61,Improve performance,User request,Performance,9.9,2.22,Alice,6.02
SP0440,67.5,16.56,52.22,6.23,56.95,2.28,4.17,0.34,Bob,39.83,16.39,23.76,3.11,1.56,85.63,0.51,ISS0376,Bug,High,5.26,1.45,Update UI,18.51,52.19,24.51,2.67,4.14,0.34,Fix bug,User request,Refactor,13.52,10.17,David,11.15
SP0664,39.79,37.96,68.92,4.07,48.57,3.99,9.74,0.43,Carol,28.25,28.37,32.2,2.49,1.82,132.0,0.99,ISS0808,Story,Medium,7.17,4.63,Add feature,-1.42,35.18,24.68,3.2,3.8,0.66,Fix bug,Tech debt,Performance,10.24,7.38,Bob,14.86
SP0830,44.75,35.2,68.3,1.61,63.58,1.39,-3.87,0.33,Alice,47.48,28.16,30.37,8.85,1.36,135.88,0.47,ISS0892,Bug,Low,9.99,7.12,Update UI,11.31,44.35,33.35,0.73,-1.18,-0.29,Code cleanup,User request,Performance,7.13,10.41,Carol,5.59
SP0609,57.79,35.8,89.86,7.87,46.25,3.03,-7.32,-0.57,David,29.1,58.29,31.94,6.84,1.17,198.68,0.98,ISS0301,Bug,Low,10.89,8.61,Fix bug,16.16,40.18,30.42,2.96,1.08,-0.6,Fix bug,Tech debt,Bug,13.16,4.25,David,28.84
SP0871,60.85,24.68,56.06,10.23,58.0,0.38,1.58,0.27,Carol,43.55,41.57,25.18,5.31,3.19,161.17,-0.25,ISS0610,Story,Low,11.65,8.88,Refactor code,9.49,52.41,15.77,2.93,0.13,0.46,Improve performance,Critical bug,Refactor,11.85,5.02,Alice,15.58
SP0807,70.93,-0.5,83.88,5.83,28.27,-0.33,4.25,0.57,Carol,59.9,38.98,35.16,0.01,1.96,190.09,-0.29,ISS0974,Story,Low,10.88,6.26,Fix bug,29.11,64.57,23.87,1.16,1.59,0.66,Develop feature,Critical bug,Feature,6.24,6.93,David,12.64
SP0608,38.45,29.76,79.47,-0.84,39.39,2.61,0.11,0.31,David,45.29,57.47,25.38,8.93,0.77,112.72,0.82,ISS0637,Story,Medium,12.87,6.88,Refactor code,-0.68,27.15,39.22,1.61,1.62,0.51,Code cleanup,Tech debt,Bug,8.23,10.21,Carol,14.75
SP0182,40.22,19.31,93.99,5.64,28.62,4.36,2.16,0.58,David,36.89,48.9,23.33,5.57,1.87,124.97,-0.48,ISS0264,Story,High,9.44,7.14,Fix bug,20.91,44.7,25.84,3.58,2.27,-0.02,Code cleanup,New module,Refactor,14.25,15.15,Alice,15.38
SP0570,50.08,32.26,46.95,1.72,38.69,2.66,7.09,-0.22,David,52.26,37.37,29.84,7.67,3.16,57.89,0.38,ISS0885,Story,High,18.23,-3.07,Fix bug,10.31,50.08,26.16,-1.41,3.61,0.39,Code cleanup,User request,Performance,19.94,7.61,David,17.32
SP0975,35.82,23.46,80.29,5.92,37.62,0.88,-0.37,-0.26,David,30.95,37.89,18.19,4.02,1.17,196.3,0.81,ISS0009,Task,High,5.37,12.43,Refactor code,19.3,48.59,33.46,1.38,0.5,0.54,Develop feature,User request,Feature,17.56,6.26,Carol,8.61
SP0258,-2.79,27.65,69.63,1.15,68.65,2.26,7.52,-0.2,Bob,29.84,33.71,49.28,3.09,-0.97,40.32,0.54,ISS0435,Bug,Low,9.17,3.9,Update UI,18.52,39.0,32.57,2.09,2.79,0.06,Fix bug,New module,Refactor,3.26,-0.17,Carol,13.02
SP0372,76.37,60.26,73.12,-0.24,31.98,0.2,2.86,0.56,Carol,33.08,59.78,25.41,2.53,5.57,124.91,0.76,ISS0707,Bug,Medium,17.24,4.19,Refactor code,10.67,23.75,34.33,1.14,1.59,-0.59,Improve performance,Critical bug,Refactor,8.76,6.78,Alice,16.37
SP0459,25.98,17.21,83.54,4.73,74.11,1.26,-0.24,0.85,Carol,36.02,50.73,25.1,7.11,0.32,113.47,-0.39,ISS0008,Task,Medium,11.6,3.86,Fix bug,4.43,36.1,20.16,2.46,-2.04,0.74,Develop feature,Critical bug,Bug,2.88,-1.51,David,8.64
SP0799,59.85,58.26,87.02,8.11,48.75,2.1,1.63,0.33,David,38.39,41.1,45.49,4.38,-0.07,132.18,1.27,ISS0981,Bug,Low,9.52,10.05,Update UI,14.22,18.49,21.37,1.88,3.48,0.78,Develop feature,User request,Feature,5.04,9.0,Alice,14.73
SP0113,38.84,14.13,63.4,2.36,94.08,1.06,3.82,0.9,Carol,25.01,80.17,48.73,3.57,4.97,261.97,1.27,ISS0434,Story,Medium,12.14,4.51,Refactor code,10.38,45.09,27.31,5.09,2.98,0.39,Improve performance,User request,Refactor,11.27,4.7,Bob,2.84
SP0500,37.94,52.95,63.66,0.71,50.54,-0.4,2.37,0.75,Bob,27.84,48.52,30.2,4.49,2.14,82.55,1.54,ISS0128,Story,High,18.93,8.36,Add feature,8.09,42.94,21.51,0.76,-0.31,0.02,Develop feature,New module,Feature,9.2,6.39,Alice,10.0
SP0375,48.99,44.03,56.12,3.63,14.46,0.66,0.31,-0.32,David,47.73,47.86,33.95,9.46,0.49,203.16,0.8,ISS0831,Task,High,17.77,4.99,Fix bug,22.73,53.81,28.96,3.72,4.94,0.91,Fix bug,New module,Refactor,4.1,3.52,Alice,10.26
SP0836,59.72,50.4,76.16,1.86,63.67,0.07,3.33,-0.49,Alice,23.29,48.5,30.19,9.92,1.05,118.46,0.91,ISS0607,Story,Medium,4.68,6.02,Add feature,20.35,40.2,24.45,1.05,3.33,0.85,Improve performance,Critical bug,Performance,0.02,7.76,Alice,26.46
SP0563,46.16,51.81,40.12,-0.51,43.47,1.55,-1.93,-0.11,Carol,25.65,25.18,23.39,4.41,1.32,192.19,0.74,ISS0818,Bug,High,3.32,16.25,Add feature,9.43,39.7,27.7,2.32,3.07,-0.15,Improve performance,Critical bug,Performance,12.25,6.6,Bob,12.77
SP0191,42.64,14.8,73.55,4.92,46.9,1.3,8.92,0.66,David,48.69,50.02,33.9,3.13,2.68,215.83,0.99,ISS0248,Story,Low,4.37,1.62,Refactor code,14.44,58.42,23.69,2.23,3.53,0.77,Code cleanup,Tech debt,Performance,9.39,3.1,Alice,12.35
SP0818,56.26,28.07,71.55,5.68,32.83,-0.09,8.13,1.26,David,47.16,56.66,23.15,8.4,-1.44,82.39,-0.0,ISS0289,Task,High,13.47,5.41,Fix bug,13.05,50.02,33.24,2.31,1.56,1.94,Fix bug,New module,Bug,14.6,3.99,Alice,14.44
SP0999,49.63,29.14,82.79,5.06,44.15,1.31,-4.72,0.19,David,40.04,51.38,33.52,6.75,3.35,142.37,0.38,ISS0342,Story,Medium,19.47,8.73,Fix bug,20.12,27.62,25.35,3.16,1.98,0.44,Improve performance,Tech debt,Bug,8.39,2.92,Carol,14.13
SP0632,58.78,50.82,56.76,5.21,38.25,-0.01,7.79,0.47,Carol,31.64,63.33,33.79,4.28,2.13,137.38,0.33,ISS0119,Story,High,1.17,4.48,Refactor code,11.98,24.28,30.85,3.52,0.7,-0.03,Improve performance,Critical bug,Refactor,2.99,6.72,Bob,11.12
SP0677,49.2,26.8,54.26,4.76,52.96,-0.07,6.2,-0.0,Alice,19.51,15.35,45.73,2.12,3.83,221.43,-0.09,ISS0244,Story,High,10.43,10.26,Update UI,21.35,46.08,18.91,-0.3,2.51,0.38,Fix bug,Critical bug,Refactor,7.73,10.68,Carol,10.78
SP0041,50.7,19.39,65.57,4.55,80.68,2.62,4.47,0.13,Carol,50.44,40.96,15.91,5.52,2.65,156.85,0.66,ISS0416,Bug,High,16.93,4.0,Refactor code,11.82,23.98,31.57,1.57,0.29,-0.11,Improve performance,New module,Performance,13.89,5.27,Bob,13.46
SP0664,42.91,38.27,45.68,4.69,22.72,0.68,-5.7,-0.11,Carol,36.73,48.83,35.55,5.59,1.02,122.6,0.89,ISS0057,Bug,Medium,14.62,7.11,Fix bug,19.07,28.06,27.56,3.28,1.11,0.29,Improve performance,User request,Refactor,10.1,8.62,Carol,7.73
SP0194,40.27,33.51,73.06,6.09,41.8,1.2,-4.73,0.08,David,43.08,36.68,41.75,3.36,0.64,78.91,0.36,ISS0824,Task,High,13.87,8.14,Refactor code,15.93,55.37,35.6,2.45,0.53,0.0,Code cleanup,Critical bug,Feature,28.55,5.77,David,14.23
SP0311,38.77,45.09,91.5,-0.89,34.2,3.92,1.51,0.65,David,34.95,26.9,34.26,7.89,1.44,162.26,0.92,ISS0711,Task,Medium,13.66,1.31,Refactor code,23.19,34.78,24.03,2.42,0.99,-0.07,Code cleanup,Critical bug,Bug,7.97,7.55,David,17.18
SP0763,55.13,29.69,66.27,3.06,51.29,0.02,5.43,-0.66,Alice,33.37,45.5,25.14,5.36,0.02,64.33,0.17,ISS0026,Task,Medium,2.53,15.75,Refactor code,17.21,33.98,32.4,3.55,2.81,1.2,Improve performance,Tech debt,Refactor,6.0,7.25,Alice,13.33
SP0729,56.87,44.72,83.39,4.05,51.27,2.72,3.73,-0.06,Alice,44.19,57.59,29.08,9.27,-0.3,223.41,0.18,ISS0885,Task,Medium,18.3,11.51,Update UI,23.75,37.99,35.32,2.04,0.99,0.18,Fix bug,Critical bug,Performance,16.32,3.91,Bob,19.15
SP0155,54.53,34.05,86.87,1.36,49.93,2.61,-0.64,0.4,Bob,21.66,44.24,26.62,0.5,2.08,134.64,-0.81,ISS0052,Bug,Low,15.58,1.14,Add feature,7.4,32.44,29.91,0.92,0.41,0.24,Develop feature,Tech debt,Feature,11.63,6.53,Carol,16.27
SP0284,82.31,37.23,50.61,7.86,29.63,0.69,8.5,-0.77,David,58.36,50.21,37.52,5.63,2.56,210.32,0.47,ISS0163,Bug,Medium,4.55,5.34,Refactor code,15.54,17.32,17.53,1.74,2.39,0.37,Code cleanup,New module,Refactor,11.06,7.78,David,11.93
SP0567,58.31,34.73,54.13,0.34,30.77,4.0,2.69,-0.84,Carol,31.79,39.25,31.5,2.51,1.06,172.02,-0.01,ISS0946,Task,Medium,21.33,6.64,Fix bug,12.76,24.4,22.61,1.02,2.75,0.76,Develop feature,Critical bug,Performance,1.05,8.35,David,8.82
SP0620,67.36,51.51,61.75,-0.66,57.9,2.56,7.58,0.66,Bob,55.65,28.07,34.61,6.26,3.62,90.8,0.56,ISS0802,Bug,Low,7.02,6.29,Update UI,11.69,29.12,31.39,3.19,1.44,0.81,Code cleanup,New module,Refactor,18.32,5.54,Carol,-1.37
SP0124,71.08,43.58,66.3,5.49,58.21,1.96,0.96,0.23,Carol,26.61,30.66,24.43,7.25,0.62,158.39,0.11,ISS0802,Story,Medium,15.84,6.86,Add feature,13.96,25.58,29.57,1.39,2.09,0.13,Develop feature,New module,Feature,13.17,9.79,Carol,16.97
SP0039,30.0,75.99,35.74,-1.23,71.76,4.03,4.65,0.27,Bob,36.02,36.18,34.67,4.37,1.57,120.7,-0.33,ISS0772,Task,High,9.84,5.9,Refactor code,19.64,31.31,35.72,2.12,1.78,0.12,Develop feature,Critical bug,Feature,9.98,3.88,David,14.97
SP0371,42.02,27.75,75.78,3.24,57.34,3.28,8.58,0.83,Bob,21.7,18.15,42.86,5.31,2.84,131.82,0.39,ISS0056,Task,Low,18.36,6.62,Refactor code,18.02,49.09,21.43,2.41,4.94,0.28,Code cleanup,Tech debt,Performance,9.46,2.51,Alice,7.77
SP0898,33.71,19.56,74.54,4.49,44.48,2.2,8.45,0.59,Bob,42.3,33.01,37.05,3.62,0.81,161.54,0.38,ISS0420,Bug,High,19.88,9.98,Fix bug,4.5,42.89,25.85,2.01,1.4,0.58,Develop feature,New module,Bug,5.07,8.09,Bob,15.37
SP0812,62.99,26.66,66.4,10.33,16.23,3.22,4.1,0.85,Alice,25.76,48.07,31.81,8.99,1.04,84.12,1.15,ISS0335,Task,Medium,12.11,6.7,Update UI,17.54,20.33,30.18,0.06,1.17,0.18,Code cleanup,Tech debt,Bug,20.01,10.1,Alice,9.08
SP0643,29.77,74.48,61.08,8.89,54.49,2.65,6.87,1.09,Alice,33.69,49.02,43.18,5.38,1.03,141.71,1.12,ISS0402,Bug,High,6.1,2.69,Refactor code,22.66,32.14,22.01,2.81,2.67,-0.14,Develop feature,Tech debt,Feature,15.89,11.45,Bob,25.84
SP0525,43.4,10.77,80.55,5.41,31.36,0.09,-3.77,0.43,Carol,38.1,-8.88,41.31,5.88,0.57,74.09,0.39,ISS0790,Story,Medium,21.82,9.7,Add feature,11.34,45.68,23.85,1.28,2.79,0.67,Improve performance,User request,Refactor,3.54,5.8,Bob,29.77
SP0674,27.44,8.65,49.98,3.34,24.33,4.17,-3.24,0.1,David,34.85,53.93,44.52,2.02,0.73,95.51,0.37,ISS0234,Task,Medium,6.93,4.64,Add feature,10.18,43.38,23.76,-0.18,3.97,0.22,Improve performance,New module,Refactor,19.9,1.23,Carol,10.76
SP0337,22.27,37.02,56.51,6.81,76.99,-0.49,4.15,0.56,David,36.14,55.45,46.34,-1.0,-0.78,51.17,1.18,ISS0475,Story,High,15.75,11.78,Fix bug,10.95,51.93,35.74,4.11,2.89,0.14,Develop feature,User request,Performance,3.7,10.41,Bob,7.01
SP0444,72.46,43.73,55.18,8.31,40.69,2.1,6.84,0.74,Carol,28.9,37.78,23.37,3.23,1.74,193.34,0.58,ISS0480,Story,Medium,10.88,7.29,Update UI,12.9,33.18,21.39,3.25,3.02,0.82,Improve performance,Tech debt,Refactor,16.62,7.42,David,0.3
SP0361,66.15,40.83,79.87,7.28,56.44,3.13,9.46,1.1,Carol,58.3,29.9,35.79,7.44,1.43,146.92,0.7,ISS0541,Story,Low,11.37,6.92,Add feature,23.54,26.48,19.3,0.26,2.07,0.23,Develop feature,New module,Feature,6.83,0.93,Alice,11.23
SP0808,76.79,34.41,87.56,8.05,22.04,0.34,-4.29,0.48,Carol,46.25,53.33,41.53,3.78,2.63,153.62,0.86,ISS0666,Task,Low,13.17,8.83,Fix bug,5.19,44.51,22.78,3.79,2.13,-0.16,Code cleanup,User request,Bug,4.68,8.75,Bob,11.02
SP0612,86.59,28.89,59.26,3.48,66.73,0.65,-7.16,-0.5,Alice,33.08,41.94,20.27,5.12,3.06,172.79,1.12,ISS0974,Story,High,2.47,5.79,Fix bug,19.44,61.3,31.89,3.41,4.89,0.59,Improve performance,Tech debt,Refactor,16.33,8.74,David,2.31
SP0319,50.12,34.53,48.11,6.37,64.17,-0.5,-1.63,-0.56,David,50.24,57.01,26.74,4.63,3.14,105.99,0.14,ISS0651,Task,Medium,4.96,3.31,Refactor code,7.69,59.4,30.32,1.59,1.54,-0.38,Develop feature,New module,Refactor,18.11,5.9,Carol,-1.45
SP0754,64.67,26.75,104.38,8.16,59.74,2.93,-6.4,-0.04,Bob,34.09,50.91,44.04,4.93,1.64,239.8,0.93,ISS0258,Story,Medium,14.34,4.61,Add feature,12.67,32.1,25.3,3.21,-0.38,0.16,Fix bug,Tech debt,Performance,2.04,4.43,Bob,8.56
SP0550,36.52,29.6,60.33,2.26,45.92,1.2,-5.95,0.53,David,52.49,46.22,35.6,1.56,2.54,53.42,0.52,ISS0951,Story,Medium,16.91,9.38,Refactor code,-3.01,34.65,34.69,2.13,2.41,0.87,Develop feature,New module,Refactor,6.32,8.82,Bob,14.65
SP0695,48.55,13.98,70.4,-1.61,40.77,1.6,-4.21,-0.44,Alice,22.66,56.16,30.29,-0.54,1.93,154.37,-0.14,ISS0499,Story,Medium,9.5,4.38,Update UI,12.13,36.12,16.76,2.15,3.07,-0.11,Code cleanup,Tech debt,Performance,18.36,7.29,Carol,14.28
SP0639,87.44,27.61,83.16,2.07,31.03,0.68,8.8,-0.02,Alice,46.8,67.69,23.87,6.02,4.02,136.38,-0.28,ISS0212,Task,High,18.16,7.57,Update UI,3.8,38.36,25.99,1.52,3.7,1.14,Develop feature,Critical bug,Refactor,11.61,11.77,Bob,11.64
SP0292,80.15,49.11,64.62,8.34,41.17,1.05,10.2,-0.07,David,48.54,55.07,32.82,2.46,1.96,57.65,1.21,ISS0667,Task,Low,17.39,6.94,Add feature,15.11,32.29,20.99,4.02,4.73,0.37,Improve performance,New module,Bug,14.19,17.69,Alice,-1.7
SP0211,43.32,30.15,71.72,6.21,57.96,2.31,-2.23,0.8,David,32.9,56.95,31.36,6.51,0.82,173.76,0.14,ISS0313,Task,Medium,13.96,11.91,Fix bug,17.09,52.69,13.71,5.43,1.29,0.05,Develop feature,Tech debt,Feature,14.71,0.66,Alice,9.31
SP0690,23.49,30.9,70.6,2.27,54.02,2.45,-0.63,-0.1,Carol,29.42,45.05,16.6,0.31,0.63,183.5,-0.14,ISS0471,Task,High,11.88,2.83,Update UI,9.56,63.49,31.06,0.25,-1.92,-0.23,Improve performance,User request,Refactor,3.74,8.66,Alice,11.12
SP0799,45.65,34.42,54.71,8.97,44.96,6.21,-4.6,-0.13,Carol,51.9,57.47,23.09,9.98,2.77,182.54,1.15,ISS0507,Story,High,1.92,9.09,Update UI,9.07,30.09,40.06,1.12,0.72,0.6,Improve performance,Critical bug,Feature,22.66,8.98,David,18.09
SP0660,32.91,57.87,101.52,3.06,27.32,5.39,8.57,0.7,Carol,45.66,49.41,38.65,2.09,0.76,270.94,0.21,ISS0581,Bug,Medium,14.43,11.89,Fix bug,9.97,44.87,16.82,2.92,2.56,0.16,Fix bug,Tech debt,Performance,12.12,7.65,Alice,7.55
SP0263,49.67,25.29,102.79,2.92,77.85,4.74,5.76,0.38,David,48.89,45.67,25.85,6.83,2.98,202.11,0.23,ISS0875,Story,High,17.43,6.46,Fix bug,24.09,27.95,24.74,0.63,1.34,0.0,Code cleanup,User request,Feature,16.15,11.32,Alice,3.48
SP0161,70.31,25.23,40.03,6.41,53.95,1.25,6.22,-0.07,Bob,46.03,25.55,29.92,7.07,-0.61,69.75,-0.04,ISS0477,Bug,High,15.43,6.04,Update UI,11.21,26.7,38.68,2.06,-1.72,1.16,Develop feature,New module,Feature,17.18,10.82,Alice,2.89
SP0784,45.05,51.69,92.8,7.67,25.72,-0.2,6.32,-0.07,Carol,36.45,15.98,23.69,9.71,2.02,168.04,0.08,ISS0476,Bug,High,0.11,5.88,Fix bug,19.18,39.4,18.36,1.98,0.48,-0.26,Code cleanup,New module,Refactor,17.34,2.31,Carol,21.4
SP0929,43.84,32.09,110.86,5.76,38.36,3.42,6.56,0.06,Alice,44.61,68.56,41.63,-0.35,-0.21,184.76,0.02,ISS0969,Bug,Low,14.34,3.57,Update UI,15.31,46.63,30.04,0.96,2.65,0.2,Code cleanup,User request,Feature,19.28,5.39,Alice,17.52
SP0153,36.84,32.69,87.57,6.12,61.25,0.05,4.88,0.35,David,33.38,52.41,44.47,6.63,1.17,97.17,0.62,ISS0748,Bug,Medium,17.19,13.61,Fix bug,6.26,23.48,36.87,2.55,0.85,0.88,Fix bug,Critical bug,Performance,18.22,0.6,Bob,6.71
SP0479,48.54,28.64,42.58,3.17,49.55,1.89,4.1,0.51,Bob,36.95,46.9,53.84,2.92,1.07,65.32,0.86,ISS0049,Task,High,17.25,9.53,Update UI,18.78,55.35,18.96,2.07,2.3,0.4,Develop feature,Critical bug,Feature,10.6,6.5,David,18.99
SP0993,48.89,48.21,77.11,0.2,21.28,2.94,-1.55,1.03,David,38.5,61.14,24.87,3.53,2.22,13.44,0.41,ISS0747,Story,High,12.9,6.94,Fix bug,10.09,43.04,37.81,4.08,2.2,0.32,Fix bug,User request,Performance,10.12,7.64,Carol,-0.99
SP0746,43.77,48.97,89.05,2.87,42.86,0.73,-1.7,1.0,Carol,35.37,48.03,18.27,5.38,0.05,104.17,1.27,ISS0558,Story,Low,9.12,7.3,Fix bug,6.7,17.24,33.46,2.62,4.57,-0.5,Fix bug,Critical bug,Bug,10.42,6.19,Carol,15.53
SP0084,68.78,22.9,46.49,1.04,38.62,1.49,4.64,0.24,Alice,33.46,49.95,23.33,3.95,1.77,175.78,0.13,ISS0851,Bug,High,11.59,11.53,Fix bug,30.9,56.39,33.3,1.97,1.72,-0.53,Code cleanup,User request,Refactor,7.47,8.0,David,19.67
SP0239,56.8,57.17,30.53,7.68,72.44,4.32,-2.65,-0.4,David,37.0,29.96,43.04,3.84,0.48,148.05,0.58,ISS0034,Task,Medium,3.8,8.61,Update UI,19.57,48.1,29.33,3.15,0.73,0.06,Develop feature,New module,Bug,9.21,5.13,Bob,14.95
SP0435,61.44,22.13,90.2,5.55,22.67,0.99,2.34,0.16,Carol,25.92,62.12,33.85,4.78,2.16,157.7,0.14,ISS0288,Story,High,14.38,5.22,Refactor code,18.87,46.21,28.19,1.17,2.48,0.15,Improve performance,User request,Refactor,9.73,-0.43,David,6.28
SP0068,47.15,46.09,79.69,0.75,63.93,3.06,7.6,-0.37,David,27.42,70.56,26.21,2.57,1.45,62.8,0.24,ISS0510,Task,Medium,18.46,15.24,Fix bug,19.85,59.66,31.29,1.29,2.62,0.82,Improve performance,User request,Performance,7.42,3.88,Carol,12.06
SP0043,27.28,17.0,85.27,1.4,74.93,1.29,0.37,1.34,Alice,37.97,76.64,44.32,4.53,3.59,120.39,0.81,ISS0101,Task,High,2.84,4.62,Add feature,13.14,36.51,37.5,1.22,2.66,0.28,Code cleanup,New module,Feature,10.25,8.93,Alice,10.73
SP0942,56.7,42.72,87.65,3.95,66.93,1.2,5.44,-0.39,Alice,18.77,33.88,35.92,5.82,-0.17,101.62,0.41,ISS0825,Bug,Medium,12.47,6.82,Add feature,9.37,47.82,36.7,2.67,2.34,0.5,Code cleanup,User request,Performance,4.08,9.09,Carol,13.52
SP0365,26.32,36.96,72.18,-0.02,39.87,2.16,5.88,0.69,David,20.87,34.29,49.87,3.82,2.52,144.51,0.0,ISS0190,Bug,High,19.97,8.12,Refactor code,18.91,26.02,15.49,3.41,2.93,0.41,Improve performance,New module,Bug,8.91,2.9,Alice,8.79
SP0422,50.51,12.5,63.83,4.68,49.3,-0.19,5.72,0.33,Alice,51.39,41.49,39.5,2.12,2.34,188.35,0.99,ISS0291,Bug,Medium,12.95,3.9,Add feature,12.85,62.94,15.29,1.14,1.39,-0.05,Fix bug,User request,Refactor,7.38,3.42,Carol,20.99
SP0150,39.12,37.67,56.76,8.99,47.66,1.58,0.12,-0.25,Alice,31.05,42.54,18.74,10.44,2.45,134.82,0.17,ISS0225,Task,High,11.54,3.12,Refactor code,1.76,52.53,37.67,5.03,3.73,0.13,Fix bug,Tech debt,Refactor,12.21,4.55,Bob,4.81
SP0103,73.29,30.46,50.87,3.63,58.27,2.34,4.32,0.64,Alice,36.88,35.63,27.56,3.85,3.32,90.91,0.61,ISS0030,Bug,High,19.96,4.47,Add feature,9.38,44.41,29.97,-0.65,2.77,-0.19,Fix bug,Tech debt,Bug,21.63,7.63,Bob,17.92
SP0438,37.77,40.32,53.21,5.77,45.2,1.2,13.89,-0.37,Carol,46.28,40.69,28.03,3.64,1.53,115.15,0.13,ISS0750,Bug,High,17.99,10.15,Refactor code,27.06,43.4,21.91,0.72,4.74,0.13,Develop feature,Critical bug,Performance,7.41,4.42,David,11.09
SP0431,100.69,24.15,113.1,4.46,42.32,2.61,1.95,0.84,Bob,22.78,57.93,28.86,3.83,0.82,77.47,0.25,ISS0762,Task,Medium,8.5,3.69,Add feature,12.42,27.81,26.82,2.33,1.57,0.75,Code cleanup,New module,Performance,11.55,5.95,Alice,14.56
SP0261,8.67,25.74,51.17,9.64,44.55,-0.02,-1.51,-0.2,Carol,26.74,50.2,47.01,1.98,0.91,286.24,0.89,ISS0712,Task,High,10.54,6.93,Add feature,11.28,41.77,20.04,3.44,5.13,0.33,Fix bug,User request,Feature,12.05,8.71,Bob,19.46
SP0748,37.21,46.56,74.08,4.06,59.91,2.27,7.35,0.07,David,35.24,58.61,32.22,5.02,-0.52,105.72,0.55,ISS0801,Bug,High,10.44,7.06,Fix bug,13.65,43.73,27.56,1.69,0.09,-0.25,Code cleanup,New module,Refactor,15.32,6.43,Bob,14.79
SP0042,47.6,35.3,85.8,10.38,59.24,1.27,0.28,0.7,Bob,47.13,59.9,30.24,5.46,1.03,113.68,-0.32,ISS0176,Story,High,6.47,1.66,Refactor code,16.45,57.06,16.43,2.94,0.01,0.82,Improve performance,Tech debt,Refactor,3.5,2.32,Carol,11.45
SP0487,33.71,42.75,79.79,1.58,48.07,2.12,1.71,0.1,Carol,43.92,50.37,25.47,3.91,1.59,111.06,0.84,ISS0426,Bug,Low,13.5,2.61,Add feature,6.1,39.99,30.21,0.31,3.35,0.74,Code cleanup,User request,Performance,16.94,3.86,Carol,4.58
SP0831,80.22,42.16,89.2,6.55,50.15,0.74,2.01,0.19,Carol,41.3,43.79,47.25,6.35,1.81,249.22,-0.34,ISS0992,Bug,Medium,15.51,7.19,Fix bug,3.15,23.32,33.45,3.01,-0.69,-0.27,Code cleanup,Tech debt,Performance,-0.26,6.17,Bob,12.2
SP0925,40.91,44.95,73.6,3.8,51.51,2.39,0.68,0.56,Alice,34.6,33.85,40.51,10.11,2.45,214.74,0.17,ISS0658,Story,Medium,14.43,0.36,Update UI,11.97,32.19,17.02,1.88,1.5,0.05,Code cleanup,Critical bug,Bug,16.77,1.12,Bob,14.75
SP0784,41.02,42.5,84.36,5.39,29.84,3.2,6.02,0.41,David,40.08,32.35,40.62,2.43,3.06,46.35,0.28,ISS0844,Story,High,13.42,13.19,Fix bug,23.4,57.13,22.45,2.22,4.08,0.08,Develop feature,User request,Performance,2.1,7.32,Bob,4.08
SP0061,68.9,36.48,82.3,1.54,60.09,1.81,-1.52,0.5,Alice,52.62,40.5,23.16,3.48,-0.58,199.43,0.05,ISS0135,Bug,Low,14.86,4.25,Refactor code,15.96,36.22,30.41,2.29,0.41,0.81,Improve performance,New module,Performance,10.81,7.35,Alice,11.11
SP0086,81.05,60.89,92.32,0.87,65.96,3.28,-1.38,0.67,Carol,45.82,72.54,45.16,3.69,1.07,278.95,0.42,ISS0066,Bug,High,11.0,4.8,Update UI,16.64,11.33,21.5,1.08,1.84,0.52,Fix bug,User request,Refactor,15.3,9.85,David,20.97
SP0693,52.45,57.44,64.69,2.8,71.68,2.66,5.18,0.69,Carol,33.1,51.43,33.49,4.62,2.03,159.09,0.13,ISS0771,Story,High,10.24,6.67,Fix bug,3.74,46.57,25.9,2.29,2.83,0.68,Code cleanup,Tech debt,Bug,13.64,4.82,Alice,12.73
SP0097,64.28,57.86,54.69,5.57,21.08,1.61,3.62,0.16,Alice,31.96,42.43,44.18,4.58,1.81,90.89,-0.69,ISS0022,Task,Medium,15.0,1.24,Fix bug,18.42,27.84,29.67,3.07,0.24,0.97,Improve performance,New module,Feature,15.9,11.18,Alice,12.73
SP0711,64.46,27.54,72.93,2.17,53.03,0.18,2.52,0.1,Alice,27.42,45.57,55.65,6.02,0.94,59.22,0.42,ISS0689,Story,Low,11.58,6.78,Update UI,15.07,45.53,27.22,0.2,0.25,0.35,Improve performance,Tech debt,Refactor,17.7,5.49,Bob,11.66
SP0847,50.15,19.66,62.25,0.51,52.45,2.37,3.53,0.25,Bob,51.6,32.65,17.36,-1.54,-0.64,152.17,0.43,ISS0044,Task,Medium,5.42,7.09,Update UI,6.79,40.14,25.95,1.85,2.74,0.39,Develop feature,New module,Feature,10.84,8.18,Alice,10.56
SP0995,56.28,19.69,78.35,1.11,50.84,1.8,3.81,0.44,David,57.98,54.96,40.72,1.76,1.32,70.65,1.5,ISS0425,Bug,High,14.74,10.48,Refactor code,15.2,49.49,27.87,-0.29,0.73,0.42,Develop feature,New module,Refactor,15.3,6.42,David,15.68
SP0548,53.42,34.08,79.0,0.28,51.4,4.38,-3.37,-0.55,Alice,55.34,30.78,42.22,4.66,1.88,104.8,1.11,ISS0129,Bug,Low,17.49,7.92,Add feature,12.1,41.84,38.49,1.93,0.77,0.2,Improve performance,Critical bug,Bug,15.86,3.54,Alice,19.69
SP0569,83.58,13.12,71.07,5.76,38.14,-0.75,9.99,0.59,Bob,14.82,54.36,39.85,0.17,2.75,76.58,1.37,ISS0632,Bug,High,20.54,7.51,Fix bug,16.24,48.9,30.36,-0.83,0.03,0.44,Develop feature,Tech debt,Refactor,2.24,6.38,Alice,7.14
SP0575,43.04,24.8,87.72,1.47,57.32,3.54,10.52,0.01,Bob,44.91,54.58,25.42,1.91,-1.35,85.8,1.29,ISS0027,Story,High,9.29,5.44,Refactor code,6.74,50.28,35.07,-1.13,2.37,0.53,Code cleanup,Tech debt,Performance,17.99,4.89,Carol,16.43
SP0757,40.26,35.49,72.38,6.23,68.33,0.92,0.01,0.41,Alice,41.07,64.19,38.11,5.15,1.57,223.14,0.82,ISS0614,Task,Low,11.21,8.27,Update UI,10.82,35.61,29.32,5.42,2.17,0.39,Develop feature,Critical bug,Feature,13.75,5.53,Bob,6.71
SP0909,45.38,48.98,43.72,-0.61,65.27,1.43,5.88,-0.14,David,31.29,63.93,23.93,2.94,-2.89,182.89,-0.13,ISS0490,Task,High,19.19,-0.82,Update UI,17.36,29.75,27.69,2.71,0.12,0.55,Improve performance,Critical bug,Refactor,11.26,3.87,David,13.06
SP0107,17.89,40.28,71.9,8.73,36.31,-3.52,0.74,0.64,Bob,55.82,62.38,27.29,5.47,0.51,73.58,0.19,ISS0697,Story,Medium,6.99,2.49,Fix bug,6.43,35.92,24.83,3.69,2.59,-0.45,Develop feature,Tech debt,Performance,5.47,7.72,Carol,23.49
SP0767,39.6,42.61,67.86,5.07,29.44,3.1,3.73,-0.0,Alice,30.9,60.63,29.45,0.54,-0.43,232.24,0.39,ISS0928,Bug,Medium,12.28,9.05,Refactor code,15.04,58.35,31.25,1.79,3.42,0.08,Develop feature,New module,Refactor,8.04,4.66,Carol,6.87
SP0994,46.67,56.16,73.51,5.73,46.79,0.72,0.17,0.31,David,43.0,51.91,33.68,3.76,1.61,124.14,1.4,ISS0620,Bug,Low,5.03,4.59,Update UI,13.1,33.83,19.23,2.03,1.39,-0.03,Code cleanup,Tech debt,Feature,-3.14,8.59,Bob,12.61
SP0689,70.11,13.01,85.17,1.6,32.97,2.31,5.6,0.87,Carol,38.95,55.29,36.75,4.48,3.79,158.57,-0.22,ISS0812,Task,Low,0.79,4.72,Update UI,20.05,47.75,38.18,4.37,3.14,-0.64,Develop feature,New module,Performance,8.63,9.17,Alice,11.82
SP0827,52.38,28.33,38.12,2.31,39.64,0.57,-0.54,-0.21,Alice,51.5,66.22,36.04,4.97,0.74,156.47,-0.82,ISS0723,Task,High,8.51,2.77,Refactor code,6.02,38.03,35.62,2.4,1.21,-0.16,Improve performance,Critical bug,Performance,0.22,6.38,David,11.96
SP0189,83.44,33.35,73.14,9.95,46.18,0.71,4.9,0.22,Alice,17.53,67.59,44.1,1.16,2.19,154.12,0.75,ISS0893,Bug,Medium,7.81,2.18,Fix bug,19.43,50.09,25.7,4.77,2.23,0.77,Code cleanup,User request,Feature,14.14,7.05,Carol,10.3
SP0105,56.69,45.72,52.42,8.37,13.02,0.64,-0.77,0.26,Carol,32.58,45.69,42.82,4.78,-0.07,168.81,0.56,ISS0449,Bug,Medium,16.66,9.89,Refactor code,30.86,27.19,27.41,2.04,2.07,0.6,Fix bug,Critical bug,Performance,9.84,8.74,Bob,7.6
SP0796,45.43,22.79,77.61,2.37,14.64,3.0,0.65,-0.53,Bob,38.32,71.46,11.24,-1.67,3.16,172.99,0.37,ISS0528,Bug,Low,2.92,4.42,Fix bug,3.45,30.46,34.56,0.54,2.69,0.61,Improve performance,Critical bug,Performance,10.06,11.37,Carol,11.55
SP0435,26.75,16.27,52.14,-1.24,41.13,2.67,2.23,-0.26,Bob,30.63,81.48,28.49,9.83,2.59,164.57,-0.21,ISS0864,Bug,High,10.68,9.05,Update UI,17.86,45.43,19.12,0.99,1.26,0.4,Fix bug,Critical bug,Performance,4.06,4.9,Bob,10.04
SP0907,18.58,39.17,100.66,4.37,51.22,3.73,6.69,0.37,Alice,36.7,31.7,45.53,2.34,1.34,129.81,0.65,ISS0990,Bug,Medium,12.83,4.24,Fix bug,16.82,36.33,30.56,2.76,2.29,0.31,Code cleanup,New module,Feature,11.34,14.07,Bob,6.9
SP0889,49.24,36.63,67.97,10.0,50.6,1.48,-3.39,0.02,Carol,44.14,61.44,32.24,1.92,1.64,131.13,1.07,ISS0030,Story,Medium,2.68,8.37,Refactor code,22.88,42.27,15.1,2.04,0.23,0.91,Develop feature,New module,Feature,11.86,8.16,Alice,13.88
SP0707,34.37,14.63,72.2,1.2,45.4,1.1,-5.41,-0.14,Carol,55.42,56.86,51.11,7.54,1.31,206.08,-0.01,ISS0910,Bug,Medium,13.0,7.26,Update UI,6.94,26.04,24.41,2.38,1.37,1.03,Improve performance,New module,Feature,8.55,9.26,Carol,10.4
SP0199,9.8,24.68,83.17,0.82,47.29,0.55,-2.97,0.21,Bob,44.84,64.07,44.71,2.57,1.45,111.46,-0.1,ISS0849,Bug,High,15.48,0.56,Update UI,16.11,36.45,23.94,1.96,2.65,0.1,Code cleanup,User request,Performance,7.15,7.02,Bob,17.13
SP0212,26.3,31.28,52.16,1.39,31.72,-0.92,-0.12,-0.02,Alice,59.26,37.6,40.2,4.69,3.12,158.51,0.95,ISS0698,Bug,Medium,3.42,5.13,Add feature,4.75,27.55,29.21,-0.78,3.28,0.6,Fix bug,New module,Performance,15.5,8.23,Carol,7.86
SP0079,47.1,38.46,71.6,7.11,15.59,3.2,3.2,0.95,Carol,35.03,24.31,27.32,6.58,2.95,151.22,0.45,ISS0253,Task,Low,4.06,9.07,Update UI,25.26,33.01,35.18,0.55,2.0,0.78,Improve performance,New module,Refactor,16.2,4.77,Carol,15.97
SP0267,78.87,-0.53,97.36,-1.11,59.7,1.45,3.46,-0.07,Carol,30.72,67.72,36.02,2.37,1.17,99.14,0.84,ISS0418,Bug,Medium,11.85,4.26,Fix bug,13.46,38.75,25.72,3.52,0.94,-0.06,Develop feature,Tech debt,Refactor,8.8,9.01,Alice,14.4
SP0187,31.58,30.86,96.84,5.12,52.28,2.24,0.76,0.1,David,35.08,72.5,26.84,7.29,2.44,207.43,1.14,ISS0908,Task,Medium,18.13,9.42,Add feature,18.94,41.13,22.42,1.71,0.02,-0.29,Fix bug,Tech debt,Refactor,6.08,3.32,Alice,10.9
SP0268,38.02,26.56,75.24,5.62,57.0,3.55,8.47,1.1,David,31.19,45.16,33.81,5.09,0.97,83.28,0.19,ISS0445,Story,Low,9.37,9.36,Fix bug,25.13,25.13,20.75,1.54,4.75,0.9,Improve performance,New module,Bug,8.55,9.17,David,14.14
SP0403,35.6,33.48,76.03,4.24,40.17,0.55,-5.71,-0.48,Bob,48.77,35.88,34.57,1.33,-0.6,210.42,0.07,ISS0487,Story,Low,9.04,5.89,Refactor code,1.7,26.14,26.34,1.59,2.99,0.87,Improve performance,Critical bug,Feature,16.44,10.57,Alice,20.23
SP0720,46.79,29.69,61.52,4.55,53.13,1.54,-0.63,-0.08,David,30.91,28.19,23.29,4.19,1.76,221.37,0.63,ISS0154,Task,High,19.17,7.7,Add feature,8.22,31.99,0.27,1.52,0.47,0.57,Develop feature,Tech debt,Feature,14.23,8.4,Bob,9.96
SP0030,74.02,26.83,53.92,4.53,23.98,4.64,-2.6,0.54,Bob,48.07,18.72,48.14,6.54,2.85,136.37,0.66,ISS0375,Story,High,14.56,2.7,Add feature,3.84,24.64,39.82,3.73,4.38,0.5,Fix bug,New module,Bug,9.0,10.89,David,15.4
SP0837,70.58,30.11,91.22,2.56,48.58,2.94,-5.45,0.5,Bob,38.19,41.82,13.81,7.07,2.77,47.17,-0.24,ISS0040,Story,High,1.07,6.99,Update UI,13.88,44.55,29.27,4.89,1.97,0.49,Code cleanup,Critical bug,Performance,9.98,7.25,Carol,16.41
SP0685,75.16,79.48,60.46,3.13,39.89,0.52,8.81,-0.12,Carol,59.62,53.08,27.26,1.14,2.03,118.47,1.09,ISS0938,Story,Medium,14.67,10.18,Update UI,16.32,50.59,26.45,1.52,0.64,1.19,Code cleanup,User request,Refactor,4.49,6.62,David,13.09
SP0629,57.91,35.47,64.14,7.96,55.05,1.95,10.0,0.15,David,50.72,51.86,36.44,4.54,1.4,136.09,1.37,ISS0400,Task,Medium,13.55,8.86,Update UI,18.38,50.89,33.08,3.11,1.98,-0.04,Fix bug,New module,Bug,8.71,8.0,Alice,21.25
SP0394,55.85,19.49,78.85,0.97,50.42,2.06,-4.51,0.29,David,32.52,30.73,31.81,8.25,1.64,66.6,1.48,ISS0171,Story,Low,12.27,7.37,Fix bug,17.32,23.31,30.64,0.51,2.04,0.63,Code cleanup,New module,Bug,14.96,9.39,Bob,-3.71
SP0413,59.4,15.86,75.11,9.9,50.86,2.27,2.35,0.28,Alice,38.74,15.89,19.14,3.02,0.84,207.1,0.24,ISS0054,Story,Low,5.12,10.06,Fix bug,11.5,25.14,33.73,1.72,-1.22,-0.11,Fix bug,Tech debt,Refactor,1.75,3.6,Bob,15.41
SP0269,42.92,47.55,70.62,3.79,23.29,4.25,-2.16,0.61,Carol,41.92,63.74,37.79,9.38,-1.82,220.66,-0.43,ISS0897,Bug,Medium,13.05,13.84,Update UI,18.03,36.14,29.69,1.68,2.78,0.59,Develop feature,Tech debt,Feature,7.1,7.45,Bob,5.5
SP0158,35.67,34.85,44.49,4.49,53.15,0.78,8.85,0.5,David,44.91,33.21,32.79,5.94,3.65,210.41,0.11,ISS0254,Bug,Medium,11.9,1.74,Fix bug,19.93,40.36,16.7,0.5,2.29,-0.15,Improve performance,Critical bug,Refactor,15.1,-0.92,David,16.6
SP0155,36.77,26.11,42.21,8.78,62.74,2.24,0.3,-0.08,Carol,47.25,66.29,15.7,5.38,1.25,126.19,0.6,ISS0844,Story,Medium,12.18,6.61,Add feature,16.09,45.7,24.49,1.39,0.92,0.13,Develop feature,New module,Feature,10.83,12.4,David,19.05
SP0746,62.2,31.13,80.05,5.91,55.3,0.26,2.17,0.02,Carol,35.06,43.5,27.31,4.94,2.73,272.93,-0.16,ISS0127,Bug,Medium,17.28,5.01,Add feature,11.91,31.54,28.0,1.94,3.89,1.05,Code cleanup,New module,Feature,9.31,4.93,Alice,18.66
SP0720,48.67,57.43,74.77,2.34,50.89,-0.19,-0.24,0.64,Carol,41.7,46.04,24.34,5.46,3.81,54.08,0.47,ISS0853,Task,Low,4.59,8.41,Fix bug,13.81,30.75,22.41,-0.09,2.16,-0.09,Develop feature,User request,Refactor,9.33,9.03,Alice,20.11
SP0380,34.62,40.13,52.28,4.95,60.42,1.8,2.08,0.2,Alice,39.26,60.17,45.24,7.6,2.35,235.53,0.33,ISS0068,Task,Low,19.55,2.22,Refactor code,26.2,58.09,33.67,-0.46,1.73,0.95,Improve performance,New module,Performance,10.03,8.57,Carol,11.76
SP0415,33.31,46.21,71.38,3.39,73.35,4.56,1.45,0.99,Bob,17.91,67.38,40.67,0.91,2.85,59.52,0.61,ISS0540,Bug,Medium,11.47,2.07,Refactor code,13.61,42.98,31.57,2.95,1.8,0.39,Improve performance,Critical bug,Feature,9.58,5.56,Bob,3.44
SP0655,61.29,27.07,64.67,-1.7,65.7,3.71,4.89,1.31,Bob,45.06,44.26,30.8,8.83,-1.38,122.85,0.66,ISS0534,Task,Low,7.72,11.38,Add feature,20.12,23.47,30.11,1.14,3.79,-0.14,Improve performance,Critical bug,Feature,11.92,0.66,David,10.15
SP0875,63.58,34.43,84.57,2.16,53.19,1.53,-3.23,0.24,Alice,55.93,40.47,31.48,8.28,4.32,227.11,1.11,ISS0042,Story,Low,17.61,7.72,Refactor code,14.63,32.09,24.47,2.09,4.51,1.15,Improve performance,Tech debt,Performance,10.81,8.83,Bob,17.66
SP0003,31.49,23.82,81.02,2.86,52.94,1.66,7.87,-0.31,Alice,31.62,53.82,36.7,5.43,1.94,131.95,-0.08,ISS0451,Bug,Medium,17.23,9.17,Refactor code,19.2,36.89,15.57,2.24,3.17,0.08,Develop feature,User request,Bug,10.63,3.44,Alice,25.13
SP0138,33.17,22.45,64.81,1.27,53.3,1.1,-1.64,1.07,Alice,38.82,43.03,27.12,4.17,1.8,70.28,0.63,ISS0683,Task,Medium,7.89,10.66,Refactor code,13.31,20.64,40.38,0.1,1.78,0.49,Code cleanup,Tech debt,Refactor,7.27,1.67,Alice,3.93
SP0661,29.85,10.12,69.94,-0.91,57.42,1.33,-1.31,-0.27,Bob,36.51,48.39,42.84,5.71,1.78,105.17,-0.23,ISS0340,Bug,High,7.64,9.83,Refactor code,11.1,41.5,42.72,0.07,2.68,0.71,Develop feature,Tech debt,Performance,8.17,9.57,Alice,15.52
SP0785,66.86,39.58,80.77,8.52,29.81,3.66,1.4,0.59,David,26.01,54.75,40.12,2.72,1.62,89.85,1.03,ISS0230,Bug,Low,5.86,7.19,Fix bug,23.24,37.15,12.87,1.82,2.12,0.78,Fix bug,User request,Feature,8.6,7.84,Carol,17.58
SP0425,54.72,28.81,55.46,4.03,28.98,0.8,-11.01,0.32,David,29.09,41.12,29.83,4.34,1.78,234.73,0.51,ISS0914,Story,Medium,13.54,8.0,Fix bug,8.52,31.92,25.98,2.61,3.69,0.06,Improve performance,Tech debt,Refactor,17.59,2.38,Alice,5.8
SP0827,35.74,27.98,84.03,-0.26,50.04,2.09,10.0,0.43,David,40.19,47.17,46.15,5.84,2.17,159.1,0.82,ISS0387,Bug,High,6.65,6.73,Add feature,20.56,39.5,24.17,1.68,3.29,-0.28,Fix bug,User request,Feature,23.13,4.29,Bob,-4.83
SP0114,35.72,4.95,44.5,6.89,53.54,0.7,9.1,0.97,Carol,45.82,32.98,44.23,6.03,1.0,15.33,0.65,ISS0825,Bug,Low,0.23,6.47,Add feature,10.32,32.38,41.31,1.64,4.35,-0.23,Develop feature,Critical bug,Feature,17.38,1.13,Alice,14.8
SP0178,49.84,14.34,56.41,11.14,68.19,-0.81,1.95,0.7,Bob,46.36,60.31,29.06,3.86,1.46,181.0,0.51,ISS0621,Bug,Low,7.28,6.54,Update UI,20.35,50.43,29.58,1.18,3.45,0.56,Develop feature,User request,Feature,8.54,4.91,David,21.68
SP0489,46.6,53.26,61.03,1.64,39.2,-0.35,-2.72,0.01,Alice,27.25,69.77,47.17,1.75,0.53,114.49,0.64,ISS0913,Task,Low,18.65,7.3,Update UI,13.81,45.37,25.8,4.53,0.08,-0.21,Improve performance,Tech debt,Feature,17.35,6.32,Alice,19.82
SP0183,81.75,52.0,69.61,4.02,40.7,-0.12,8.7,0.73,David,45.01,36.72,22.58,6.46,1.53,145.26,0.7,ISS0809,Story,Low,22.62,5.82,Fix bug,13.09,50.95,29.32,3.29,-0.05,-0.34,Fix bug,Tech debt,Performance,12.76,3.01,Carol,8.93
SP0636,46.12,22.81,78.62,4.91,28.19,0.26,1.23,0.08,Carol,41.12,54.9,33.47,1.9,1.69,26.69,0.77,ISS0849,Bug,Medium,14.19,2.13,Fix bug,11.75,36.64,31.68,5.91,0.5,-0.02,Fix bug,New module,Bug,12.93,7.75,Bob,13.48
SP0188,77.77,46.08,48.73,4.87,62.93,3.75,0.49,0.27,Bob,37.73,35.21,33.22,5.7,2.98,187.35,-0.04,ISS0542,Task,Low,14.39,0.59,Update UI,8.79,43.64,28.33,2.17,2.52,-0.01,Code cleanup,New module,Performance,14.07,6.44,Carol,7.02
SP0234,86.11,14.95,58.28,1.15,62.21,0.5,6.02,-0.02,Carol,24.25,64.28,40.62,9.37,5.81,133.06,0.7,ISS0548,Bug,High,14.75,5.29,Fix bug,14.16,35.64,30.16,1.06,3.92,1.05,Code cleanup,Critical bug,Bug,12.13,2.48,David,14.84
SP0714,66.43,32.31,93.64,5.94,25.08,3.31,8.37,-0.73,Carol,47.02,46.0,18.29,6.97,3.11,255.68,1.18,ISS0733,Bug,Medium,8.67,7.87,Update UI,21.46,29.42,22.62,0.96,3.39,0.11,Develop feature,User request,Performance,10.88,3.25,David,12.72
SP0821,23.72,29.38,69.65,8.87,39.55,3.56,5.45,0.28,Bob,32.96,59.95,37.3,7.19,0.71,118.66,0.56,ISS0801,Task,High,10.8,8.47,Refactor code,11.56,26.31,21.16,1.02,3.26,0.86,Develop feature,New module,Refactor,7.9,4.94,David,11.65
SP0886,46.8,57.42,70.79,2.55,24.08,1.72,-4.57,-0.3,Bob,13.66,44.84,52.12,9.02,5.98,144.35,1.79,ISS0099,Bug,Medium,4.32,4.44,Add feature,16.9,49.33,23.94,3.65,3.87,0.45,Develop feature,Critical bug,Feature,10.38,9.24,Bob,22.74
SP0773,31.16,38.17,67.52,3.35,54.8,2.16,-2.63,0.28,Carol,41.27,30.54,39.35,2.06,-0.51,101.79,-0.17,ISS0632,Task,Low,4.94,9.85,Refactor code,17.13,47.29,27.37,-0.62,1.82,0.33,Improve performance,Critical bug,Refactor,10.35,5.57,Carol,14.91
SP0659,55.92,33.39,78.9,6.81,45.3,4.08,10.52,0.6,Bob,30.21,45.54,39.87,3.83,1.71,187.28,2.08,ISS0228,Bug,High,10.53,7.13,Update UI,16.71,50.65,27.06,3.12,0.21,0.41,Improve performance,Critical bug,Performance,11.42,4.04,David,21.75
SP0801,26.04,45.1,84.52,3.26,61.51,2.59,-0.23,0.44,Bob,47.49,59.63,44.46,6.89,1.15,124.63,0.94,ISS0778,Bug,Medium,10.67,11.4,Add feature,8.59,51.41,28.18,1.6,2.03,0.53,Develop feature,User request,Bug,7.27,5.79,David,12.04
SP0031,35.85,25.45,52.34,4.06,31.52,3.83,5.68,0.19,Carol,51.5,33.9,31.43,5.43,2.09,96.58,0.14,ISS0069,Task,Medium,18.7,8.34,Fix bug,8.73,29.51,24.58,2.15,0.55,0.33,Develop feature,Critical bug,Performance,9.69,-2.46,David,12.16
SP0979,18.85,21.82,76.54,4.62,63.94,4.97,0.6,0.52,Carol,46.11,64.19,55.39,7.47,1.43,196.78,0.93,ISS0881,Task,Medium,17.98,3.41,Refactor code,13.21,53.62,34.55,0.25,2.69,-0.32,Improve performance,Critical bug,Performance,-0.59,3.4,Bob,21.72
SP0143,55.5,51.27,57.0,0.24,77.14,3.24,2.21,0.43,Bob,61.22,37.16,38.6,4.39,0.71,103.0,1.19,ISS0627,Task,Medium,18.01,2.83,Update UI,4.32,37.16,32.31,4.63,-0.17,0.07,Develop feature,New module,Performance,6.67,1.52,Bob,20.78
SP0042,38.76,23.08,84.99,5.54,53.97,2.72,2.73,-0.3,Carol,34.52,69.15,37.41,5.67,2.83,128.1,-0.72,ISS0420,Task,Medium,14.93,7.15,Add feature,-0.64,21.07,30.19,3.16,1.58,0.79,Fix bug,New module,Refactor,10.8,6.77,Alice,0.18
SP0390,70.7,30.78,72.8,4.05,41.11,1.06,-0.01,0.31,Alice,53.24,14.04,48.89,6.14,2.11,173.44,0.88,ISS0355,Story,Medium,5.62,10.2,Refactor code,14.52,47.73,38.86,1.95,1.77,0.7,Develop feature,New module,Feature,13.71,14.26,Carol,3.24
SP0798,25.36,59.56,58.45,3.41,58.33,2.32,-2.82,0.16,Carol,46.24,40.5,34.84,6.43,2.6,66.24,1.14,ISS0821,Task,Medium,19.99,8.22,Refactor code,11.22,37.73,22.13,2.81,-0.01,0.25,Fix bug,New module,Refactor,14.88,5.61,Alice,13.79
SP0687,8.09,37.02,69.48,2.96,37.7,1.75,7.05,0.05,Alice,55.86,35.37,41.08,5.52,-0.94,148.49,-0.31,ISS0700,Task,Low,10.99,4.2,Update UI,8.6,44.81,21.75,2.25,1.56,0.07,Develop feature,Tech debt,Refactor,13.03,4.35,David,10.52
SP0469,65.83,43.44,72.82,7.87,34.52,2.97,12.14,0.19,David,48.23,53.97,31.12,-0.04,2.55,137.08,0.6,ISS0649,Task,Low,16.07,5.09,Add feature,11.92,54.44,25.67,0.51,3.81,0.04,Code cleanup,Tech debt,Refactor,7.32,7.02,David,9.49
SP0853,77.47,50.63,36.01,-0.65,89.15,0.42,-5.85,0.3,Alice,45.16,65.88,31.4,7.09,2.19,124.28,1.31,ISS0805,Story,High,7.6,6.74,Fix bug,18.83,32.7,25.64,2.12,3.53,0.49,Develop feature,Tech debt,Performance,6.62,13.33,Carol,17.44
SP0991,76.64,45.32,74.97,-1.67,66.75,1.39,3.42,0.55,David,27.52,46.8,41.42,2.63,3.35,228.59,0.56,ISS0274,Bug,Low,13.04,4.35,Refactor code,11.75,16.52,18.22,3.13,0.74,0.04,Code cleanup,User request,Feature,9.22,4.06,Alice,11.97
SP0766,49.27,32.36,46.9,-0.52,61.68,2.93,6.41,0.11,Alice,32.33,48.91,43.21,4.39,0.86,99.21,0.13,ISS0187,Story,Low,8.65,10.86,Refactor code,11.43,41.1,32.64,4.62,3.46,0.3,Code cleanup,New module,Performance,11.53,1.85,Carol,1.73
SP0730,68.24,19.87,65.07,-1.12,35.46,3.06,4.74,-0.14,David,42.99,43.55,29.56,5.07,5.46,164.31,-0.06,ISS0053,Story,Low,1.8,5.11,Fix bug,21.09,30.48,32.6,0.96,1.73,0.84,Develop feature,User request,Bug,10.04,6.45,Alice,14.61
SP0625,44.24,70.26,86.03,3.12,76.97,1.18,7.2,0.76,Alice,45.34,52.65,29.63,0.66,4.45,115.42,0.45,ISS0216,Task,Medium,-5.24,17.85,Fix bug,15.09,44.3,42.14,3.01,2.96,-0.27,Develop feature,New module,Bug,5.29,7.37,Carol,10.59
SP0788,31.83,40.68,77.77,-0.46,54.75,3.14,0.74,-0.24,Carol,28.44,69.21,47.27,2.13,1.25,143.21,0.57,ISS0665,Task,Medium,2.92,7.51,Refactor code,18.43,61.22,28.3,0.83,0.42,-0.51,Improve performance,Tech debt,Bug,10.21,7.11,Carol,18.6
SP0069,16.94,29.54,46.73,7.72,21.22,3.02,4.73,0.46,Alice,26.48,50.1,39.56,7.11,2.65,74.46,0.58,ISS0861,Task,High,15.62,2.79,Fix bug,11.94,36.72,26.32,3.09,2.72,0.77,Develop feature,New module,Feature,7.24,6.95,Bob,7.82
SP0836,75.6,40.79,87.73,6.21,30.09,5.4,3.36,0.27,David,36.08,26.77,40.97,5.32,-0.12,112.84,1.28,ISS0206,Task,Medium,17.7,5.12,Fix bug,15.95,24.41,21.29,1.5,2.09,-0.33,Code cleanup,Critical bug,Feature,8.54,11.83,Alice,9.07
SP0177,80.26,45.56,89.27,12.0,25.42,1.15,2.53,0.23,David,47.67,47.48,50.86,1.4,-0.09,115.77,1.22,ISS0377,Bug,High,16.26,5.27,Refactor code,15.07,27.08,25.13,0.04,2.28,0.24,Code cleanup,Critical bug,Performance,18.35,3.73,Carol,17.61
SP0054,48.19,35.42,76.66,3.15,69.83,0.86,-4.81,0.2,David,16.93,40.95,43.39,6.53,2.26,145.15,0.9,ISS0728,Task,Low,2.51,8.01,Fix bug,12.44,24.07,24.89,0.79,-0.97,-0.52,Fix bug,New module,Feature,9.21,8.03,Alice,16.35
SP0250,71.55,47.65,57.25,-0.2,64.63,-0.94,1.17,0.36,David,37.7,52.58,33.87,0.17,2.9,236.54,0.24,ISS0114,Task,Medium,8.66,9.22,Fix bug,13.67,45.42,23.81,2.41,1.49,0.79,Fix bug,New module,Refactor,12.77,3.02,David,15.31
SP0741,51.24,35.08,68.88,5.5,56.69,1.32,1.92,0.38,Carol,27.17,50.34,17.84,6.74,-0.44,34.49,0.24,ISS0153,Task,Medium,11.39,10.55,Refactor code,21.61,34.56,28.56,-2.08,1.8,-0.02,Code cleanup,Tech debt,Bug,13.49,6.62,David,17.83
SP0649,27.26,51.01,94.33,0.57,72.28,2.82,-1.98,0.32,Carol,13.39,47.75,31.49,1.33,2.09,227.14,-0.28,ISS0069,Story,Medium,9.03,6.0,Fix bug,12.79,71.83,21.43,2.67,0.67,0.04,Develop feature,User request,Performance,6.55,3.14,David,7.63
SP0165,58.44,68.38,59.5,0.17,37.19,1.23,1.06,-0.03,David,30.82,48.01,33.07,5.51,-1.13,48.28,0.76,ISS0894,Story,High,8.51,2.24,Update UI,16.5,37.47,17.95,-0.49,2.38,0.27,Code cleanup,Critical bug,Bug,4.61,0.04,Bob,9.68
SP0582,55.97,37.68,36.02,6.88,37.42,0.45,7.61,0.3,Carol,36.33,33.61,26.27,-0.27,2.54,33.7,0.71,ISS0084,Story,Low,9.66,4.27,Add feature,22.0,26.91,25.17,-1.26,1.97,0.17,Improve performance,Tech debt,Refactor,7.82,4.98,David,11.26
SP0110,43.36,30.46,75.57,5.04,39.96,1.16,6.8,-0.46,Alice,53.19,43.37,17.78,6.91,3.78,118.55,0.5,ISS0785,Task,Low,15.39,10.59,Update UI,26.65,49.64,21.94,4.96,2.48,0.36,Improve performance,Tech debt,Bug,11.86,2.39,Alice,23.32
SP0779,33.25,39.12,62.21,2.94,76.13,-1.78,11.68,-0.48,Carol,53.23,56.38,31.16,4.26,1.85,137.6,0.2,ISS0331,Bug,Medium,8.26,5.46,Fix bug,21.76,14.72,14.73,0.8,1.18,-0.34,Code cleanup,User request,Bug,12.11,2.6,Carol,20.54
SP0921,82.29,19.01,74.0,9.39,24.44,1.08,7.33,-0.48,Carol,40.34,41.4,36.01,3.77,1.03,231.85,-0.22,ISS0102,Story,Medium,16.3,4.73,Refactor code,11.64,43.38,22.5,3.43,0.2,0.19,Improve performance,Critical bug,Bug,15.03,4.83,David,10.49
SP0554,42.16,35.55,76.89,3.2,67.42,3.74,4.56,0.56,Bob,42.88,53.13,31.69,6.89,5.07,177.84,1.32,ISS0284,Task,Medium,11.19,7.54,Add feature,15.47,43.85,6.76,1.25,2.28,0.14,Improve performance,Critical bug,Feature,10.05,9.29,Carol,14.73
SP0604,17.49,28.77,70.16,4.83,106.01,-1.9,4.47,0.13,Carol,31.27,27.01,32.27,5.24,4.32,119.29,0.21,ISS0022,Bug,High,9.3,11.35,Add feature,15.06,39.3,31.33,2.52,3.03,-0.34,Code cleanup,User request,Feature,10.91,4.84,Carol,11.79
SP0667,36.18,52.69,81.78,5.62,71.24,0.8,-1.84,-0.24,Carol,27.28,45.55,34.3,3.83,0.54,161.9,1.24,ISS0699,Task,High,13.19,5.21,Fix bug,2.83,35.18,17.63,1.13,0.75,0.37,Improve performance,User request,Bug,9.92,2.66,Carol,6.86
SP0798,47.29,57.63,55.24,6.35,66.49,3.82,1.99,0.21,David,52.27,41.85,41.18,7.27,1.57,72.75,1.99,ISS0660,Story,High,8.2,6.81,Refactor code,10.58,29.69,30.49,1.67,-0.31,0.13,Code cleanup,Tech debt,Refactor,15.42,1.38,Carol,14.36
SP0839,68.19,54.13,102.41,2.95,65.62,2.8,-1.18,0.11,Bob,46.32,48.14,30.85,1.28,0.29,28.19,0.7,ISS0510,Task,High,11.91,1.19,Add feature,16.01,35.55,21.28,2.64,1.49,0.07,Fix bug,New module,Bug,20.7,3.93,David,15.53
SP0187,19.22,43.13,108.67,6.45,55.34,1.92,15.4,0.12,Alice,39.51,44.68,47.93,4.68,-0.35,49.43,0.64,ISS0295,Task,Medium,10.22,4.4,Update UI,21.25,46.81,38.61,2.5,1.24,0.36,Fix bug,New module,Bug,6.83,6.44,David,15.31
SP0969,24.87,46.05,80.45,1.81,41.32,0.5,4.16,0.4,Bob,33.57,84.03,40.93,5.4,1.13,191.86,0.46,ISS0825,Task,Low,10.31,9.1,Update UI,7.35,26.77,34.45,4.09,2.46,1.32,Develop feature,Tech debt,Refactor,9.95,0.85,Alice,13.93
SP0625,43.76,30.14,45.99,1.56,75.82,2.0,1.37,0.2,David,33.56,37.79,34.74,6.33,0.75,132.7,1.04,ISS0807,Bug,Low,18.56,4.46,Refactor code,11.75,32.86,29.14,2.28,2.81,0.18,Code cleanup,Critical bug,Feature,9.42,7.1,David,14.38
SP0597,34.02,26.37,80.58,4.75,46.36,2.45,8.66,0.23,Alice,58.56,44.43,37.57,-0.86,1.53,105.16,1.25,ISS0094,Task,High,9.43,9.22,Fix bug,15.51,42.97,25.55,-0.19,-0.38,0.31,Fix bug,New module,Bug,6.96,6.48,Alice,15.39
SP0049,43.71,17.45,50.09,4.61,49.0,0.69,9.75,-0.22,Alice,19.17,59.68,33.24,2.23,2.54,163.79,0.68,ISS0744,Story,High,10.23,4.23,Update UI,24.44,31.58,29.69,1.93,2.77,-0.62,Improve performance,User request,Refactor,10.27,13.01,David,10.66
SP0300,66.09,52.52,75.3,5.53,59.99,1.3,-4.6,0.65,Bob,51.63,20.68,30.86,8.06,1.21,141.79,0.68,ISS0476,Story,Medium,12.87,5.1,Refactor code,9.96,42.2,6.33,0.94,-1.04,0.15,Fix bug,User request,Bug,15.82,12.48,David,10.77
SP0639,38.46,20.92,90.97,5.73,61.63,2.56,-3.01,0.25,Carol,29.27,74.15,35.9,4.88,2.54,40.29,-0.61,ISS0331,Task,Medium,18.01,5.01,Add feature,4.97,56.49,32.28,0.56,3.05,0.29,Improve performance,Tech debt,Bug,6.57,10.47,David,13.55
SP0565,51.2,41.21,49.39,5.91,51.94,3.1,-3.02,0.3,David,46.48,12.82,34.83,5.56,1.49,295.54,0.99,ISS0284,Bug,Medium,18.14,7.74,Fix bug,12.54,47.97,27.67,2.03,5.45,1.03,Improve performance,Critical bug,Performance,9.63,11.12,Carol,17.8
SP0974,34.26,23.98,61.37,6.39,53.81,1.44,-1.53,0.47,David,33.02,40.73,19.72,2.17,3.63,110.67,0.73,ISS0003,Task,High,9.67,4.05,Update UI,12.12,48.73,16.68,-0.29,1.89,0.53,Improve performance,New module,Refactor,11.75,7.72,Alice,6.97
SP0694,35.86,27.0,63.92,1.36,66.56,4.47,12.53,0.56,Carol,54.37,37.75,47.58,5.99,1.39,58.47,0.41,ISS0293,Bug,Low,8.29,4.61,Fix bug,17.8,31.87,27.93,4.79,1.76,0.85,Code cleanup,New module,Performance,10.06,8.73,Bob,7.97
SP0928,45.77,10.28,109.99,8.29,39.81,1.5,5.63,-0.17,Carol,19.07,72.45,41.94,1.89,1.47,185.04,-0.05,ISS0659,Bug,Medium,4.7,3.87,Refactor code,18.31,25.43,16.85,2.22,0.58,-0.16,Improve performance,User request,Feature,5.46,9.33,Bob,9.35
SP0931,35.93,36.89,52.0,4.72,63.33,0.93,2.05,0.6,Carol,67.76,27.67,35.69,6.72,2.62,221.3,1.45,ISS0465,Task,Medium,9.89,3.57,Refactor code,24.52,39.73,32.47,2.1,-1.75,1.28,Improve performance,Critical bug,Refactor,13.11,4.57,Carol,8.92
SP0040,23.84,55.85,80.78,4.54,47.07,2.61,2.66,-1.0,David,56.45,61.29,42.68,3.48,-0.21,83.93,-0.32,ISS0397,Bug,High,12.97,8.58,Refactor code,21.25,24.22,18.75,2.4,1.08,-0.2,Code cleanup,New module,Bug,10.28,9.69,Bob,6.65
SP0650,52.97,41.51,81.76,0.71,74.07,0.43,-3.16,0.15,David,41.68,28.06,39.68,8.27,1.79,112.26,0.34,ISS0914,Task,Low,1.25,10.54,Update UI,19.51,42.02,20.98,0.36,1.18,0.01,Fix bug,Critical bug,Bug,15.05,2.06,Carol,27.57
SP0328,41.99,31.74,52.27,1.72,36.11,0.87,0.53,0.07,David,39.1,41.77,44.55,3.73,2.06,130.83,0.26,ISS0885,Task,High,3.1,3.86,Update UI,1.68,33.78,33.33,2.56,4.21,-0.25,Fix bug,Critical bug,Feature,4.04,12.9,Alice,19.69
SP0242,59.37,38.51,62.2,1.82,67.61,4.82,0.46,0.15,Carol,54.42,56.49,37.92,6.55,0.03,40.49,-0.14,ISS0200,Story,High,9.05,11.59,Update UI,22.24,53.26,31.2,2.68,-0.2,0.41,Develop feature,User request,Bug,8.16,7.99,David,9.91
SP0115,30.67,45.04,86.8,8.88,32.01,0.35,9.47,-0.17,Bob,21.6,39.26,44.28,6.22,2.37,193.11,-0.03,ISS0286,Story,High,5.06,7.84,Update UI,13.57,45.53,31.5,1.45,0.33,0.4,Develop feature,User request,Bug,10.73,3.05,Bob,11.96
SP0998,31.21,-2.14,64.78,5.2,75.8,2.09,4.01,0.76,Bob,57.01,64.72,27.45,4.52,2.52,86.26,0.72,ISS0177,Bug,Low,12.76,8.44,Add feature,22.75,39.95,23.61,1.7,3.14,0.84,Develop feature,Tech debt,Bug,9.79,8.19,David,11.82
SP0325,68.28,70.68,55.06,0.64,64.8,3.41,3.19,-0.14,Carol,44.63,42.15,40.49,0.71,3.52,106.26,1.66,ISS0478,Task,Low,10.42,1.58,Add feature,15.29,45.74,26.36,1.32,2.05,-0.14,Fix bug,Critical bug,Feature,7.57,13.75,Bob,13.68
SP0516,47.6,39.04,34.97,6.74,38.63,2.91,-2.14,0.17,Alice,47.47,44.9,36.86,3.65,-0.16,135.05,0.65,ISS0760,Bug,High,10.24,14.79,Update UI,28.39,23.06,31.92,4.39,3.11,-0.08,Improve performance,New module,Bug,11.42,4.28,Bob,18.28
SP0315,60.4,43.43,37.97,2.35,58.41,1.94,4.64,0.0,David,58.94,39.12,38.63,9.27,-0.08,282.28,-0.13,ISS0570,Task,High,17.41,5.36,Update UI,10.34,33.2,18.7,3.43,1.47,0.01,Develop feature,User request,Feature,16.18,18.15,Bob,5.54
SP0842,47.01,41.08,82.49,10.7,45.53,1.79,8.27,-0.32,Alice,26.77,29.94,36.95,7.02,-0.76,198.63,-0.31,ISS0186,Task,High,12.04,5.23,Refactor code,4.39,57.59,20.34,2.37,2.41,0.12,Develop feature,User request,Refactor,12.24,6.44,David,17.1
SP0648,54.8,44.27,105.0,-0.75,48.78,3.45,8.24,0.15,Alice,50.48,50.63,23.72,0.21,-0.42,218.0,0.09,ISS0170,Bug,High,6.61,3.36,Fix bug,17.33,24.77,21.92,2.87,1.51,0.1,Improve performance,Critical bug,Refactor,9.85,11.06,Bob,16.24
SP0238,65.32,38.49,81.61,0.87,36.31,5.16,2.31,-0.11,David,37.53,45.75,39.53,3.26,1.87,109.19,0.99,ISS0145,Bug,High,9.79,9.51,Refactor code,10.6,30.41,32.51,0.88,1.14,-0.49,Code cleanup,Critical bug,Bug,17.6,8.55,Bob,12.6
SP0520,75.9,43.31,82.34,3.64,57.94,1.9,3.39,0.39,Carol,37.75,50.97,43.81,7.15,2.03,157.98,-0.05,ISS0933,Bug,Low,7.43,6.57,Update UI,21.89,26.9,25.07,2.18,2.39,-0.01,Code cleanup,User request,Refactor,17.09,9.67,David,10.39
SP0509,21.71,46.71,68.7,1.86,23.07,2.03,5.75,0.02,Alice,40.58,60.47,34.27,4.36,2.26,116.13,0.88,ISS0590,Story,Low,4.87,5.13,Fix bug,18.71,18.8,26.4,2.31,2.55,1.11,Develop feature,Tech debt,Feature,15.09,9.44,Alice,4.75
SP0104,41.63,54.01,40.14,5.37,48.32,1.84,-1.49,0.66,Bob,60.73,49.62,18.35,4.88,-1.19,120.23,0.34,ISS0769,Bug,Low,12.8,5.91,Fix bug,11.83,39.12,22.81,0.4,3.26,0.09,Code cleanup,Tech debt,Refactor,7.82,6.23,Alice,21.16
SP0656,31.47,74.11,38.49,6.08,65.42,3.55,7.89,0.4,Carol,45.53,49.82,27.66,3.17,3.6,143.28,-0.2,ISS0828,Bug,Low,26.94,4.48,Update UI,12.94,40.31,20.68,1.71,2.79,0.28,Code cleanup,New module,Feature,16.36,-0.86,Carol,12.84
SP0638,31.04,52.81,83.14,11.66,42.21,2.23,0.75,-0.11,Bob,41.45,55.91,28.71,3.46,2.26,85.58,0.18,ISS0985,Story,High,19.23,11.32,Update UI,13.44,44.32,49.24,2.13,2.21,0.91,Develop feature,Tech debt,Feature,7.0,7.9,Bob,5.56
SP0268,57.33,37.71,75.61,2.66,65.3,3.47,3.64,-0.16,Alice,22.24,34.94,39.48,6.26,1.73,209.73,0.89,ISS0740,Task,Medium,13.95,5.12,Fix bug,15.57,37.36,11.14,-0.06,0.37,-0.07,Fix bug,Critical bug,Feature,13.64,0.78,David,5.89
SP0870,56.14,57.45,40.23,4.73,78.55,1.24,4.02,0.67,David,27.48,34.08,36.66,0.85,-2.0,215.93,1.25,ISS0162,Task,Medium,16.09,2.9,Update UI,17.27,38.9,25.23,2.48,2.39,-0.08,Improve performance,New module,Performance,22.4,8.0,Bob,8.45
SP0295,55.44,66.74,67.51,5.57,10.54,3.07,-1.91,-0.33,Carol,39.13,31.62,39.33,2.23,2.22,189.24,-0.18,ISS0342,Bug,High,11.44,6.29,Update UI,7.21,38.85,40.05,4.12,0.81,-0.23,Code cleanup,New module,Feature,14.99,12.81,Carol,22.43
SP0980,45.59,53.38,94.51,5.19,72.43,2.3,9.19,0.68,Carol,36.72,67.26,30.99,6.4,2.52,198.31,0.9,ISS0489,Story,Low,12.15,7.06,Refactor code,11.2,51.41,29.53,3.11,4.01,0.24,Code cleanup,New module,Refactor,10.33,2.22,Alice,6.44
SP0046,35.12,28.32,86.49,4.89,19.25,2.05,0.71,0.19,Alice,50.19,27.1,17.28,3.99,0.21,96.36,0.41,ISS0727,Task,Low,17.43,8.63,Fix bug,5.32,31.45,33.65,3.42,1.27,-0.42,Improve performance,New module,Refactor,14.11,3.8,Carol,12.33
SP0012,24.04,16.55,79.54,4.49,52.45,2.16,-0.19,-0.24,Bob,54.47,53.75,44.38,3.72,-0.18,79.47,1.05,ISS0377,Task,Low,17.05,15.68,Fix bug,18.83,35.31,22.06,0.14,2.32,0.06,Fix bug,Tech debt,Feature,18.96,7.78,Carol,12.58
SP0035,37.74,11.87,59.16,4.46,55.64,2.18,3.87,-0.01,Alice,27.39,16.74,17.44,-0.22,1.81,154.09,1.35,ISS0702,Story,High,7.53,5.35,Add feature,16.67,60.44,27.96,2.65,-0.42,0.04,Improve performance,Critical bug,Performance,7.27,1.23,Bob,18.73
SP0781,68.6,33.71,79.81,6.81,70.81,1.2,0.72,0.04,Bob,17.39,26.55,30.68,6.62,1.79,67.92,1.04,ISS0215,Task,High,7.25,5.09,Refactor code,4.44,31.82,30.75,1.31,3.15,0.26,Code cleanup,User request,Feature,5.26,5.21,Bob,15.35
SP0286,66.85,32.61,71.95,-1.53,40.13,0.76,0.38,0.3,David,33.0,53.78,36.67,7.63,1.32,126.75,0.29,ISS0024,Task,High,5.63,11.26,Refactor code,14.15,43.94,38.34,1.78,1.1,0.51,Fix bug,New module,Performance,12.8,14.2,Bob,11.83
SP0701,75.86,29.49,82.09,2.32,56.73,2.74,-6.37,0.54,Bob,39.29,48.19,26.09,8.65,3.2,205.58,0.72,ISS0338,Bug,Low,1.76,15.14,Fix bug,4.39,51.99,30.04,2.15,3.38,0.46,Develop feature,User request,Bug,12.44,8.73,Carol,11.41
SP0722,76.41,33.83,78.92,1.72,26.9,2.3,1.42,0.54,Alice,42.13,46.65,44.43,5.62,2.4,172.37,1.06,ISS0290,Bug,Medium,5.31,5.41,Add feature,18.39,45.28,35.11,1.92,2.19,-0.62,Fix bug,New module,Performance,13.4,0.66,Carol,1.27
SP0296,96.14,49.48,75.55,3.88,88.26,0.41,0.09,0.01,Carol,50.65,32.73,45.63,10.1,5.13,187.25,0.05,ISS0560,Story,High,21.27,7.84,Refactor code,11.05,48.06,14.9,0.41,3.54,0.72,Develop feature,User request,Feature,4.25,8.05,Alice,21.82
SP0364,44.39,27.65,74.64,2.34,29.9,3.45,2.06,-0.27,Bob,41.11,34.55,39.85,7.39,2.81,35.57,0.18,ISS0458,Bug,Medium,10.24,6.43,Refactor code,18.08,46.9,34.56,1.23,0.96,0.65,Code cleanup,User request,Refactor,21.95,6.43,Bob,16.52
SP0273,56.01,36.6,44.95,12.05,57.66,3.25,-3.54,-0.34,Alice,50.73,46.4,17.91,6.23,-0.02,153.53,1.06,ISS0212,Task,Medium,13.28,11.61,Add feature,12.69,49.58,23.11,0.52,-0.02,0.11,Code cleanup,User request,Refactor,21.61,-2.27,David,18.01
SP0463,42.13,53.42,61.16,3.27,38.99,2.62,10.48,-0.84,Bob,43.89,63.83,26.56,1.31,1.03,133.11,0.39,ISS0942,Task,High,6.97,5.63,Refactor code,12.65,40.75,35.88,1.29,1.94,1.2,Improve performance,Tech debt,Performance,23.4,5.44,Alice,12.85
SP0872,37.24,19.45,65.71,5.86,58.99,-1.16,4.33,0.61,Carol,22.03,53.97,32.85,3.15,0.32,25.7,0.39,ISS0657,Task,High,12.64,4.09,Fix bug,9.93,32.12,25.38,0.34,1.25,0.2,Code cleanup,New module,Refactor,15.03,10.23,Alice,4.63
SP0380,54.03,73.39,65.46,0.37,73.88,3.41,10.12,0.13,David,29.23,52.37,28.27,3.24,1.44,128.21,1.84,ISS0054,Story,Medium,1.86,12.62,Update UI,9.69,61.16,20.4,3.66,1.86,0.37,Code cleanup,Critical bug,Feature,8.48,7.65,Carol,18.84
SP0912,33.37,22.82,98.12,6.27,89.42,2.3,4.6,0.35,Alice,30.86,36.18,48.95,8.01,1.66,144.55,0.54,ISS0834,Task,Medium,8.61,12.03,Refactor code,20.97,52.37,36.17,2.41,0.78,0.44,Improve performance,Critical bug,Feature,11.87,3.73,Carol,11.38
SP0867,48.47,43.48,95.05,1.8,75.89,1.16,6.79,0.31,David,56.02,60.3,37.64,3.36,2.98,145.96,1.2,ISS0503,Bug,Low,7.62,3.88,Update UI,16.44,36.13,28.01,3.47,0.87,0.6,Develop feature,User request,Performance,9.22,9.58,David,21.24
SP0158,70.97,32.05,79.99,1.69,74.73,3.1,5.81,0.11,Carol,57.36,60.63,29.41,7.94,1.47,156.75,0.99,ISS0631,Bug,High,18.45,4.63,Fix bug,5.06,40.12,29.74,1.09,1.08,0.08,Improve performance,User request,Performance,9.71,12.24,David,14.98
SP0976,37.43,22.57,110.51,2.45,39.02,3.43,3.25,0.6,Bob,50.49,35.09,24.43,5.52,4.15,178.32,1.69,ISS0554,Story,Medium,6.95,5.69,Fix bug,16.31,39.6,22.5,1.34,3.13,-0.3,Fix bug,Tech debt,Refactor,15.08,9.28,Carol,11.03
SP0352,44.51,38.62,70.8,2.51,64.3,-1.07,12.3,-0.06,Alice,26.01,54.47,29.02,7.88,3.86,41.72,-0.51,ISS0781,Story,Medium,14.57,3.3,Fix bug,-0.14,45.23,29.45,3.96,1.51,0.45,Develop feature,Critical bug,Refactor,16.42,7.48,Carol,12.35
SP0330,47.82,54.93,68.26,0.64,27.7,2.43,0.32,0.39,David,26.94,23.85,41.45,4.89,0.92,172.89,1.56,ISS0423,Bug,Medium,8.77,7.13,Update UI,-0.5,31.91,22.53,3.17,1.83,-0.01,Improve performance,New module,Bug,16.89,10.65,David,29.72
SP0468,72.91,77.26,68.31,3.55,46.97,0.43,3.17,0.25,Alice,45.32,42.28,28.09,4.31,1.49,165.08,1.07,ISS0282,Bug,High,18.93,5.8,Fix bug,9.89,45.59,23.15,2.36,1.25,0.44,Code cleanup,New module,Bug,11.76,8.03,Bob,17.24
SP0019,46.89,9.2,61.93,4.16,31.36,-0.55,2.97,-0.17,David,27.42,54.06,37.11,9.07,0.42,60.84,0.81,ISS0620,Story,Low,14.66,1.51,Refactor code,20.93,43.96,31.1,0.92,1.41,0.12,Code cleanup,Critical bug,Feature,18.51,1.33,Bob,20.22
SP0733,61.53,32.05,70.75,8.68,69.23,2.69,5.7,0.67,Carol,39.17,46.78,35.96,3.29,0.95,139.63,-0.07,ISS0701,Bug,High,23.23,6.17,Fix bug,16.87,51.33,26.4,3.18,2.97,0.13,Develop feature,Critical bug,Bug,14.61,4.68,David,5.31
SP0791,38.69,43.87,82.42,6.37,47.56,1.82,7.93,0.52,David,38.76,42.39,28.13,8.84,0.67,114.95,0.36,ISS0954,Story,Medium,14.13,5.37,Fix bug,13.37,41.47,16.89,4.67,-1.32,-0.33,Develop feature,Critical bug,Performance,3.17,9.99,David,19.96
SP0049,29.05,38.17,94.68,6.78,49.67,1.16,-0.87,1.38,Carol,51.67,87.81,35.47,5.33,1.81,283.34,-0.45,ISS0752,Task,Low,5.72,7.29,Refactor code,15.54,34.75,27.31,2.72,2.59,-0.27,Code cleanup,New module,Refactor,4.96,5.8,David,18.78
SP0952,22.44,55.09,61.3,0.09,24.96,2.8,0.5,0.01,Alice,41.22,58.23,49.0,5.91,1.04,102.14,1.19,ISS0301,Task,Medium,10.81,4.12,Update UI,7.69,40.55,30.85,-0.92,2.23,-0.38,Code cleanup,User request,Refactor,9.72,4.36,Alice,16.7
SP0790,73.53,45.28,70.17,5.85,37.66,2.39,-10.31,-0.09,David,27.96,49.83,31.94,2.96,0.44,70.18,1.18,ISS0209,Bug,High,15.04,3.46,Fix bug,22.54,54.35,25.13,3.2,2.36,-0.07,Fix bug,User request,Refactor,15.71,0.82,Alice,14.95
SP0045,47.49,63.0,49.38,8.26,85.56,2.05,3.13,0.25,Bob,49.85,47.21,45.51,7.03,3.71,151.04,1.59,ISS0807,Story,High,17.76,9.29,Update UI,16.22,39.84,19.61,2.81,2.86,0.51,Code cleanup,New module,Refactor,9.79,4.58,David,6.18
SP0616,78.15,18.82,44.31,3.32,46.61,0.17,-2.22,-0.29,David,26.4,42.24,28.8,5.92,3.49,141.37,0.63,ISS0264,Bug,Medium,26.6,10.8,Add feature,15.76,42.3,33.75,3.8,1.08,0.18,Develop feature,User request,Bug,17.44,7.42,Alice,18.79
SP0437,55.05,42.97,47.82,2.11,56.13,4.1,1.59,0.12,David,52.01,26.57,40.43,9.15,3.77,91.31,0.87,ISS0203,Task,Medium,16.07,6.36,Add feature,5.99,35.33,30.72,4.85,4.06,0.21,Code cleanup,Critical bug,Bug,4.47,13.14,Carol,16.06
SP0196,35.54,36.23,65.11,3.71,48.2,3.98,-0.27,0.75,Alice,45.29,16.6,36.52,2.3,3.9,121.2,-0.87,ISS0365,Story,High,10.16,7.51,Fix bug,5.9,18.53,28.94,3.64,-0.18,0.92,Code cleanup,Tech debt,Bug,7.95,3.11,Alice,14.56
SP0566,45.18,24.46,75.68,3.2,37.0,0.42,3.29,0.51,Alice,52.17,38.0,29.27,5.76,1.58,201.52,0.56,ISS0853,Bug,Medium,5.51,1.99,Refactor code,10.13,19.65,21.46,-0.96,1.87,0.22,Code cleanup,Critical bug,Feature,11.59,3.99,Alice,14.58
SP0644,5.17,38.79,84.39,5.73,71.32,-0.26,6.85,-0.03,Carol,47.33,61.55,51.72,5.92,0.42,146.4,-0.06,ISS0224,Bug,High,17.16,8.46,Update UI,22.74,49.94,28.86,-0.94,4.33,0.16,Fix bug,User request,Bug,8.27,5.63,Bob,18.94
SP0355,70.5,19.85,74.3,-0.49,78.47,3.35,9.29,0.1,Bob,36.11,49.62,40.78,7.27,2.08,153.01,0.48,ISS0127,Story,Medium,14.9,4.26,Refactor code,12.02,51.45,21.35,1.32,3.7,1.0,Fix bug,New module,Performance,15.02,13.03,Bob,15.98
SP0566,50.8,33.24,81.81,7.3,70.17,0.93,9.6,0.44,David,31.72,56.76,43.86,5.54,-0.06,68.15,1.2,ISS0792,Task,Low,20.96,4.63,Refactor code,19.33,31.43,37.66,1.96,0.23,0.63,Fix bug,User request,Feature,7.53,1.39,Carol,19.44
SP0693,55.94,47.15,73.21,3.87,30.81,3.67,0.16,-0.01,Carol,35.69,32.82,30.05,5.51,4.58,68.24,0.68,ISS0355,Task,High,3.99,10.37,Update UI,12.18,44.25,35.03,3.19,1.4,0.64,Develop feature,Tech debt,Bug,21.31,12.15,Carol,21.38
SP0700,60.0,46.9,38.41,4.94,62.9,4.45,10.25,-0.36,David,30.11,26.39,41.26,1.1,4.79,159.81,0.94,ISS0502,Story,Low,2.54,7.26,Refactor code,14.79,42.41,32.83,1.8,0.42,0.24,Improve performance,New module,Feature,6.37,4.91,Alice,14.02
SP0317,73.91,61.42,62.62,7.96,54.62,1.17,-0.66,0.21,David,54.41,54.52,30.87,3.87,1.45,89.94,-0.15,ISS0686,Story,Medium,15.15,2.78,Fix bug,24.71,49.26,23.68,1.49,2.91,0.11,Code cleanup,Critical bug,Feature,2.11,3.18,Bob,24.16
SP0642,64.81,34.0,60.63,7.17,57.57,2.68,3.18,0.53,David,27.26,59.02,34.26,3.02,2.96,65.67,0.78,ISS0106,Bug,High,6.99,4.09,Add feature,15.49,37.31,31.63,1.42,3.52,1.06,Fix bug,User request,Performance,8.18,7.88,Carol,14.09
SP0149,51.85,37.42,47.76,2.82,60.28,3.13,9.48,0.11,Bob,22.14,34.48,28.86,3.58,1.74,70.47,0.28,ISS0599,Story,High,6.4,7.96,Refactor code,26.76,44.37,21.82,0.26,0.71,-0.24,Fix bug,Critical bug,Feature,4.49,9.7,David,10.92
SP0753,47.22,13.21,61.08,7.5,63.33,2.57,5.24,-0.08,Carol,39.74,67.6,28.5,4.9,1.81,191.34,0.58,ISS0624,Bug,High,8.38,2.79,Fix bug,10.7,24.99,27.86,5.5,-0.99,-0.16,Fix bug,New module,Refactor,10.47,2.09,Carol,20.07
SP0170,62.42,2.12,68.39,7.13,29.45,0.68,0.29,0.06,Carol,18.93,60.31,30.76,0.2,0.76,7.67,0.6,ISS0814,Story,High,12.93,0.23,Update UI,16.27,42.71,18.49,-0.23,3.72,0.68,Code cleanup,Tech debt,Bug,8.56,7.97,Bob,16.28
SP0995,73.33,29.21,57.55,8.99,24.79,2.86,-6.67,0.34,Carol,52.78,19.35,32.86,8.58,4.63,183.6,1.29,ISS0925,Bug,Low,2.31,3.69,Add feature,15.0,14.95,34.48,3.64,1.86,0.71,Improve performance,New module,Refactor,3.6,3.02,Carol,10.96
SP0215,25.94,60.29,46.92,8.71,53.45,3.59,3.05,-0.48,Bob,44.02,49.14,33.1,2.0,2.19,39.28,0.48,ISS0944,Task,Low,9.79,4.6,Add feature,22.11,63.45,37.9,0.55,0.06,-0.22,Improve performance,Critical bug,Refactor,4.86,6.15,Carol,23.76
SP0802,44.11,45.05,61.64,4.01,50.66,2.29,-3.3,1.04,Carol,34.22,49.19,29.89,5.87,-0.2,67.42,-0.05,ISS0292,Bug,High,8.78,3.69,Update UI,14.51,26.88,30.68,3.52,0.51,-0.29,Improve performance,Critical bug,Bug,7.95,4.07,David,5.96
SP0695,64.7,63.59,97.8,5.53,29.02,4.36,5.68,-0.05,Bob,42.78,34.18,39.32,6.15,0.85,77.0,-0.53,ISS0048,Task,Low,16.09,9.18,Update UI,14.48,50.12,27.74,2.46,2.07,0.42,Code cleanup,User request,Bug,8.72,7.06,David,0.34
SP0584,54.58,31.07,67.71,4.95,42.2,2.34,1.03,0.56,Bob,34.95,47.55,40.02,3.66,3.71,121.24,0.64,ISS0310,Task,High,16.46,2.52,Fix bug,18.73,38.17,40.16,2.75,2.62,-0.15,Code cleanup,Critical bug,Bug,17.9,13.76,Alice,19.99
SP0885,53.77,39.38,52.15,6.86,36.03,3.44,7.09,-0.29,Bob,42.79,23.52,37.78,5.36,4.39,162.43,0.53,ISS0335,Task,Medium,0.36,8.95,Refactor code,20.03,36.33,38.47,1.83,0.79,-0.28,Improve performance,New module,Feature,8.75,12.07,Carol,5.56
SP0810,59.61,40.59,70.92,6.67,46.76,2.36,9.04,0.32,Bob,56.83,41.86,27.24,5.98,1.07,74.69,0.22,ISS0739,Task,Medium,4.84,1.97,Fix bug,8.34,30.6,25.71,0.82,-0.37,0.44,Improve performance,Critical bug,Performance,7.22,11.22,Carol,16.2
SP0814,59.88,36.27,69.67,6.99,29.06,-0.59,-1.8,0.98,Carol,29.89,54.8,50.76,5.79,4.0,183.82,0.99,ISS0370,Story,Medium,16.12,4.86,Add feature,14.13,42.45,23.57,1.89,0.51,0.25,Fix bug,Critical bug,Refactor,9.99,2.43,David,7.5
SP0458,60.51,50.05,88.21,6.9,19.54,0.19,0.88,0.08,David,44.5,56.77,38.9,4.0,3.34,93.15,0.12,ISS0203,Story,High,22.4,10.32,Fix bug,16.01,50.87,40.18,1.93,3.19,0.1,Code cleanup,Critical bug,Performance,15.98,9.13,Alice,8.88
SP0224,37.43,45.6,74.59,1.11,47.48,-0.23,5.18,0.39,David,54.45,46.63,26.78,6.93,0.62,61.85,0.09,ISS0165,Task,Low,12.45,7.93,Update UI,5.92,36.74,17.31,-0.03,5.1,0.56,Develop feature,Tech debt,Performance,9.4,9.25,Bob,15.84
SP0558,55.89,37.97,71.77,6.05,23.04,2.18,7.49,0.24,Alice,52.53,50.37,17.7,5.81,1.94,84.64,0.56,ISS0960,Task,Medium,12.3,7.57,Fix bug,19.12,49.44,19.58,1.08,2.26,-0.51,Fix bug,New module,Refactor,11.14,2.97,David,15.09
SP0965,43.57,66.83,65.09,0.52,76.23,4.4,-2.14,0.28,David,34.97,38.81,40.76,7.02,1.54,162.35,0.71,ISS0021,Story,High,7.65,11.4,Refactor code,12.8,40.21,26.13,0.76,1.66,-0.12,Improve performance,Critical bug,Performance,12.23,9.09,David,9.99
SP0995,60.61,19.15,69.09,6.37,69.89,3.05,2.01,0.05,Alice,17.85,66.32,30.5,4.15,1.17,197.62,-0.17,ISS0038,Task,High,10.33,9.46,Refactor code,6.43,46.66,31.84,0.37,1.61,0.23,Code cleanup,Critical bug,Feature,8.03,2.34,Carol,10.61
SP0819,44.02,22.44,85.39,4.49,40.68,2.97,2.86,0.08,Bob,36.72,31.68,28.42,1.89,1.07,151.68,0.0,ISS0537,Task,Medium,16.52,9.94,Fix bug,8.59,28.7,20.49,1.94,1.45,0.25,Code cleanup,User request,Refactor,7.98,5.89,Carol,21.38
SP0118,69.71,25.71,56.94,2.63,34.3,2.54,4.92,0.57,Bob,26.15,35.16,28.96,3.93,0.97,22.78,0.77,ISS0123,Task,Low,11.4,10.97,Add feature,9.78,35.6,26.41,2.08,-0.03,-0.01,Improve performance,Critical bug,Performance,16.52,2.93,Carol,7.06
SP0128,23.44,33.66,95.74,4.74,75.95,4.81,2.38,0.24,David,48.19,17.19,34.71,-1.08,-1.37,237.96,1.48,ISS0772,Bug,Low,7.15,8.88,Update UI,8.88,37.04,38.39,0.24,2.98,1.43,Develop feature,Critical bug,Performance,14.17,9.27,David,25.23
SP0199,53.71,29.87,102.42,5.97,38.62,3.69,2.7,0.73,Alice,41.14,56.56,32.99,5.54,1.51,182.08,0.62,ISS0354,Bug,High,15.55,9.11,Add feature,2.21,11.09,14.62,3.66,2.01,0.19,Code cleanup,Tech debt,Bug,11.16,8.51,Carol,7.31
SP0068,33.22,44.56,65.03,5.08,47.36,1.22,-1.08,-0.14,Carol,40.82,15.8,26.04,1.55,0.93,103.64,0.29,ISS0903,Task,Medium,4.92,-0.96,Refactor code,12.16,39.16,30.91,1.09,3.01,0.81,Code cleanup,Tech debt,Refactor,5.45,15.54,David,12.37
SP0710,49.96,62.51,99.01,4.67,45.0,-1.0,-4.8,-0.16,David,33.78,58.51,35.73,6.07,-0.2,74.87,0.47,ISS0060,Story,Medium,17.4,4.05,Refactor code,8.57,55.32,35.71,2.48,2.76,0.32,Develop feature,New module,Refactor,15.2,2.46,Bob,17.41
SP0263,41.94,28.98,78.51,9.53,52.07,1.93,6.98,0.46,Alice,39.85,38.43,45.23,7.93,0.1,63.83,1.05,ISS0654,Story,Medium,11.22,7.11,Fix bug,7.48,29.37,17.54,1.4,1.37,0.03,Improve performance,Tech debt,Bug,9.49,6.18,Bob,9.62
SP0800,35.14,27.96,58.31,7.58,61.22,2.03,2.29,0.83,Carol,39.63,64.84,19.4,2.67,1.38,140.65,-0.15,ISS0568,Bug,Low,15.14,3.29,Update UI,8.49,53.34,26.3,3.32,2.74,0.89,Improve performance,User request,Bug,7.12,8.89,David,6.26
SP0059,17.96,34.21,99.6,3.02,39.65,2.18,8.39,-0.1,Alice,55.87,45.09,44.17,6.55,2.48,107.15,-0.16,ISS0645,Bug,Low,15.75,6.58,Update UI,11.06,41.75,26.75,0.8,3.01,0.01,Develop feature,User request,Refactor,0.5,7.73,Bob,11.72
SP0625,35.19,12.31,85.65,6.76,34.84,2.58,3.25,0.44,David,28.9,75.01,39.64,3.69,-0.04,59.4,1.71,ISS0783,Task,High,4.24,13.85,Fix bug,12.15,34.1,39.01,2.38,3.29,0.3,Code cleanup,Critical bug,Feature,10.81,2.93,David,17.46
SP0125,55.89,35.61,44.05,2.05,57.4,2.8,-5.21,0.64,David,50.31,16.07,47.28,1.3,1.72,113.85,0.82,ISS0518,Story,Medium,10.16,8.63,Update UI,13.89,58.49,12.66,1.46,1.78,0.73,Develop feature,User request,Feature,11.8,10.82,Alice,19.24
SP0040,46.8,51.27,77.78,8.49,58.24,2.01,0.12,0.89,Bob,42.45,55.29,20.39,2.97,3.07,98.3,0.17,ISS0997,Bug,Low,11.53,13.41,Fix bug,23.27,30.61,33.49,2.26,0.73,0.63,Code cleanup,User request,Bug,11.42,10.63,Carol,8.4
SP0163,56.29,39.26,53.48,5.11,72.23,5.17,5.47,-0.24,Alice,42.97,25.69,36.26,2.98,2.85,109.36,0.59,ISS0738,Task,Medium,14.39,7.49,Refactor code,14.0,59.96,35.87,1.26,-0.9,1.24,Code cleanup,Tech debt,Refactor,3.42,2.34,Bob,8.35
SP0437,27.66,50.28,81.51,5.12,11.96,1.64,2.68,0.13,Bob,18.79,79.86,22.67,8.9,1.89,148.91,0.73,ISS0802,Task,High,18.21,2.91,Fix bug,13.99,37.02,19.25,3.73,3.4,0.81,Improve performance,Tech debt,Refactor,12.1,13.68,Bob,16.77
SP0672,68.71,34.19,114.77,2.96,55.9,3.05,0.09,-0.14,David,46.9,42.62,35.9,7.21,2.09,46.3,0.52,ISS0324,Story,High,11.91,9.95,Add feature,21.26,37.24,15.98,0.46,2.91,0.57,Improve performance,Tech debt,Refactor,4.47,5.15,Carol,18.26
SP0900,49.29,36.06,79.52,4.56,66.03,0.58,0.33,0.09,Bob,42.82,39.74,41.08,4.0,2.36,133.31,0.22,ISS0583,Task,Low,10.39,14.57,Add feature,17.93,50.75,31.62,3.56,3.1,0.35,Develop feature,New module,Refactor,9.72,9.06,David,11.18
SP0694,73.12,30.82,57.01,3.48,73.94,1.08,8.76,0.76,David,20.89,51.77,34.49,1.44,-0.65,113.56,-0.24,ISS0997,Bug,Medium,16.88,10.56,Add feature,21.01,47.51,23.29,4.47,0.1,-0.22,Fix bug,Critical bug,Feature,10.02,3.15,Carol,11.19
SP0601,51.87,51.65,50.7,7.22,51.83,2.96,5.49,-0.07,Alice,42.62,23.98,41.99,4.28,4.44,149.34,0.18,ISS0077,Story,High,14.81,7.3,Refactor code,6.59,41.06,19.08,1.53,3.08,0.85,Improve performance,User request,Performance,13.94,5.18,Alice,20.29
SP0018,37.89,45.86,79.82,4.44,51.11,1.1,-2.47,0.12,Carol,57.44,59.13,36.63,6.09,-1.41,190.62,0.3,ISS0591,Task,High,8.91,0.16,Refactor code,10.3,42.31,25.51,0.59,2.03,-0.47,Improve performance,User request,Bug,12.51,6.42,Alice,27.49
SP0481,56.87,35.04,55.96,8.98,70.02,0.38,4.71,0.67,Bob,47.51,40.27,30.15,3.46,1.73,119.8,0.17,ISS0490,Bug,Medium,6.58,8.16,Refactor code,16.68,28.35,25.08,2.61,0.39,0.28,Develop feature,New module,Performance,16.63,3.88,Carol,4.79
SP0825,62.75,40.33,66.67,4.44,78.59,3.52,0.89,-0.43,Carol,37.8,28.75,26.11,2.09,-0.08,73.42,1.1,ISS0678,Story,High,10.98,9.75,Add feature,20.82,33.66,21.66,2.65,2.96,0.36,Develop feature,Tech debt,Refactor,9.29,4.03,Carol,22.18
SP0486,10.9,48.22,45.31,2.3,69.09,3.07,-4.03,0.6,Alice,44.49,51.29,30.81,7.77,0.11,107.95,1.48,ISS0494,Task,High,9.72,6.28,Refactor code,13.52,42.98,35.92,2.53,0.03,-0.08,Develop feature,Tech debt,Performance,3.66,2.67,Alice,3.67
SP0193,71.88,62.18,68.94,1.71,51.07,2.78,2.79,0.06,David,59.31,58.87,36.79,3.49,-1.29,127.5,0.07,ISS0558,Bug,High,1.46,1.58,Refactor code,5.98,42.02,35.88,3.81,1.92,0.17,Code cleanup,Tech debt,Bug,19.35,4.76,David,8.85
SP0383,75.69,54.64,65.36,1.79,44.54,1.51,0.86,0.34,Bob,56.91,45.82,18.33,4.51,3.51,26.58,0.49,ISS0722,Bug,High,13.79,2.81,Update UI,15.43,41.08,19.98,1.15,2.7,0.7,Develop feature,New module,Performance,15.02,5.75,Alice,11.7
SP0718,70.4,26.57,85.85,1.53,30.7,1.27,6.64,0.16,David,15.04,39.1,29.7,5.56,0.43,167.07,0.15,ISS0499,Task,Low,12.47,16.07,Fix bug,9.72,32.98,25.01,2.52,3.13,0.22,Code cleanup,Tech debt,Bug,10.94,1.41,Alice,14.15
SP0834,44.03,42.23,60.51,7.93,74.41,0.59,3.69,-0.59,Carol,41.98,55.99,33.31,4.14,0.98,210.04,0.57,ISS0970,Story,Low,13.91,7.97,Add feature,12.07,55.14,33.68,0.88,0.66,0.37,Develop feature,Critical bug,Feature,7.46,4.12,Carol,19.35
SP0826,46.46,36.26,58.67,4.34,55.78,2.34,-2.36,0.57,Bob,31.69,48.38,17.98,4.64,1.32,262.08,0.77,ISS0630,Story,Medium,4.89,3.06,Fix bug,7.97,46.15,27.06,1.45,0.11,0.44,Improve performance,Tech debt,Feature,9.56,1.54,Carol,14.93
SP0909,41.25,53.08,97.32,5.71,54.26,1.15,4.98,0.98,David,56.81,46.47,23.27,1.74,1.19,134.05,1.02,ISS0138,Story,Medium,11.76,3.33,Refactor code,5.75,39.69,31.58,0.66,1.87,-0.04,Develop feature,User request,Bug,10.79,5.92,Bob,7.53
SP0716,51.1,49.05,64.27,7.65,59.68,1.57,-2.15,-0.23,Carol,53.07,46.24,41.33,2.77,1.73,157.08,0.07,ISS0782,Story,High,10.87,3.14,Add feature,16.51,26.34,37.67,1.71,1.12,-0.29,Code cleanup,User request,Feature,10.07,1.08,Bob,15.89
SP0477,34.67,54.38,81.96,9.77,103.67,1.81,-0.62,-0.13,Bob,58.95,37.07,39.7,8.0,2.58,100.6,0.85,ISS0798,Task,Low,14.52,5.65,Update UI,6.54,33.65,36.97,-1.7,2.72,0.32,Improve performance,User request,Feature,9.29,2.93,David,29.75
SP0498,50.81,21.65,75.85,3.5,83.65,1.91,5.15,-0.17,Alice,31.23,46.66,38.33,7.59,2.84,194.58,0.61,ISS0773,Bug,High,8.58,1.7,Add feature,12.96,27.49,33.54,5.5,1.61,0.24,Develop feature,User request,Bug,13.16,8.88,Bob,11.2
SP0233,69.8,46.82,57.73,-0.12,75.51,1.53,3.58,0.5,Alice,45.76,40.07,30.65,-0.33,2.06,141.81,0.8,ISS0364,Story,Medium,13.51,2.72,Refactor code,17.94,15.93,30.35,1.78,2.98,0.88,Improve performance,Critical bug,Bug,9.69,13.06,Alice,9.61
SP0595,54.14,44.97,35.98,2.51,40.41,-0.26,3.01,0.11,Alice,41.57,29.04,31.45,2.95,3.77,95.85,1.07,ISS0836,Task,Low,15.67,6.47,Fix bug,19.52,32.53,14.73,0.92,0.56,1.18,Develop feature,User request,Performance,11.84,9.77,Carol,17.0
SP0652,49.96,33.35,71.96,6.89,63.51,5.8,-1.12,0.25,David,53.55,33.17,41.46,6.99,2.89,-44.16,-0.11,ISS0696,Task,High,13.86,6.0,Update UI,10.38,39.7,29.18,0.87,3.18,0.34,Fix bug,User request,Refactor,13.95,7.05,Carol,19.3
SP0811,36.88,57.41,57.76,3.36,47.19,1.49,4.9,1.07,David,52.09,38.36,21.31,3.65,3.25,112.83,0.04,ISS0397,Task,Low,10.1,10.34,Update UI,15.51,57.93,28.07,3.23,1.89,0.31,Code cleanup,Tech debt,Performance,4.89,11.93,David,18.98
SP0393,72.55,56.99,86.68,3.55,71.01,1.71,4.09,0.09,Bob,51.11,37.88,24.38,5.74,2.92,-7.8,-0.68,ISS0189,Bug,High,16.02,1.58,Update UI,17.87,50.15,27.54,3.84,1.21,0.21,Fix bug,Tech debt,Refactor,9.38,-0.18,Bob,19.18
SP0128,78.38,38.97,38.99,2.62,33.3,0.64,0.67,0.54,Carol,63.94,19.69,33.15,5.17,1.86,170.82,0.55,ISS0675,Bug,Medium,3.01,8.75,Add feature,4.1,36.92,25.65,1.08,0.87,0.05,Improve performance,Tech debt,Refactor,6.12,7.87,Alice,6.8
SP0569,30.16,38.94,61.94,2.58,50.15,0.7,1.78,0.65,Bob,35.53,56.01,37.13,7.88,2.06,81.27,0.01,ISS0985,Story,High,25.72,7.38,Update UI,15.87,35.66,35.69,0.77,1.0,-0.36,Fix bug,User request,Bug,8.08,8.31,David,7.43
SP0106,19.94,2.44,97.48,2.76,48.13,1.16,-7.9,0.61,Bob,20.54,32.09,29.28,1.23,-0.33,171.53,0.27,ISS0748,Task,High,13.41,6.03,Add feature,13.83,44.15,33.59,3.67,1.4,0.82,Improve performance,Tech debt,Feature,7.38,5.03,Alice,16.44
SP0330,13.7,41.57,46.56,4.43,66.87,0.48,-0.04,-0.5,David,45.19,55.67,32.22,4.21,1.75,243.08,0.8,ISS0248,Task,Medium,16.07,2.64,Update UI,6.59,23.47,34.18,-0.32,1.81,0.16,Fix bug,Tech debt,Refactor,15.94,11.65,Carol,5.39
SP0614,61.41,22.34,79.27,5.17,48.53,1.41,12.44,0.53,David,33.99,31.03,27.16,9.88,2.81,153.16,1.08,ISS0510,Bug,Low,14.17,8.08,Add feature,16.88,42.51,28.46,2.9,1.99,0.16,Improve performance,Tech debt,Bug,6.59,8.76,Carol,28.32
SP0354,37.79,54.81,58.33,2.62,53.67,2.37,2.44,0.45,Carol,33.06,49.47,35.77,5.26,1.83,90.53,0.65,ISS0972,Task,Low,15.96,9.76,Add feature,16.9,16.15,21.21,0.44,1.29,0.26,Improve performance,User request,Feature,6.97,-0.99,David,24.73
SP0282,47.45,37.44,84.41,8.51,75.97,4.87,-1.07,0.09,David,31.77,29.37,43.05,1.47,1.39,124.77,0.78,ISS0651,Task,High,11.22,7.24,Add feature,3.9,29.51,12.83,0.13,2.1,0.5,Fix bug,New module,Bug,14.87,3.43,Alice,13.77
SP0031,53.86,41.21,88.27,1.69,14.22,2.63,0.19,0.21,Alice,53.0,54.96,45.88,9.52,2.49,127.79,0.31,ISS0364,Bug,High,5.63,7.08,Refactor code,2.61,47.46,36.56,3.75,2.42,-0.64,Fix bug,Critical bug,Performance,-1.74,9.17,Carol,5.64
SP0715,35.04,18.64,77.82,2.5,41.91,3.5,0.36,-0.38,David,32.39,63.09,38.54,4.04,4.85,52.32,0.86,ISS0373,Task,High,14.35,8.24,Add feature,8.6,26.83,28.41,2.47,1.9,0.49,Develop feature,User request,Feature,15.08,0.95,Bob,13.55
SP0659,96.96,31.47,86.47,1.24,63.64,2.25,4.17,0.6,Carol,25.94,44.18,45.68,4.6,3.23,73.49,0.07,ISS0879,Task,Medium,0.62,7.35,Add feature,13.19,30.99,23.34,-0.01,2.94,-0.15,Fix bug,Tech debt,Feature,13.6,4.85,Bob,16.43
SP0719,61.5,19.64,53.89,9.03,60.46,2.63,9.26,0.12,Alice,33.59,78.7,26.04,5.13,6.35,143.34,0.86,ISS0022,Task,Medium,12.16,1.81,Add feature,5.05,54.0,24.83,3.84,-0.79,-0.01,Develop feature,User request,Refactor,6.27,7.87,David,19.55
SP0455,47.88,37.96,55.65,0.33,18.72,1.96,-6.81,0.75,Alice,51.63,44.37,37.85,2.86,1.51,94.34,0.26,ISS0585,Task,High,11.42,10.95,Add feature,3.02,63.72,32.96,2.58,-0.77,0.5,Fix bug,Tech debt,Feature,13.95,9.75,Bob,21.17
SP0438,38.12,53.26,66.8,6.78,27.73,1.57,4.46,0.77,Carol,61.46,59.24,35.94,9.47,1.79,109.73,0.71,ISS0982,Bug,Medium,18.33,1.23,Add feature,15.96,29.51,17.36,2.37,2.36,0.17,Improve performance,New module,Bug,4.97,5.72,Alice,21.5
SP0018,65.46,33.11,39.42,3.41,61.76,1.09,5.17,0.24,Alice,18.95,62.82,38.85,3.86,2.3,109.4,0.92,ISS0006,Task,Low,20.74,1.59,Add feature,1.37,39.82,28.94,2.42,3.84,-0.02,Fix bug,Critical bug,Performance,15.61,5.69,Bob,13.52
SP0923,25.59,16.67,76.73,3.96,60.81,2.71,-3.45,0.45,David,72.33,54.44,33.85,5.26,1.2,141.66,0.53,ISS0234,Task,Medium,12.0,6.85,Fix bug,6.29,58.74,32.49,2.55,2.98,0.21,Fix bug,User request,Bug,3.49,10.37,Carol,5.2
SP0127,67.38,26.77,60.41,3.78,50.63,3.63,6.84,0.53,Alice,50.85,56.5,37.33,2.02,3.93,158.8,0.85,ISS0721,Task,Medium,7.52,2.44,Fix bug,26.97,26.6,26.75,2.97,0.79,-0.45,Improve performance,Tech debt,Refactor,8.28,1.54,Carol,5.54
SP0978,43.36,1.55,70.92,1.38,46.91,0.66,3.85,-0.39,Carol,30.12,42.75,39.67,5.52,1.25,222.0,0.41,ISS0539,Bug,High,17.05,4.37,Add feature,13.35,34.84,30.85,3.14,0.73,0.11,Fix bug,New module,Bug,14.17,7.75,Bob,11.57
SP0007,41.13,19.37,60.08,7.96,59.32,2.09,4.64,-0.07,Alice,39.82,47.07,43.54,2.46,3.15,190.42,0.42,ISS0192,Bug,Low,15.89,10.58,Add feature,8.12,25.12,38.57,3.0,1.74,0.55,Code cleanup,Critical bug,Performance,12.87,6.55,Bob,7.94
SP0836,65.68,37.09,59.07,2.24,17.77,2.49,-1.38,-0.39,Carol,46.59,72.43,46.45,5.71,0.21,96.12,0.78,ISS0518,Task,High,8.58,5.1,Refactor code,18.09,28.96,19.36,3.3,4.56,-0.21,Improve performance,Tech debt,Feature,7.53,11.26,Bob,17.6
SP0225,46.22,-7.83,63.95,3.0,40.67,0.69,0.44,0.57,Alice,37.6,50.7,40.86,0.48,0.63,138.71,0.95,ISS0610,Task,High,8.23,6.54,Add feature,13.81,37.28,26.19,1.03,1.86,-0.2,Fix bug,Critical bug,Bug,14.17,5.93,Bob,5.34
SP0456,22.16,20.27,72.3,4.58,18.64,3.67,5.97,0.1,Bob,42.95,42.21,23.45,3.77,-1.59,150.35,0.91,ISS0038,Bug,Medium,20.2,8.79,Add feature,8.0,39.12,29.84,3.55,1.71,0.24,Develop feature,New module,Feature,15.41,11.3,Carol,12.1
SP0210,51.36,30.08,72.17,6.36,45.95,1.64,4.35,0.83,Carol,8.5,38.86,30.07,4.64,2.1,111.76,0.74,ISS0305,Task,High,18.09,6.71,Add feature,28.86,48.39,28.82,2.11,4.68,0.75,Fix bug,Critical bug,Feature,-0.39,4.82,David,12.03
SP0389,66.52,48.26,99.26,2.88,83.89,0.3,5.24,-0.25,Bob,21.96,62.59,23.26,5.09,2.8,118.02,1.34,ISS0565,Bug,Low,9.59,2.9,Fix bug,-5.27,45.69,27.07,3.42,1.09,0.3,Code cleanup,New module,Performance,-1.85,5.15,Carol,22.1
SP0034,77.51,46.11,86.68,7.89,17.3,4.97,2.88,0.9,Bob,39.45,34.27,32.34,6.54,0.28,177.12,0.18,ISS0094,Bug,High,7.8,4.4,Fix bug,18.65,26.88,33.05,0.95,1.07,0.48,Code cleanup,Critical bug,Feature,7.78,3.11,David,14.08
SP0885,72.39,45.83,61.31,7.14,52.78,0.56,5.82,0.52,David,15.58,67.7,41.76,5.48,3.65,235.72,-0.66,ISS0526,Story,Low,11.95,13.59,Add feature,11.77,60.72,27.96,5.5,2.0,0.91,Fix bug,Tech debt,Feature,8.66,5.71,Carol,26.78
SP0540,30.75,36.36,77.22,-5.48,40.22,2.92,-0.77,0.14,Alice,54.18,34.61,54.47,3.71,1.86,114.14,1.11,ISS0634,Story,High,12.46,3.97,Add feature,10.34,29.11,31.35,3.44,1.4,0.56,Develop feature,Critical bug,Bug,11.36,10.22,Alice,7.98
SP0889,18.13,18.65,82.55,8.49,44.95,0.2,2.08,0.01,David,14.3,20.74,17.2,5.58,3.44,206.68,0.6,ISS0287,Bug,Medium,11.16,-1.23,Add feature,17.33,29.98,26.99,1.49,1.44,0.16,Code cleanup,New module,Refactor,11.55,4.99,Carol,17.35
SP0992,79.43,56.62,85.04,5.18,64.45,2.17,-3.01,0.21,David,38.87,60.9,26.23,6.72,0.64,164.07,-0.47,ISS0077,Task,Low,15.45,2.79,Update UI,20.55,43.63,29.78,2.7,1.46,0.5,Fix bug,User request,Bug,13.62,7.12,Carol,9.46
SP0848,58.78,9.2,98.18,2.76,60.04,2.49,5.55,-0.15,Bob,41.73,29.62,30.07,3.59,1.3,167.82,1.21,ISS0795,Story,Medium,5.92,4.44,Update UI,19.66,46.17,35.02,-0.4,1.23,-0.22,Fix bug,User request,Bug,11.03,9.78,Alice,9.26
SP0368,54.64,41.21,90.8,5.02,69.98,1.6,0.88,0.48,Alice,38.13,42.89,30.36,4.44,4.02,248.96,-0.46,ISS0879,Task,High,9.41,6.27,Refactor code,2.19,32.96,34.28,2.69,-0.27,0.37,Code cleanup,Critical bug,Refactor,10.82,6.57,David,14.87
SP0105,49.51,15.54,81.17,5.59,39.92,2.25,-4.46,0.79,Bob,45.28,57.09,27.88,8.04,1.34,74.9,0.28,ISS0210,Story,High,12.51,7.75,Add feature,12.47,28.06,35.85,1.17,4.6,0.65,Fix bug,Critical bug,Performance,11.34,5.05,David,10.54
SP0153,61.17,14.67,88.51,4.42,49.6,2.12,-0.59,-0.23,David,28.5,59.22,33.35,8.98,0.38,192.96,0.16,ISS0536,Bug,Low,13.83,4.19,Refactor code,21.52,37.59,25.94,2.83,3.46,-0.01,Improve performance,Critical bug,Refactor,13.67,5.85,Bob,9.85
SP0129,43.63,32.31,50.73,9.67,53.49,1.03,2.74,0.29,David,37.85,47.02,23.87,5.22,2.28,189.15,0.79,ISS0782,Bug,High,-2.16,9.96,Refactor code,7.31,57.0,33.0,2.57,1.19,0.13,Develop feature,Tech debt,Refactor,11.69,1.31,Alice,19.63
SP0706,34.86,36.37,79.74,4.11,32.28,1.68,0.65,0.55,Bob,41.4,59.32,28.36,4.68,1.58,85.42,0.86,ISS0511,Task,Medium,13.0,4.11,Add feature,10.35,37.96,22.51,0.65,1.14,0.68,Code cleanup,New module,Performance,12.58,5.71,Carol,12.32
SP0439,59.03,33.93,68.84,8.57,63.39,3.26,-1.79,0.27,Carol,20.58,1.47,27.36,1.98,0.99,191.72,0.66,ISS0532,Bug,Low,16.43,6.87,Update UI,8.29,65.46,24.89,1.51,2.31,0.24,Improve performance,Critical bug,Performance,13.2,7.19,Bob,10.6
SP0194,71.44,16.71,96.23,5.52,48.17,-0.49,-0.92,0.39,David,42.62,21.98,31.27,3.52,1.9,210.81,0.0,ISS0878,Bug,Low,5.36,10.87,Fix bug,2.56,39.61,22.72,1.16,0.89,0.03,Improve performance,Tech debt,Refactor,3.72,14.37,Alice,7.46
SP0907,33.38,46.67,59.01,6.88,77.13,2.19,10.28,-0.1,David,46.21,49.5,20.85,7.73,1.6,176.9,1.38,ISS0552,Task,Low,15.76,3.99,Fix bug,22.53,43.14,16.44,2.86,1.56,0.43,Fix bug,Critical bug,Performance,14.65,3.93,David,10.53
SP0529,37.07,12.57,24.37,3.75,32.11,2.76,2.8,0.29,David,52.99,54.86,33.66,5.26,1.53,91.91,0.86,ISS0913,Story,Medium,14.29,12.45,Add feature,17.0,29.2,19.89,4.29,1.36,0.07,Code cleanup,Critical bug,Bug,10.43,6.12,Alice,4.43
SP0153,59.16,40.01,63.06,1.76,67.77,1.55,0.08,1.04,David,56.89,44.76,40.99,5.95,2.05,40.44,0.91,ISS0809,Bug,Medium,1.77,6.75,Fix bug,-0.26,53.11,24.7,0.82,1.76,0.14,Fix bug,User request,Performance,6.39,10.76,Carol,3.33
SP0531,57.37,28.26,83.92,8.48,46.14,1.46,0.76,0.08,David,38.14,46.61,29.28,2.45,4.28,137.5,0.05,ISS0789,Story,Medium,2.64,4.57,Refactor code,23.3,48.2,22.06,3.91,0.89,0.02,Code cleanup,User request,Performance,6.65,11.21,David,1.0
SP0946,77.59,63.6,57.46,6.44,38.39,1.8,12.67,0.03,Alice,52.37,59.39,40.53,3.78,3.0,109.02,1.12,ISS0449,Story,Medium,8.63,5.37,Refactor code,20.12,17.07,26.9,1.38,2.43,0.02,Fix bug,User request,Feature,8.88,6.21,Alice,-1.28
SP0094,61.83,44.84,72.4,5.65,59.09,2.23,0.06,0.6,David,56.1,34.4,37.76,6.94,3.81,134.05,0.75,ISS0856,Story,Medium,10.38,6.97,Refactor code,6.96,29.34,25.07,4.46,1.86,0.34,Improve performance,Tech debt,Refactor,4.08,5.83,Bob,10.15
SP0113,44.74,24.41,57.22,6.37,52.41,3.17,-0.84,0.51,Bob,41.93,68.09,26.9,3.82,1.37,251.85,0.65,ISS0813,Task,Low,8.98,6.12,Fix bug,12.83,45.97,23.33,3.09,0.6,0.38,Code cleanup,Critical bug,Refactor,11.58,7.66,Alice,14.89
SP0421,47.34,52.69,80.04,3.45,78.76,1.58,4.05,0.19,Alice,32.73,35.82,33.88,1.22,-0.55,49.98,0.23,ISS0121,Task,Low,9.58,8.26,Update UI,12.37,48.8,39.34,0.96,1.94,0.29,Fix bug,New module,Performance,19.2,8.37,Carol,10.4
SP0296,31.22,23.68,85.31,7.87,49.51,-0.32,6.37,-0.6,Carol,56.24,44.21,22.25,3.95,3.37,193.85,1.3,ISS0628,Story,Medium,10.24,6.8,Refactor code,12.14,55.2,14.36,2.9,1.5,0.36,Code cleanup,Tech debt,Performance,17.71,7.31,Bob,26.57
SP0065,80.93,11.03,80.71,2.54,85.34,0.92,8.39,-0.08,Bob,18.4,41.76,23.69,3.31,0.04,163.69,1.14,ISS0974,Bug,High,11.97,2.31,Update UI,12.92,60.07,36.64,2.59,2.13,-0.25,Develop feature,New module,Performance,12.1,-0.42,David,9.98
SP0902,41.03,44.27,41.57,-1.18,40.94,3.47,5.76,0.18,Carol,26.81,34.01,33.0,5.25,1.77,116.94,1.05,ISS0112,Story,Medium,8.76,-3.87,Fix bug,6.14,35.48,25.63,0.15,1.79,0.2,Develop feature,User request,Feature,12.88,5.62,David,13.02
SP0648,24.47,28.71,84.3,2.93,59.72,2.73,2.35,-0.06,Bob,53.8,51.36,46.17,6.34,-0.34,195.63,0.24,ISS0688,Task,Low,14.43,5.65,Add feature,18.84,49.46,27.65,1.5,0.29,0.42,Develop feature,New module,Bug,13.33,3.17,Bob,7.08
SP0996,53.41,58.71,80.5,6.13,47.52,3.48,1.01,0.5,David,47.26,68.64,47.27,7.61,3.2,117.4,0.55,ISS0412,Bug,Medium,2.68,6.39,Refactor code,19.1,38.04,29.54,3.51,2.36,0.86,Improve performance,User request,Bug,1.56,4.32,Bob,18.45
SP0332,68.34,63.51,60.46,5.06,52.56,1.07,5.36,-0.53,David,52.57,43.49,23.16,3.57,-1.23,29.11,1.03,ISS0428,Task,Low,11.98,11.09,Add feature,3.16,30.92,30.93,2.6,1.47,0.73,Develop feature,New module,Performance,7.04,5.19,Alice,10.52
SP0511,28.49,18.8,76.64,1.06,47.78,-0.66,2.78,0.43,Bob,33.36,32.08,25.78,10.32,0.23,132.6,0.49,ISS0972,Story,Medium,10.51,3.06,Refactor code,16.61,43.54,30.19,3.63,1.74,0.41,Fix bug,Tech debt,Refactor,17.33,9.58,Carol,8.37
SP0636,53.47,26.99,73.36,2.95,48.14,2.43,-2.56,0.48,Alice,37.89,58.6,34.75,2.99,1.83,32.85,-0.03,ISS0309,Story,High,9.59,9.96,Add feature,16.47,47.63,36.29,5.23,0.72,0.01,Improve performance,New module,Feature,3.52,5.39,Bob,14.54
SP0289,42.83,47.1,37.07,6.37,43.88,1.13,1.87,0.02,Bob,49.71,42.96,25.94,1.96,0.45,135.01,0.46,ISS0183,Bug,Low,7.46,9.91,Fix bug,23.6,44.12,19.65,2.37,1.96,0.02,Fix bug,User request,Feature,13.55,4.52,David,20.11
SP0866,48.21,51.39,66.76,7.19,61.1,2.37,-1.71,-0.11,David,42.81,42.85,43.27,10.86,3.16,159.44,1.37,ISS0542,Story,High,-1.46,8.59,Fix bug,10.15,19.01,7.96,0.2,4.68,0.64,Improve performance,Tech debt,Refactor,12.16,8.54,Bob,2.45
SP0865,43.59,28.81,80.54,5.2,74.57,3.17,3.48,0.4,Carol,35.35,29.64,30.12,8.6,1.71,83.03,-0.17,ISS0252,Task,Medium,6.88,2.98,Refactor code,10.43,31.82,28.58,1.45,-0.64,-0.15,Code cleanup,User request,Performance,10.63,6.22,Bob,8.32
SP0054,55.35,52.97,47.03,3.35,11.41,2.48,-4.95,0.55,Bob,32.78,46.77,33.61,3.07,1.81,-25.04,1.0,ISS0809,Bug,Low,9.99,10.65,Refactor code,11.65,48.27,30.55,1.44,-2.29,0.03,Code cleanup,Tech debt,Refactor,10.49,8.21,Bob,15.07
SP0068,38.96,53.47,40.38,1.93,65.32,1.79,-0.36,0.52,Bob,42.45,69.65,40.62,4.87,1.8,174.18,0.63,ISS0156,Story,Low,2.37,7.83,Add feature,21.19,54.9,18.21,3.34,3.15,-0.04,Improve performance,Critical bug,Refactor,-1.54,6.14,Alice,13.02
SP0673,41.48,30.12,75.8,7.59,75.4,2.33,0.51,0.45,David,53.03,69.68,24.35,6.21,2.76,177.55,0.62,ISS0525,Bug,Medium,6.82,10.19,Refactor code,22.18,27.84,24.42,0.33,1.64,0.57,Develop feature,Critical bug,Bug,16.03,1.84,David,19.65
SP0389,32.89,28.88,82.93,5.08,40.92,2.85,0.39,0.21,David,29.28,48.01,41.8,6.14,1.65,142.4,0.5,ISS0240,Bug,Medium,8.95,9.47,Add feature,11.56,42.64,27.7,2.75,1.88,0.07,Improve performance,New module,Feature,22.31,7.97,David,7.88
SP0041,79.41,3.81,85.74,2.84,38.38,0.63,2.07,0.41,Bob,33.41,66.73,34.15,5.78,3.71,65.01,1.37,ISS0094,Bug,High,11.22,1.0,Update UI,16.18,29.92,39.16,2.54,1.63,-0.08,Develop feature,Critical bug,Bug,7.47,4.58,Bob,7.27
SP0610,30.41,16.52,100.99,3.62,40.28,2.79,4.82,0.18,Carol,28.52,57.87,25.02,6.25,0.83,117.39,1.27,ISS0015,Task,Medium,15.54,10.4,Add feature,29.24,31.47,19.47,2.6,2.08,-0.22,Develop feature,New module,Refactor,0.89,10.37,Alice,26.61
SP0846,45.8,55.61,81.24,5.32,49.04,4.97,8.87,0.62,David,47.0,30.72,38.69,4.67,1.62,142.25,-0.07,ISS0068,Task,Medium,12.22,8.63,Add feature,18.35,42.68,32.53,4.42,3.33,0.22,Improve performance,Critical bug,Refactor,6.87,6.91,David,14.51
SP0831,71.15,37.47,60.6,-1.64,57.95,-0.37,5.83,0.5,David,47.75,45.37,47.14,10.85,2.73,71.69,0.26,ISS0379,Task,High,10.78,7.21,Update UI,6.63,49.29,24.52,2.12,0.9,0.18,Develop feature,New module,Refactor,23.49,5.23,David,8.52
SP0873,43.69,48.94,74.17,5.83,29.97,2.49,2.55,0.02,Bob,33.18,32.68,25.02,3.01,1.33,62.14,1.51,ISS0407,Bug,Medium,1.34,10.87,Update UI,6.77,47.59,23.41,2.76,-0.09,0.63,Code cleanup,New module,Performance,9.96,8.32,Bob,11.48
SP0115,61.59,48.26,51.68,5.01,65.45,0.28,-2.52,-0.56,David,31.87,31.5,26.56,5.49,5.52,242.45,0.08,ISS0649,Bug,Low,13.18,5.24,Fix bug,3.01,28.79,30.08,0.69,3.01,-0.98,Develop feature,Tech debt,Refactor,8.63,4.71,David,22.42
SP0634,55.21,50.13,101.98,0.99,30.34,3.23,-0.45,0.02,Alice,37.43,25.71,41.34,6.76,-0.28,223.58,-0.41,ISS0052,Task,High,1.87,2.83,Update UI,8.79,41.11,21.96,2.39,1.62,0.27,Develop feature,Critical bug,Refactor,5.93,11.34,Alice,10.46
SP0181,53.88,42.26,48.97,8.23,77.83,2.97,3.44,0.11,Alice,20.09,38.71,19.03,9.75,4.1,42.86,0.1,ISS0734,Task,Low,7.36,7.51,Add feature,13.0,22.73,23.37,2.83,1.54,0.01,Fix bug,Tech debt,Bug,5.74,7.98,Bob,16.05
SP0060,61.89,21.03,56.41,5.69,37.75,-1.68,0.22,-0.04,David,39.9,37.1,22.23,6.97,0.7,139.78,0.21,ISS0513,Task,Medium,16.84,5.05,Refactor code,11.28,38.02,31.46,-0.64,0.79,0.39,Develop feature,Critical bug,Refactor,25.22,10.01,Carol,12.26
SP0979,38.95,43.81,55.17,0.5,63.56,-1.32,7.99,-0.42,Bob,46.47,45.74,39.07,6.34,-0.07,278.03,-0.08,ISS0418,Story,Low,10.18,1.24,Refactor code,21.02,38.97,26.05,0.32,2.16,0.27,Develop feature,Tech debt,Performance,9.62,11.94,Alice,17.15
SP0988,54.16,41.85,49.45,4.42,75.98,0.69,6.36,0.12,Bob,35.9,31.54,43.47,4.53,3.53,161.78,-0.48,ISS0419,Bug,High,11.06,10.68,Fix bug,12.84,50.38,21.52,1.84,3.66,0.72,Improve performance,Tech debt,Bug,18.3,5.52,Bob,18.02
SP0179,63.52,33.68,63.2,6.56,32.97,1.3,-4.27,0.77,Alice,39.15,46.98,22.8,4.22,5.86,105.07,-0.59,ISS0021,Story,Low,18.1,9.77,Add feature,13.46,47.53,33.82,0.39,4.69,-0.23,Develop feature,Tech debt,Feature,2.28,-0.05,Bob,9.48
SP0194,61.16,46.08,83.51,4.6,76.3,3.13,4.78,-0.03,Carol,38.28,49.45,29.13,0.4,0.91,144.79,0.41,ISS0484,Task,High,9.63,2.12,Fix bug,14.51,22.85,17.29,2.03,3.28,0.31,Fix bug,Tech debt,Performance,15.89,0.98,Carol,10.17
SP0370,66.14,33.12,69.07,7.61,28.18,2.07,4.81,-0.49,Bob,23.86,52.27,25.45,8.1,1.2,91.51,0.56,ISS0267,Task,Low,14.05,8.72,Update UI,13.06,56.74,27.72,2.56,1.77,1.49,Improve performance,Tech debt,Performance,11.74,3.11,David,13.06
SP0891,42.6,16.73,90.3,-1.26,39.31,-1.47,6.24,0.94,David,28.7,61.19,40.19,4.56,1.27,56.11,0.39,ISS0591,Bug,High,17.2,2.84,Add feature,18.56,40.79,13.09,4.4,2.48,-0.21,Improve performance,New module,Bug,5.78,4.39,Bob,-2.41
SP0524,70.82,44.21,68.46,3.36,79.02,1.66,5.37,0.12,Carol,27.71,52.54,21.53,4.66,1.63,151.08,0.52,ISS0679,Task,Low,15.37,8.58,Fix bug,9.51,53.79,22.02,0.43,1.67,-0.6,Improve performance,Critical bug,Refactor,0.84,0.25,David,5.45
SP0257,44.87,38.51,75.3,6.96,62.02,1.72,8.97,0.52,Bob,45.43,57.92,29.88,11.01,3.44,177.54,0.04,ISS0868,Task,Low,2.34,8.26,Fix bug,19.52,39.35,29.97,2.75,2.96,-0.01,Fix bug,Tech debt,Refactor,24.87,6.72,David,15.24
SP0714,60.99,24.98,69.99,2.71,33.28,2.06,7.1,0.25,Alice,54.84,31.84,36.68,12.51,2.02,128.27,1.66,ISS0129,Story,Low,8.7,8.95,Update UI,21.28,32.35,21.81,2.83,3.71,0.14,Improve performance,Critical bug,Feature,8.68,10.31,Alice,12.77
SP0802,43.93,37.57,108.82,3.26,91.15,3.96,6.81,-0.16,David,18.63,51.63,32.72,6.15,3.1,230.05,0.07,ISS0369,Bug,Medium,4.9,2.48,Refactor code,15.28,44.64,28.38,5.65,2.98,0.93,Develop feature,New module,Feature,11.42,7.74,Alice,3.72
SP0745,48.09,10.42,83.21,5.93,30.14,2.73,3.38,0.2,Alice,40.36,50.99,28.52,10.55,-1.66,225.95,0.48,ISS0076,Task,High,13.48,3.89,Add feature,5.55,43.81,22.8,-0.63,0.54,0.09,Develop feature,New module,Performance,2.69,4.45,Bob,18.95
SP0915,68.69,25.28,70.09,8.25,62.11,0.79,5.33,0.87,David,51.39,76.3,30.91,2.22,3.02,114.32,1.12,ISS0294,Task,Medium,18.5,4.35,Refactor code,16.73,26.35,18.17,2.16,0.71,-0.05,Fix bug,New module,Bug,7.26,8.5,Alice,11.17
SP0161,42.13,31.89,86.38,0.27,60.11,1.11,1.06,0.01,Alice,41.14,54.93,42.22,4.41,1.85,103.55,0.81,ISS0897,Story,Low,12.46,16.03,Refactor code,11.8,30.62,27.83,3.33,3.09,-0.55,Develop feature,New module,Bug,7.62,4.09,Alice,25.09
SP0036,47.72,44.23,81.94,4.17,47.74,3.34,-2.61,1.1,Bob,50.17,-1.22,42.99,1.51,1.85,244.02,1.02,ISS0409,Story,Low,17.74,10.26,Update UI,15.41,50.3,36.34,2.96,1.49,0.38,Fix bug,Tech debt,Performance,4.7,8.33,Bob,16.08
SP0844,68.33,21.53,79.32,4.69,59.39,2.97,2.67,-0.57,Carol,35.2,36.01,36.9,7.37,2.54,143.14,0.72,ISS0953,Bug,Medium,-1.93,13.24,Add feature,17.03,39.07,14.51,1.75,3.19,0.33,Code cleanup,New module,Bug,16.2,8.46,Carol,14.16
SP0998,52.54,27.22,77.92,5.72,58.07,2.27,1.37,-0.34,Carol,49.22,41.26,21.42,0.24,2.49,143.05,1.26,ISS0989,Bug,Medium,15.2,3.01,Update UI,13.75,23.53,31.98,4.56,2.11,0.47,Develop feature,User request,Refactor,12.95,2.01,Bob,13.61
SP0234,28.59,14.68,76.42,7.0,20.73,1.35,-3.56,0.37,David,55.13,32.1,41.63,2.95,2.49,204.43,0.51,ISS0274,Task,Low,12.71,7.05,Refactor code,4.52,35.95,20.63,3.3,4.56,0.6,Improve performance,New module,Refactor,16.14,10.62,Carol,9.65
SP0623,48.91,28.73,80.45,3.74,52.67,0.56,8.37,0.55,Bob,39.09,32.23,41.35,3.95,1.83,74.23,0.89,ISS0647,Story,Medium,11.75,2.71,Fix bug,17.45,37.6,18.25,0.69,2.88,0.06,Fix bug,New module,Feature,8.67,13.97,Carol,17.58
SP0492,88.74,47.0,76.95,2.19,79.84,2.1,3.96,-0.09,Alice,51.81,48.08,47.99,6.91,1.83,68.88,0.4,ISS0449,Bug,High,14.53,9.11,Fix bug,19.88,38.03,36.37,2.63,1.72,0.27,Fix bug,New module,Refactor,15.18,7.38,Bob,20.23
SP0560,93.47,8.01,68.55,1.05,45.94,2.41,1.77,0.15,David,39.78,53.86,35.01,5.37,1.62,164.19,0.95,ISS0536,Bug,Low,10.91,-1.58,Add feature,11.87,39.62,42.37,-0.18,4.4,0.3,Code cleanup,Tech debt,Performance,10.89,0.7,Bob,15.86
SP0340,43.74,43.68,50.51,6.96,27.37,1.33,0.6,-0.09,Bob,35.86,41.73,51.46,4.6,1.48,112.14,0.07,ISS0107,Story,High,9.12,-0.48,Add feature,24.76,39.5,38.27,3.69,1.46,1.17,Fix bug,Critical bug,Refactor,14.28,11.05,Alice,12.2
SP0488,15.86,19.59,72.35,8.31,13.43,1.79,3.1,0.02,Carol,43.86,16.46,38.64,7.94,3.91,129.36,0.6,ISS0134,Story,Medium,21.34,-1.18,Add feature,16.82,52.45,33.57,2.12,3.48,-0.15,Improve performance,New module,Feature,16.76,8.75,David,14.7
SP0368,51.42,36.3,73.07,2.02,37.15,0.94,0.46,-0.0,Bob,28.4,50.67,26.76,6.76,-2.05,163.05,1.25,ISS0449,Story,High,14.51,3.78,Add feature,10.23,44.71,22.5,1.65,4.3,-0.0,Develop feature,User request,Bug,21.78,9.94,Carol,17.71
SP0487,26.53,49.6,43.3,6.13,39.22,4.19,9.27,-0.25,Carol,34.29,52.07,28.19,5.08,3.35,83.06,0.7,ISS0176,Bug,High,4.31,2.91,Add feature,19.36,46.44,34.94,5.08,2.27,0.13,Develop feature,Critical bug,Refactor,19.83,6.86,Alice,10.07
SP0591,16.23,52.5,71.08,4.07,33.51,3.26,2.3,0.6,Carol,31.13,75.18,26.29,3.82,0.57,128.86,0.85,ISS0572,Story,Medium,11.83,1.93,Fix bug,11.62,41.18,23.97,3.5,-0.16,0.67,Fix bug,User request,Refactor,6.22,9.77,Bob,8.62
SP0905,16.57,33.88,43.96,1.4,28.19,-0.73,7.66,-0.03,David,38.35,50.88,25.7,5.12,0.38,125.77,-0.07,ISS0579,Story,Low,11.71,5.7,Update UI,18.29,37.23,25.61,0.7,2.67,0.56,Develop feature,Tech debt,Feature,14.77,6.68,Bob,4.81
SP0597,52.93,32.83,88.4,1.59,64.32,3.2,0.26,0.14,Bob,25.28,33.66,34.65,2.57,-1.46,97.4,0.11,ISS0178,Task,High,15.17,2.29,Fix bug,15.26,39.02,34.46,0.83,1.54,0.58,Develop feature,User request,Feature,10.56,2.05,David,10.22
SP0829,51.23,44.53,61.95,4.32,16.32,1.83,6.11,-0.17,Bob,37.8,52.19,37.93,6.15,1.89,111.13,0.28,ISS0257,Story,High,15.06,6.93,Update UI,17.12,60.4,19.45,3.25,3.61,0.13,Code cleanup,Tech debt,Feature,6.94,6.16,Bob,20.42
SP0306,37.05,30.2,40.12,1.81,42.75,2.93,13.1,0.21,Bob,37.47,50.92,38.87,-0.91,2.85,165.28,0.65,ISS0557,Task,High,21.81,7.0,Update UI,11.12,29.34,22.17,1.51,3.84,0.32,Code cleanup,User request,Bug,11.73,0.35,Bob,11.67
SP0245,50.1,72.91,79.41,8.61,65.84,2.55,7.88,-0.06,Alice,46.31,34.62,53.15,10.73,-0.52,167.34,0.97,ISS0697,Bug,Medium,15.87,6.71,Fix bug,10.05,37.64,32.59,2.62,2.98,0.42,Develop feature,Critical bug,Bug,12.49,5.68,Alice,14.9
SP0888,31.4,-0.55,56.65,1.4,37.33,1.53,-1.45,-0.1,Alice,35.49,53.38,28.96,5.93,2.61,143.19,0.23,ISS0193,Bug,High,1.95,5.04,Update UI,4.32,37.03,20.71,2.47,0.11,-0.23,Code cleanup,User request,Performance,1.97,1.24,Bob,8.0
SP0170,41.8,49.1,55.33,7.89,44.88,1.7,1.95,0.63,Bob,38.23,41.47,33.63,5.62,2.8,143.36,0.67,ISS0087,Story,Low,10.3,7.12,Update UI,6.4,40.82,36.57,3.48,2.7,0.53,Improve performance,Tech debt,Refactor,14.42,11.43,David,13.35
SP0821,45.83,21.6,103.3,5.15,74.38,0.72,3.1,0.05,Alice,38.2,41.4,27.47,6.19,0.68,193.51,-0.37,ISS0660,Bug,High,11.54,7.2,Update UI,4.76,32.85,22.35,1.44,3.65,0.21,Develop feature,New module,Refactor,17.47,6.63,Carol,4.06
SP0144,46.42,21.78,85.92,2.6,41.56,0.43,-2.56,0.47,David,33.19,28.15,25.13,4.23,1.6,111.66,0.84,ISS0340,Task,Low,13.91,4.77,Update UI,15.82,31.82,18.23,1.39,0.18,-0.26,Code cleanup,Tech debt,Bug,10.57,0.94,David,24.73
SP0658,55.96,34.72,58.86,7.35,42.44,3.2,12.53,-0.0,Carol,24.64,45.46,58.39,5.73,0.74,167.72,0.93,ISS0321,Task,High,6.99,9.92,Update UI,19.39,48.17,22.92,1.35,-1.63,0.17,Code cleanup,User request,Refactor,19.68,11.93,Alice,14.6
SP0645,55.28,21.1,87.34,4.42,77.31,5.32,-1.51,0.12,Bob,41.69,56.63,25.22,7.18,2.61,115.26,0.82,ISS0357,Task,Medium,19.44,4.31,Refactor code,5.8,26.96,27.05,2.49,2.0,0.39,Fix bug,Tech debt,Bug,12.2,2.46,David,14.81
SP0638,30.86,53.36,106.7,5.49,84.29,3.66,-1.27,0.44,Bob,42.87,50.12,30.2,0.47,5.55,116.17,0.46,ISS0064,Bug,Low,16.75,3.47,Fix bug,14.6,23.9,27.1,1.13,3.78,-0.21,Develop feature,Tech debt,Feature,7.22,1.08,David,12.45
SP0839,58.08,44.64,65.94,1.49,65.97,-0.74,0.51,0.29,Bob,50.04,66.8,34.57,6.15,3.87,187.49,0.69,ISS0658,Bug,Low,9.65,8.73,Refactor code,6.9,26.08,22.48,1.8,1.58,-0.15,Fix bug,User request,Refactor,18.96,7.4,Carol,11.19
SP0953,23.1,39.23,75.96,0.64,44.99,-0.12,-2.24,-0.53,Bob,58.83,29.31,21.15,2.38,2.45,91.25,0.66,ISS0272,Task,Medium,8.88,-1.95,Fix bug,16.35,37.3,37.7,2.56,1.08,-0.45,Code cleanup,Critical bug,Feature,10.92,8.09,Alice,13.99
SP0561,44.87,59.94,83.71,2.89,52.44,5.27,7.0,0.59,Bob,40.85,43.92,46.11,5.12,2.4,111.71,0.48,ISS0738,Story,High,10.54,9.43,Fix bug,24.82,48.31,30.51,0.99,3.72,0.04,Code cleanup,New module,Performance,11.13,6.76,Alice,20.51
SP0208,53.36,39.2,52.45,2.69,33.56,1.69,1.5,0.51,Alice,45.98,17.8,24.9,12.93,3.59,-34.82,0.75,ISS0930,Bug,Low,6.45,6.0,Add feature,19.35,40.53,25.01,0.07,0.64,-0.03,Improve performance,New module,Refactor,3.33,11.7,Bob,10.64
SP0239,40.2,51.92,101.15,1.12,71.82,3.0,3.28,0.95,Bob,39.53,64.82,8.35,1.14,-1.03,63.97,0.53,ISS0027,Bug,Medium,15.33,3.03,Refactor code,12.58,64.74,34.03,1.26,-0.53,0.94,Code cleanup,User request,Refactor,3.5,8.15,David,17.04
SP0453,83.84,30.06,96.8,4.9,23.53,1.28,-2.28,-0.0,Alice,60.39,30.51,32.67,7.62,1.54,212.7,0.43,ISS0535,Bug,Low,10.94,8.51,Add feature,11.54,34.76,20.57,2.26,4.56,-0.18,Fix bug,Critical bug,Refactor,11.55,5.25,Carol,7.02
SP0615,43.26,69.56,100.28,0.02,62.18,0.87,1.77,0.33,David,46.07,39.89,34.46,4.56,0.26,148.71,0.62,ISS0841,Story,Low,13.13,6.64,Refactor code,20.73,18.09,33.2,1.24,2.15,0.45,Develop feature,Critical bug,Refactor,10.71,5.44,Alice,13.6
SP0306,46.22,33.48,71.5,3.97,29.09,1.29,7.33,-0.42,Alice,41.9,39.36,35.87,9.37,2.99,180.61,1.44,ISS0268,Task,High,15.94,4.51,Fix bug,9.06,49.84,33.72,2.26,-0.28,-0.28,Code cleanup,Critical bug,Refactor,5.06,8.87,David,19.8
SP0411,31.07,42.26,65.48,3.64,60.16,1.07,11.55,-0.14,Alice,21.76,34.58,39.16,7.71,0.7,-15.53,0.13,ISS0806,Story,Low,14.12,6.62,Add feature,18.3,37.79,31.24,2.46,3.71,0.24,Develop feature,Critical bug,Refactor,7.68,7.37,Carol,19.83
SP0341,57.26,19.02,68.25,-2.32,85.19,0.01,8.62,0.35,Alice,43.38,66.29,34.45,5.04,2.23,206.94,0.61,ISS0572,Bug,Low,13.92,11.49,Add feature,9.13,45.51,32.84,1.04,3.2,0.45,Fix bug,User request,Refactor,10.92,7.88,Bob,13.41
SP0036,63.52,36.72,68.19,-0.58,55.0,1.2,4.33,-0.57,Bob,52.94,31.83,31.59,6.62,-1.46,110.2,0.45,ISS0926,Bug,Medium,10.93,13.35,Refactor code,6.91,22.42,30.25,1.05,2.27,0.34,Code cleanup,Tech debt,Feature,9.82,3.9,David,16.88
SP0409,45.72,64.5,109.53,5.52,43.97,2.62,1.86,-0.08,Alice,40.14,66.79,27.73,4.36,0.91,-42.26,-0.32,ISS0458,Bug,Medium,8.16,4.17,Add feature,19.01,47.07,26.76,0.08,1.29,0.34,Code cleanup,Critical bug,Refactor,6.38,10.92,Carol,9.56
SP0999,62.24,42.91,81.23,7.61,55.53,2.27,3.61,0.69,Carol,42.77,48.96,44.94,7.36,2.88,65.93,0.72,ISS0232,Story,High,14.03,6.65,Update UI,9.19,55.39,28.44,2.2,-0.15,0.03,Fix bug,Tech debt,Feature,19.24,13.12,Bob,10.29
SP0805,26.19,26.44,114.99,2.58,54.88,2.8,4.22,0.32,David,12.43,41.4,33.71,3.42,1.99,231.38,1.26,ISS0578,Task,Low,9.19,8.25,Update UI,6.25,56.48,32.86,3.4,1.79,1.1,Code cleanup,User request,Performance,17.08,16.32,Alice,12.99
SP0924,76.28,33.86,71.8,3.06,53.93,4.42,1.14,0.67,Alice,45.69,68.04,20.03,5.53,1.1,209.08,0.27,ISS0651,Task,Medium,11.69,7.36,Add feature,12.96,33.34,14.0,-1.54,3.46,0.45,Fix bug,Critical bug,Refactor,6.43,11.25,Bob,9.18
SP0060,46.51,10.92,60.92,2.65,28.35,1.51,6.88,-0.17,Alice,59.25,48.23,42.99,7.64,1.83,215.59,0.07,ISS0045,Bug,Low,9.61,4.58,Add feature,9.65,39.2,32.08,4.16,2.15,0.59,Code cleanup,Critical bug,Feature,11.04,7.03,David,23.88
SP0480,65.7,61.52,84.34,5.0,54.31,0.1,1.99,0.88,Alice,36.03,65.15,38.24,-0.44,1.96,145.23,-0.28,ISS0446,Bug,High,13.23,9.42,Refactor code,12.29,51.6,22.83,2.73,1.54,0.41,Fix bug,Tech debt,Performance,15.56,8.62,David,10.76
SP0988,45.38,75.5,74.2,5.53,22.01,2.35,1.61,-0.17,Carol,44.94,37.61,43.32,5.16,2.16,73.67,0.85,ISS0136,Story,Medium,11.17,-1.37,Update UI,18.63,48.25,21.5,0.11,-1.74,0.19,Develop feature,User request,Performance,13.09,6.06,David,14.57
SP0139,81.23,23.91,62.93,1.81,78.11,2.02,11.7,0.38,Carol,44.88,62.13,32.85,5.32,2.2,126.46,1.0,ISS0477,Story,High,18.59,2.83,Update UI,9.28,47.19,5.49,1.0,-0.1,0.58,Develop feature,Critical bug,Refactor,6.2,3.8,Carol,30.06
SP0856,27.5,24.39,52.55,2.08,52.46,2.25,14.93,0.11,Carol,43.5,33.41,27.63,3.5,-0.6,11.86,-0.53,ISS0596,Bug,Medium,15.42,9.5,Fix bug,15.72,31.82,26.41,-0.3,-0.65,0.24,Code cleanup,New module,Feature,7.14,5.63,David,2.56
SP0718,74.54,14.55,65.84,8.04,45.16,2.52,2.34,-0.42,Carol,40.66,57.06,38.99,1.21,1.82,174.11,1.12,ISS0867,Task,High,18.78,5.64,Update UI,15.05,19.24,31.17,1.5,1.42,0.3,Develop feature,Tech debt,Feature,14.79,9.33,Bob,26.94
SP0874,33.92,54.45,82.68,11.56,21.95,1.86,4.01,0.23,Bob,32.16,29.68,24.74,8.8,0.83,105.64,1.8,ISS0025,Story,Low,20.74,11.33,Fix bug,8.08,38.86,22.83,0.26,2.51,0.21,Fix bug,Critical bug,Bug,13.22,6.57,Bob,11.63
SP0219,55.47,21.9,69.13,-0.93,42.6,3.54,-0.67,-0.05,Carol,35.75,31.1,35.14,5.61,2.42,164.45,0.49,ISS0030,Story,High,9.49,11.83,Add feature,19.34,34.56,29.12,3.04,3.72,0.69,Fix bug,Critical bug,Feature,11.23,10.37,Bob,11.2
SP0776,60.48,38.85,70.11,1.58,35.83,2.7,-1.72,-0.18,Alice,52.44,45.47,28.12,5.37,2.75,128.18,-0.05,ISS0992,Bug,High,14.54,8.06,Update UI,23.84,58.69,25.98,0.41,3.5,-0.33,Improve performance,Critical bug,Refactor,17.43,5.96,Carol,13.65
SP0911,70.72,38.27,49.5,8.91,66.47,2.0,3.76,0.43,Carol,50.59,49.12,26.14,4.99,0.63,101.18,0.82,ISS0964,Bug,Low,7.82,13.17,Add feature,18.1,50.12,33.94,1.6,1.58,0.02,Develop feature,User request,Refactor,12.37,3.49,Alice,18.37
SP0381,78.23,27.32,49.93,6.32,61.03,1.24,0.74,0.01,David,42.42,73.61,35.96,5.32,0.07,231.34,0.93,ISS0165,Story,Medium,5.77,1.08,Refactor code,18.42,43.39,28.86,4.81,3.81,0.05,Develop feature,Critical bug,Feature,16.65,0.95,David,21.7
SP0455,67.11,42.77,79.51,2.16,84.23,4.7,10.21,0.35,David,25.26,48.36,42.52,4.36,0.46,133.98,0.76,ISS0192,Bug,Low,2.2,5.17,Refactor code,16.73,42.5,21.04,0.57,0.96,0.25,Code cleanup,Tech debt,Refactor,5.38,5.4,David,20.86
SP0637,60.3,38.33,47.42,5.26,39.57,0.37,8.08,-0.16,Bob,52.43,70.83,24.79,8.29,1.24,128.43,0.92,ISS0072,Task,High,2.36,7.26,Fix bug,13.85,34.67,25.76,-0.68,3.22,0.64,Fix bug,Critical bug,Performance,11.28,6.95,Bob,14.8
SP0118,46.86,30.82,78.45,1.81,45.92,1.0,4.01,0.16,Bob,27.73,16.11,31.77,1.38,0.95,170.87,-0.28,ISS0808,Bug,Medium,17.14,5.07,Update UI,13.46,43.43,21.2,0.9,0.63,0.28,Develop feature,User request,Performance,11.0,10.14,Alice,4.15
SP0396,39.2,37.97,57.97,5.9,50.72,2.73,10.04,-0.21,Bob,49.89,51.03,38.58,2.99,2.37,117.49,0.46,ISS0966,Story,Low,11.53,10.21,Update UI,8.45,25.4,21.16,0.58,1.37,0.14,Develop feature,Critical bug,Performance,-1.29,-1.11,Carol,15.77
SP0173,61.44,41.27,26.6,2.43,32.64,1.08,-5.85,0.31,Bob,16.87,41.24,27.58,8.15,2.25,139.01,0.94,ISS0674,Story,Low,14.75,11.22,Update UI,4.66,42.3,34.38,2.43,1.94,0.02,Code cleanup,User request,Performance,6.56,6.87,Carol,12.7
SP0294,66.01,38.01,73.02,1.66,60.58,1.0,3.4,0.57,Carol,45.76,55.46,31.09,5.49,-0.06,267.79,0.24,ISS0712,Story,Low,15.16,3.86,Update UI,15.92,27.55,22.54,2.79,1.89,-0.47,Code cleanup,User request,Feature,8.16,1.34,Bob,12.06
SP0013,61.5,26.64,89.77,3.67,70.79,2.66,4.8,-0.37,Alice,31.42,41.37,55.17,6.47,5.55,79.16,0.14,ISS0509,Story,Medium,8.59,4.3,Update UI,7.79,49.96,43.08,2.88,1.17,0.14,Code cleanup,Critical bug,Refactor,15.28,1.85,Carol,23.7
SP0662,48.06,2.92,82.26,1.96,68.99,1.5,-2.27,0.58,Bob,40.64,39.59,30.08,5.2,4.01,239.47,0.56,ISS0341,Bug,Low,1.86,5.35,Update UI,19.47,53.85,30.86,0.91,3.13,-0.47,Develop feature,New module,Performance,18.74,2.1,Bob,12.65
SP0757,53.41,48.35,62.32,1.56,71.54,2.57,-1.8,-0.29,Carol,33.62,69.42,37.01,5.66,1.22,-8.25,0.99,ISS0948,Story,High,8.43,10.52,Add feature,22.45,17.45,17.87,2.6,2.31,0.08,Improve performance,User request,Feature,6.46,7.71,Alice,26.42
SP0004,64.55,66.06,80.5,8.61,78.35,1.85,6.63,0.77,David,43.27,61.65,24.98,0.67,1.16,172.41,-0.79,ISS0426,Task,Medium,7.42,8.3,Refactor code,21.27,38.37,22.42,3.22,-2.19,0.74,Improve performance,Critical bug,Refactor,17.11,3.84,Alice,5.66
SP0611,16.98,42.05,59.54,-3.49,42.15,-0.33,5.84,0.26,Bob,48.36,36.68,32.91,1.65,0.77,71.23,0.19,ISS0267,Task,Medium,8.79,3.67,Update UI,14.67,42.47,20.03,1.71,3.02,0.16,Improve performance,New module,Feature,16.23,4.55,Carol,21.27
SP0517,54.62,51.89,77.46,1.61,54.77,1.25,1.07,-0.88,Carol,60.6,53.82,16.42,4.49,1.19,104.47,0.87,ISS0730,Bug,Low,3.64,-0.99,Update UI,20.53,50.08,19.35,3.49,5.35,1.06,Improve performance,Critical bug,Performance,11.91,9.0,Carol,22.94
SP0430,21.89,4.89,56.1,2.17,45.19,1.43,-1.03,-0.37,David,29.17,49.52,46.02,8.41,1.4,216.22,1.14,ISS0977,Task,Medium,7.8,9.47,Refactor code,9.78,39.37,15.62,2.03,2.48,0.58,Develop feature,Critical bug,Bug,6.26,3.63,Alice,13.37
SP0450,87.36,69.14,73.88,4.81,19.02,2.62,4.71,0.57,David,50.46,51.89,26.83,4.69,0.81,139.76,0.54,ISS0650,Story,Medium,21.0,9.36,Fix bug,18.52,33.61,26.84,1.23,2.3,-0.51,Improve performance,New module,Bug,13.13,5.89,David,23.4
SP0650,47.24,46.46,42.29,4.56,85.04,1.66,6.34,-0.26,David,53.06,56.76,50.45,2.1,1.84,179.36,0.23,ISS0467,Task,Low,7.62,2.5,Add feature,3.77,47.16,33.37,2.14,0.84,0.64,Code cleanup,Critical bug,Performance,17.11,2.31,David,0.95
SP0285,33.63,27.24,57.98,2.58,54.43,3.04,1.46,1.56,Alice,38.0,37.41,49.57,5.92,2.6,77.26,0.57,ISS0174,Story,Low,2.77,9.8,Update UI,13.96,31.57,30.89,0.02,2.32,0.79,Develop feature,New module,Feature,13.14,2.97,Alice,7.0
SP0249,28.01,50.23,100.17,5.24,59.88,4.69,-3.03,0.06,Carol,20.81,60.3,39.71,3.33,3.19,189.34,0.57,ISS0623,Story,Low,11.76,7.13,Update UI,27.0,31.92,26.1,2.02,4.24,0.2,Improve performance,New module,Feature,0.4,0.83,David,13.44
SP0800,51.12,39.73,50.96,4.12,72.08,6.06,4.34,0.32,Carol,25.84,67.61,46.07,6.92,2.47,108.84,0.14,ISS0089,Task,Low,7.1,6.0,Update UI,9.96,32.42,42.18,1.71,1.02,-0.28,Develop feature,User request,Bug,16.22,6.14,David,9.2
SP0398,61.1,22.2,57.16,7.06,52.43,4.12,7.77,0.09,Bob,10.07,57.34,45.67,5.59,-0.41,193.56,0.55,ISS0190,Task,High,6.95,7.16,Fix bug,12.67,15.24,29.05,-0.11,2.43,0.17,Develop feature,User request,Refactor,16.89,9.23,David,6.65
SP0814,63.11,29.28,59.24,6.2,78.58,2.91,-0.73,-0.11,Alice,41.96,52.46,30.35,2.66,2.25,159.44,0.58,ISS0563,Story,Low,7.39,5.12,Add feature,18.6,39.81,31.73,4.16,0.88,0.6,Code cleanup,Tech debt,Feature,14.18,6.12,Bob,11.06
SP0819,49.02,27.44,74.27,8.01,63.01,1.21,6.17,0.15,Bob,37.44,39.5,29.8,6.3,2.14,212.63,0.45,ISS0759,Bug,Medium,4.95,6.42,Fix bug,8.14,48.12,29.63,2.6,1.21,0.65,Improve performance,Tech debt,Refactor,17.95,7.71,David,13.01
SP0164,46.18,54.78,34.35,2.81,34.08,2.56,15.26,0.46,David,42.94,35.62,32.15,3.58,1.88,166.3,0.78,ISS0828,Bug,Medium,8.75,10.07,Update UI,9.09,52.66,30.9,3.95,2.8,0.43,Code cleanup,Tech debt,Feature,0.66,2.48,Bob,3.91
SP0539,37.31,28.18,57.38,3.27,45.57,1.72,3.51,-0.44,Carol,38.3,49.48,32.31,-0.07,3.13,158.24,1.02,ISS0786,Bug,High,7.16,8.76,Add feature,21.14,48.46,28.06,0.72,4.38,0.7,Improve performance,User request,Bug,7.42,8.41,David,23.76
SP0379,42.78,21.57,80.23,4.28,49.23,2.85,-4.47,-0.21,Alice,21.44,73.45,55.91,6.85,2.36,80.03,0.53,ISS0277,Bug,Medium,6.5,6.31,Update UI,15.19,36.89,10.76,3.0,-2.04,0.87,Improve performance,New module,Feature,1.32,3.71,Bob,9.5
SP0451,60.69,29.18,47.17,3.32,36.94,4.2,10.16,0.06,Bob,49.86,57.27,36.42,4.39,0.18,258.58,0.05,ISS0191,Story,Medium,9.12,8.36,Add feature,15.73,32.1,36.9,1.08,1.0,0.68,Improve performance,New module,Feature,9.8,7.88,Alice,17.17
SP0870,56.6,45.25,61.08,8.98,61.56,1.94,17.85,-0.46,Bob,34.33,30.43,26.58,2.63,2.24,129.05,0.3,ISS0388,Task,High,13.71,14.58,Update UI,11.87,22.04,20.31,-0.36,1.17,-0.0,Code cleanup,User request,Refactor,6.05,1.44,Alice,11.42
SP0097,31.99,7.64,90.71,7.53,67.81,1.48,8.46,0.55,David,36.99,33.36,17.6,2.61,1.61,278.93,1.05,ISS0158,Bug,Medium,11.42,11.96,Fix bug,20.32,70.7,27.35,0.99,3.37,0.06,Fix bug,User request,Bug,10.84,12.23,David,16.32
SP0181,80.01,23.35,67.73,4.81,64.2,2.49,0.05,0.63,Carol,29.18,48.54,23.31,1.12,3.62,166.58,-0.0,ISS0492,Story,Medium,16.09,7.22,Refactor code,18.52,28.67,25.03,1.98,0.57,0.72,Fix bug,New module,Feature,-0.88,11.73,David,12.56
SP0246,31.02,22.43,108.56,2.27,50.66,2.62,1.07,0.56,Bob,69.75,19.09,19.79,6.3,3.06,133.15,0.61,ISS0522,Task,High,4.39,5.2,Refactor code,20.58,39.39,37.32,-0.56,2.06,-0.54,Code cleanup,User request,Feature,16.62,5.0,Bob,13.47
SP0004,63.38,52.61,43.38,9.1,12.94,3.32,1.35,-0.59,Alice,37.38,56.92,23.92,7.52,0.96,187.13,0.59,ISS0357,Bug,Medium,-1.17,3.92,Fix bug,11.06,58.51,33.56,0.64,1.81,0.21,Code cleanup,New module,Bug,15.66,9.09,Carol,13.1
SP0925,54.67,34.64,94.4,-0.06,35.73,5.96,8.86,0.24,Bob,49.36,72.13,40.5,3.26,1.29,71.54,0.76,ISS0866,Task,Medium,13.73,5.66,Fix bug,24.89,57.38,24.84,2.92,-0.97,-0.23,Fix bug,New module,Feature,17.84,7.27,Carol,7.78
SP0600,40.35,8.69,68.33,4.6,74.35,0.58,-0.81,-0.07,Alice,45.1,60.14,34.36,6.84,3.21,82.93,0.2,ISS0039,Bug,Low,16.96,5.45,Fix bug,9.19,40.25,33.43,0.13,1.24,0.57,Code cleanup,New module,Performance,10.51,10.04,David,16.56
SP0624,55.92,32.37,50.55,3.36,60.58,0.78,7.27,0.53,David,26.65,41.04,34.36,6.57,2.98,136.28,0.93,ISS0952,Task,Low,7.59,6.32,Update UI,13.23,35.88,16.82,2.63,1.74,0.55,Code cleanup,Critical bug,Refactor,6.11,11.94,Alice,4.3
SP0830,76.45,21.39,55.55,0.84,58.71,1.99,7.62,0.53,Alice,50.28,53.73,20.22,2.25,2.63,186.01,1.28,ISS0892,Story,High,7.13,4.77,Fix bug,19.69,63.55,36.96,3.1,3.38,1.04,Code cleanup,New module,Feature,17.3,11.04,David,14.34
SP0103,57.43,37.15,98.52,7.31,40.18,1.4,3.42,0.03,David,34.73,23.92,47.03,5.68,4.03,126.78,0.43,ISS0594,Story,Low,4.7,8.91,Refactor code,15.91,35.68,18.62,-0.36,3.14,-0.42,Fix bug,New module,Refactor,11.71,7.65,Bob,6.8
SP0675,56.66,45.6,75.97,7.44,43.82,1.72,5.27,-0.28,Carol,45.59,32.83,30.76,-1.14,4.22,197.5,0.87,ISS0519,Story,Medium,13.02,7.02,Refactor code,7.22,31.38,24.15,3.29,2.51,0.83,Code cleanup,New module,Feature,10.45,7.15,Carol,9.72
SP0435,12.89,-5.96,102.91,3.73,47.98,1.45,2.49,0.13,David,42.43,51.58,29.49,3.59,1.84,140.57,1.17,ISS0406,Bug,Low,17.73,2.99,Refactor code,15.15,41.83,15.87,3.92,0.76,0.11,Improve performance,New module,Feature,7.14,11.34,Alice,11.72
SP0709,37.32,54.1,55.5,3.05,71.03,-1.68,5.73,0.72,Bob,42.07,62.85,40.92,7.67,0.52,109.44,1.08,ISS0470,Bug,High,17.3,10.03,Add feature,12.87,56.11,22.52,1.38,2.6,0.83,Fix bug,Tech debt,Bug,8.77,5.05,Carol,6.74
SP0426,54.53,19.4,77.66,6.45,56.33,0.99,1.75,0.62,Carol,53.98,46.42,38.33,9.19,1.97,89.09,0.72,ISS0130,Story,Low,6.96,3.52,Add feature,4.63,28.63,26.95,1.38,2.35,0.89,Fix bug,Tech debt,Bug,11.32,2.29,Bob,12.92
SP0696,44.28,16.33,38.78,4.37,51.33,1.66,4.92,0.03,Carol,28.74,60.99,29.3,7.48,-0.03,158.75,0.72,ISS0353,Story,Low,10.34,20.53,Fix bug,16.6,32.89,19.27,3.34,-0.01,0.07,Improve performance,Tech debt,Refactor,16.43,5.53,Alice,10.94
SP0914,58.96,31.73,48.63,6.77,48.53,2.29,3.42,0.84,Bob,38.47,44.94,16.77,6.38,1.3,174.27,0.58,ISS0272,Story,Low,6.97,11.45,Add feature,23.55,43.99,25.13,3.44,1.73,-0.39,Fix bug,Tech debt,Bug,12.82,8.38,David,11.12
SP0257,72.52,41.54,69.17,5.11,42.79,2.55,2.31,0.27,Bob,46.91,42.7,45.94,3.96,1.76,137.1,0.58,ISS0595,Task,Low,5.98,3.4,Fix bug,12.56,61.07,27.31,0.78,3.68,0.33,Improve performance,New module,Bug,21.2,7.56,Bob,16.52
SP0211,55.64,49.17,85.55,8.83,57.94,2.68,11.17,-0.03,Bob,29.81,3.04,51.58,2.93,2.23,176.09,1.37,ISS0455,Story,Medium,3.89,12.24,Update UI,14.49,44.75,30.64,-0.29,2.38,1.0,Fix bug,User request,Refactor,25.49,7.54,Bob,17.3
SP0967,48.59,39.33,58.79,1.27,32.05,1.56,6.68,0.47,Bob,54.69,54.27,27.6,5.28,1.57,91.02,-0.07,ISS0631,Bug,High,8.01,6.71,Refactor code,14.34,31.86,28.21,3.18,1.8,0.9,Develop feature,User request,Feature,14.09,7.46,David,20.54
SP0178,68.04,37.0,84.33,11.09,54.52,3.13,-1.93,0.31,Bob,38.1,51.81,39.02,2.91,0.48,226.9,0.75,ISS0062,Task,Low,14.22,0.75,Update UI,15.44,37.64,27.62,2.31,0.68,-0.32,Develop feature,Critical bug,Bug,7.63,5.41,Carol,7.04
SP0017,57.79,32.03,82.8,1.91,19.03,0.22,-8.04,-0.05,Alice,35.46,50.54,27.72,6.72,0.32,220.23,0.4,ISS0628,Bug,Medium,13.76,8.74,Add feature,19.16,43.46,24.35,3.21,1.53,0.33,Develop feature,User request,Performance,12.71,6.85,Carol,21.72
SP0552,30.13,34.63,86.27,2.98,25.72,-0.1,6.61,0.68,David,34.18,58.43,31.62,5.08,0.32,96.71,0.56,ISS0457,Task,Medium,14.87,6.24,Fix bug,20.03,26.28,20.31,-0.42,3.99,0.87,Code cleanup,Critical bug,Feature,-0.08,9.91,David,11.54
SP0703,45.33,39.35,44.48,1.98,60.16,3.35,0.05,0.32,David,44.12,50.31,38.21,2.8,1.95,215.92,0.76,ISS0980,Task,Low,12.7,8.73,Refactor code,8.22,28.94,36.11,2.63,0.56,0.05,Code cleanup,New module,Refactor,5.1,4.66,David,2.75
SP0243,67.1,13.03,66.52,3.85,22.23,0.53,6.82,0.21,Bob,40.47,39.66,34.56,0.75,0.95,218.45,0.58,ISS0624,Story,High,13.25,4.07,Fix bug,11.46,37.43,22.67,2.21,2.14,-0.04,Improve performance,Tech debt,Refactor,2.43,7.48,David,13.5
SP0100,45.3,17.0,37.62,6.6,43.84,-0.75,0.29,-0.25,David,52.8,68.51,39.46,5.22,2.68,188.26,-0.39,ISS0299,Task,Low,5.81,11.2,Refactor code,9.9,36.48,27.66,5.28,-0.47,0.48,Code cleanup,New module,Performance,9.77,11.18,David,13.49
SP0077,35.81,22.97,42.79,4.77,44.46,2.41,-5.56,0.15,David,40.01,43.32,25.97,8.13,2.89,162.42,0.58,ISS0312,Bug,Medium,10.81,7.47,Update UI,16.51,20.04,24.79,0.3,0.04,0.27,Develop feature,Tech debt,Refactor,5.3,5.08,Bob,-0.06
SP0212,79.77,36.15,50.39,7.33,62.28,2.89,-3.52,-0.5,Carol,19.51,36.92,34.07,4.06,2.58,119.03,1.2,ISS0226,Bug,Low,10.97,4.63,Update UI,13.98,44.92,14.49,2.37,3.78,0.37,Code cleanup,User request,Bug,17.24,1.41,David,10.53
SP0323,65.88,52.74,72.86,8.05,33.1,0.45,6.37,0.35,Alice,42.34,31.67,46.32,5.44,1.48,82.32,0.19,ISS0673,Story,Medium,-0.06,4.47,Refactor code,20.25,45.19,36.0,-3.9,1.08,0.22,Code cleanup,Critical bug,Refactor,7.93,6.82,Carol,9.24
SP0716,58.62,28.72,97.33,3.8,63.79,0.63,2.57,0.92,Bob,52.76,36.58,27.43,2.19,2.08,168.7,1.13,ISS0699,Story,Medium,8.67,11.15,Fix bug,10.57,47.18,22.0,1.91,3.22,-0.12,Code cleanup,Critical bug,Feature,9.69,1.94,Carol,17.58
SP0988,38.08,14.03,68.94,7.6,42.18,1.86,6.02,0.36,Bob,32.02,49.74,27.74,1.64,1.24,26.6,-0.32,ISS0827,Bug,Low,16.15,7.03,Refactor code,3.65,15.44,31.63,-0.83,1.06,0.12,Develop feature,New module,Feature,8.75,6.77,Carol,11.16
SP0121,69.75,45.22,73.13,3.36,47.18,3.57,0.27,1.07,David,47.71,34.86,21.32,7.7,1.49,85.78,0.87,ISS0753,Task,Low,9.65,1.19,Update UI,16.4,35.15,31.63,1.01,2.3,0.19,Develop feature,Tech debt,Performance,14.42,12.07,Carol,14.36
SP0670,59.99,40.22,59.93,5.62,81.28,2.97,8.41,0.59,Carol,38.14,57.88,18.43,5.55,4.83,328.77,1.44,ISS0050,Bug,High,12.35,2.63,Refactor code,9.01,25.32,33.84,3.42,3.3,0.53,Improve performance,Critical bug,Performance,22.7,7.08,David,11.92
SP0384,54.06,14.31,95.25,4.44,54.09,2.24,8.87,-0.4,David,60.53,48.67,18.14,5.42,1.49,163.95,0.74,ISS0735,Bug,High,20.29,2.22,Refactor code,17.85,59.67,48.48,3.17,1.54,-0.14,Improve performance,Critical bug,Refactor,17.83,7.33,David,8.92
SP0700,49.42,31.75,59.36,5.95,21.92,2.24,4.92,0.73,David,30.57,60.6,12.48,3.79,3.02,64.06,0.77,ISS0122,Bug,Medium,14.33,2.11,Fix bug,17.2,44.92,28.12,1.04,1.06,0.45,Fix bug,Tech debt,Bug,10.81,6.96,Alice,12.1
SP0982,41.84,30.33,78.02,5.57,75.43,1.28,4.42,0.61,Carol,36.41,28.12,37.0,7.76,1.81,116.35,0.99,ISS0697,Bug,Low,12.98,2.78,Refactor code,7.45,40.96,29.84,3.3,1.22,0.25,Develop feature,New module,Bug,1.08,1.4,Carol,1.4
SP0713,54.41,41.55,61.81,2.42,63.51,0.94,0.2,-0.42,David,27.37,58.07,21.64,0.97,2.33,106.22,0.44,ISS0648,Bug,High,11.58,1.76,Update UI,16.02,18.94,21.31,0.76,1.07,-0.07,Code cleanup,Critical bug,Refactor,14.59,11.63,Alice,8.16
SP0505,32.66,35.79,97.81,5.3,58.46,3.8,3.6,0.16,David,38.28,45.99,27.6,5.86,4.55,228.15,0.86,ISS0690,Task,Medium,16.56,9.04,Refactor code,9.65,41.02,32.4,1.91,2.6,0.07,Develop feature,Critical bug,Feature,8.62,6.99,David,6.8
SP0077,52.53,31.99,72.14,6.77,59.03,0.94,2.46,1.07,David,32.63,41.09,35.66,5.82,0.4,176.56,0.98,ISS0620,Story,Low,11.36,3.62,Refactor code,10.72,46.59,31.51,3.98,-1.06,0.28,Code cleanup,User request,Performance,6.94,7.01,David,9.33
SP0734,50.91,17.57,76.04,5.85,45.08,0.96,5.4,-0.09,Alice,49.8,44.4,29.53,1.35,6.24,120.64,1.32,ISS0609,Story,Medium,9.46,7.92,Refactor code,12.29,29.53,28.78,1.25,2.68,-0.41,Improve performance,New module,Bug,9.87,5.3,Alice,12.66
SP0091,55.68,35.05,60.07,3.58,72.05,4.81,6.25,0.13,David,37.28,43.79,21.63,4.4,0.08,195.39,0.97,ISS0922,Task,Low,12.4,5.23,Add feature,27.22,31.09,30.36,-0.68,4.0,-0.28,Code cleanup,Critical bug,Feature,10.88,8.3,Alice,16.29
SP0095,36.63,30.29,50.39,10.12,46.02,6.08,2.09,-0.08,David,29.7,54.88,20.79,8.23,1.12,95.0,1.15,ISS0296,Bug,Medium,4.49,12.32,Fix bug,14.34,43.4,26.66,0.7,1.58,0.14,Improve performance,Tech debt,Bug,13.84,9.14,Carol,10.59
SP0827,40.43,27.57,85.5,5.24,43.79,-0.06,-9.16,0.07,Carol,23.63,46.46,20.42,8.11,0.54,222.22,1.08,ISS0352,Story,High,7.7,4.73,Fix bug,11.46,30.38,21.26,2.58,4.03,-0.12,Develop feature,Critical bug,Performance,12.52,8.11,Bob,24.81
SP0217,7.88,49.42,62.2,0.92,74.13,0.47,5.9,-0.08,David,42.89,44.89,34.13,2.75,0.36,218.83,0.7,ISS0513,Task,High,9.07,11.8,Update UI,10.95,28.54,30.18,1.48,0.87,0.38,Develop feature,Tech debt,Bug,16.53,10.0,Alice,10.14
SP0554,49.48,58.22,85.6,0.26,47.44,3.62,8.67,-0.17,Alice,42.47,75.44,38.99,1.82,1.01,262.21,0.26,ISS0459,Bug,High,10.59,5.93,Fix bug,10.75,44.29,18.57,-2.06,0.87,0.97,Develop feature,New module,Performance,22.32,4.23,Alice,11.02
SP0736,69.72,24.06,56.02,2.4,50.76,3.85,2.47,0.33,Carol,42.69,33.39,34.7,12.87,1.18,71.12,1.22,ISS0295,Bug,Medium,8.2,3.57,Update UI,6.26,31.23,22.19,2.48,2.02,0.47,Code cleanup,Tech debt,Feature,16.63,3.95,Alice,7.07
SP0189,65.73,38.05,79.36,2.05,43.53,0.48,12.68,1.12,Bob,40.36,36.22,40.32,7.17,3.21,111.19,1.1,ISS0950,Task,Medium,7.61,2.28,Update UI,18.19,15.29,30.36,4.3,2.92,0.79,Code cleanup,Critical bug,Bug,8.15,8.98,Bob,5.97
SP0688,52.21,24.32,77.81,6.34,67.25,0.77,2.68,-0.04,Carol,37.14,35.89,42.68,7.83,0.58,171.05,1.13,ISS0519,Task,Low,14.52,11.44,Add feature,19.75,48.09,29.78,-1.91,0.39,-0.19,Code cleanup,Critical bug,Feature,21.39,5.04,Carol,11.47
SP0804,89.98,38.46,69.3,3.27,64.09,1.91,7.83,0.31,Alice,32.34,31.88,12.75,3.99,1.06,198.74,0.87,ISS0521,Task,Medium,5.46,2.44,Fix bug,11.96,33.8,21.47,2.02,2.63,0.18,Improve performance,User request,Bug,19.0,12.55,Alice,9.31
SP0558,44.44,23.17,67.76,3.39,62.2,3.0,6.26,0.12,Alice,54.66,42.46,28.38,7.19,0.83,158.4,-0.3,ISS0816,Bug,Medium,14.17,10.42,Fix bug,15.25,32.43,27.34,0.87,1.46,0.27,Develop feature,New module,Bug,4.59,6.76,Alice,8.61
SP0927,40.43,47.85,60.41,4.55,45.23,3.15,0.68,0.29,Alice,42.9,64.77,41.56,6.13,-0.51,69.65,1.62,ISS0565,Story,Low,7.09,5.07,Add feature,11.18,32.33,27.28,2.58,2.58,0.04,Fix bug,Tech debt,Refactor,12.01,2.7,Bob,9.57
SP0131,57.97,11.41,86.13,10.58,54.02,2.77,0.38,0.57,Alice,48.28,10.76,26.2,1.4,1.85,237.47,0.87,ISS0282,Task,Medium,-2.68,3.45,Refactor code,11.58,47.47,34.06,2.56,0.14,0.11,Improve performance,Tech debt,Feature,4.7,6.35,Bob,10.71
SP0338,28.25,41.72,107.79,7.69,54.93,1.91,7.8,0.02,Alice,29.65,46.44,29.32,3.58,2.63,74.74,1.44,ISS0940,Task,High,10.44,5.09,Fix bug,15.06,35.35,30.99,2.88,3.79,-0.39,Code cleanup,User request,Feature,4.16,1.72,David,21.85
SP0894,38.36,25.7,85.63,5.11,44.15,1.78,-0.05,0.36,David,53.0,34.94,25.91,13.22,1.3,66.29,0.94,ISS0356,Story,High,15.28,6.34,Update UI,19.05,28.74,26.08,0.68,-2.0,0.29,Improve performance,Tech debt,Performance,10.43,7.6,Bob,4.05
SP0664,84.91,61.54,74.92,1.94,7.37,1.16,0.71,-0.15,Bob,29.51,31.46,41.11,8.72,0.72,254.21,0.57,ISS0375,Story,Medium,-0.55,10.43,Add feature,14.07,32.35,25.5,2.97,2.66,0.24,Improve performance,Critical bug,Refactor,11.56,2.75,Carol,10.57
SP0623,60.85,41.78,42.78,10.0,22.59,2.01,9.36,0.2,David,34.49,33.15,37.3,0.96,3.21,82.9,0.1,ISS0511,Task,Low,8.93,4.78,Update UI,3.96,34.95,23.15,2.26,3.95,1.42,Improve performance,New module,Feature,17.29,13.64,Alice,16.98
SP0337,51.54,38.6,60.81,3.68,45.08,2.61,0.48,-0.17,Alice,40.49,18.89,33.15,8.37,4.96,151.46,0.74,ISS0571,Task,Medium,6.74,8.74,Update UI,16.92,56.59,28.0,0.22,0.95,0.25,Develop feature,Tech debt,Refactor,7.1,8.73,Bob,19.62
SP0983,82.29,80.71,74.32,1.83,69.16,2.63,5.73,0.42,Carol,42.65,56.93,40.41,3.63,0.95,78.85,-0.13,ISS0588,Story,Low,6.68,10.13,Refactor code,25.88,38.92,20.44,1.06,0.38,0.67,Code cleanup,User request,Bug,10.09,12.74,Alice,16.48
SP0636,53.96,41.15,69.54,3.6,34.77,2.88,-1.76,0.21,Bob,36.86,73.66,22.37,4.01,2.25,96.13,0.92,ISS0680,Story,Low,16.92,5.23,Fix bug,15.53,41.92,20.49,1.79,3.71,1.29,Code cleanup,Critical bug,Feature,16.11,8.56,David,24.19
SP0567,58.29,13.81,101.55,2.73,93.78,3.96,6.74,-0.38,Alice,35.21,35.53,20.21,9.09,2.39,137.2,0.25,ISS0877,Story,Medium,7.57,7.79,Update UI,18.24,45.43,43.78,0.98,1.95,0.52,Develop feature,User request,Feature,14.73,12.27,Carol,12.73
SP0872,55.14,46.21,49.55,2.42,57.77,0.9,2.93,0.19,Carol,35.26,42.27,38.95,3.55,2.24,181.63,0.04,ISS0134,Story,Medium,15.92,5.4,Fix bug,16.35,33.75,22.78,4.36,1.29,0.24,Develop feature,User request,Bug,1.97,10.06,Bob,23.79
SP0732,59.54,71.52,55.77,11.03,34.68,3.55,4.15,0.6,Carol,47.5,8.36,35.73,9.38,2.57,119.1,0.69,ISS0825,Story,Low,10.62,6.04,Refactor code,15.37,39.9,32.41,0.02,2.18,0.08,Improve performance,User request,Performance,11.24,9.87,David,8.94
SP0301,67.26,10.91,35.31,8.29,11.2,-0.59,5.0,0.19,Bob,32.9,51.95,32.56,2.46,1.27,86.43,0.31,ISS0225,Task,Low,18.14,5.53,Update UI,13.79,27.48,27.09,4.01,0.58,0.56,Develop feature,Tech debt,Bug,17.15,4.26,David,20.59
SP0205,41.62,44.48,72.58,4.21,32.45,0.3,10.73,0.41,David,30.36,68.0,35.86,7.19,4.96,109.74,0.12,ISS0719,Bug,High,11.84,4.15,Fix bug,3.28,65.4,23.67,0.14,1.26,-0.99,Fix bug,User request,Performance,12.88,3.79,David,9.67
SP0988,57.43,36.29,99.45,2.88,65.06,2.68,6.29,0.44,Bob,47.71,39.49,54.04,2.86,0.81,6.99,0.07,ISS0527,Bug,High,7.84,4.31,Update UI,24.56,38.92,26.36,3.61,2.18,1.21,Develop feature,New module,Refactor,10.73,3.15,Alice,9.17
SP0018,75.88,67.12,93.33,7.01,23.59,3.09,6.75,0.25,Alice,24.64,54.31,37.09,7.84,4.64,46.53,0.19,ISS0874,Task,Medium,8.03,6.6,Fix bug,9.09,37.84,24.46,2.36,3.37,-0.15,Improve performance,User request,Feature,6.45,5.49,Alice,9.95
SP0372,76.88,52.24,79.7,5.37,30.4,0.78,3.88,-0.12,Alice,34.73,38.8,34.65,5.82,1.53,73.98,0.26,ISS0564,Task,Medium,9.89,3.88,Fix bug,5.5,21.12,32.31,2.7,2.11,-0.14,Fix bug,Critical bug,Bug,1.59,4.15,Alice,18.52
SP0072,60.55,35.31,59.26,-2.1,54.36,1.22,-0.01,0.57,Bob,54.6,76.92,32.98,7.27,-1.17,130.61,0.43,ISS0747,Task,High,16.14,3.57,Add feature,22.84,43.14,26.98,4.2,4.48,-0.3,Improve performance,User request,Feature,2.31,7.39,David,9.18
SP0802,28.66,8.6,57.07,2.21,59.98,3.39,6.3,-0.27,Alice,33.01,47.86,44.83,5.65,0.61,186.63,0.37,ISS0146,Bug,Medium,13.18,3.86,Add feature,12.2,29.05,30.72,0.55,3.86,0.53,Code cleanup,Tech debt,Performance,17.43,4.6,David,0.6
SP0355,46.04,32.35,70.7,-3.01,57.33,3.03,7.49,-0.4,Alice,51.2,50.99,30.1,5.53,1.24,182.45,-0.04,ISS0701,Bug,High,11.23,3.34,Fix bug,11.79,44.85,38.68,2.4,1.88,0.08,Improve performance,User request,Refactor,8.92,12.12,David,18.84
SP0581,41.69,29.3,66.29,11.63,44.13,0.57,0.01,-0.25,Alice,25.9,56.07,24.17,11.26,5.27,164.37,0.34,ISS0126,Story,Medium,15.38,0.66,Update UI,15.02,36.81,30.08,0.22,2.65,0.91,Develop feature,New module,Feature,20.41,9.27,Alice,6.26
SP0671,48.53,25.54,84.95,8.47,34.31,1.68,3.02,0.08,Alice,50.02,35.24,38.45,8.41,1.84,162.74,0.42,ISS0597,Story,Medium,7.96,4.41,Refactor code,16.5,28.39,17.28,0.59,1.82,0.09,Fix bug,New module,Performance,7.73,9.0,David,11.72
SP0568,53.31,37.7,82.79,6.49,60.87,2.84,-0.14,0.18,Bob,40.56,63.26,30.63,7.44,4.2,222.31,0.03,ISS0177,Task,Medium,9.44,6.53,Refactor code,25.08,29.94,30.01,1.42,-0.59,0.16,Improve performance,Critical bug,Feature,13.7,2.71,Carol,11.11
SP0567,37.57,39.36,74.02,5.82,69.81,2.01,0.86,0.04,David,28.53,60.41,32.96,4.28,3.92,38.29,1.31,ISS0144,Story,Medium,0.58,12.88,Refactor code,17.71,30.07,32.08,2.98,3.11,0.17,Develop feature,Tech debt,Refactor,8.18,-0.44,David,14.81
SP0858,60.42,20.91,66.4,2.93,30.52,3.46,0.27,0.66,Alice,40.3,40.45,38.83,4.91,5.09,226.57,0.53,ISS0173,Bug,Low,13.2,4.58,Fix bug,1.44,32.99,23.92,0.37,4.38,0.64,Develop feature,New module,Bug,7.76,4.12,Bob,6.66
SP0446,38.33,30.2,49.08,7.94,25.27,2.83,0.49,0.81,David,28.78,33.61,33.28,6.18,3.24,144.2,0.46,ISS0149,Bug,Low,11.41,9.93,Fix bug,17.14,36.17,19.9,3.57,1.73,0.25,Develop feature,User request,Refactor,9.4,1.3,Alice,10.73
SP0884,33.84,33.45,45.42,8.34,24.94,1.49,-4.2,-0.19,Alice,42.42,42.08,36.25,4.85,1.81,162.65,0.47,ISS0268,Task,High,5.84,5.58,Refactor code,14.78,33.51,18.94,0.7,2.27,0.3,Develop feature,Tech debt,Bug,10.78,3.36,Carol,16.83
SP0407,54.29,36.86,83.33,6.08,55.65,4.04,4.81,0.67,Alice,30.75,39.63,47.96,3.82,-1.01,196.02,0.45,ISS0046,Story,Medium,13.33,1.98,Refactor code,10.09,35.62,27.7,1.56,4.3,0.79,Improve performance,Tech debt,Feature,9.63,5.54,Carol,11.37
SP0354,43.03,45.62,82.94,10.6,70.93,3.16,3.1,0.36,Bob,64.9,50.5,41.23,2.31,-2.06,173.26,-0.22,ISS0866,Story,Medium,12.91,1.3,Add feature,8.89,46.74,13.78,0.31,2.05,0.5,Improve performance,New module,Performance,22.28,10.12,Alice,11.46
SP0453,45.67,18.68,64.32,4.2,68.09,1.14,0.34,0.16,Carol,39.61,54.54,40.04,7.15,2.09,156.69,1.31,ISS0665,Story,Low,10.79,13.33,Add feature,14.92,16.18,19.43,1.76,0.54,0.29,Fix bug,New module,Refactor,14.02,2.25,Alice,17.54
SP0754,44.15,35.1,68.01,0.26,70.03,1.29,10.95,-0.1,Alice,45.87,32.86,39.27,10.04,0.68,4.5,0.87,ISS0054,Task,High,3.12,8.5,Refactor code,10.87,26.63,24.07,2.5,3.15,0.54,Fix bug,User request,Performance,9.33,1.31,Alice,15.76
SP0590,46.21,38.47,65.03,3.35,30.19,1.62,1.69,0.43,Bob,28.62,68.55,38.34,2.95,6.5,262.04,0.77,ISS0228,Task,Low,15.85,10.56,Fix bug,14.4,40.68,25.55,2.69,0.71,0.73,Improve performance,Tech debt,Feature,9.0,8.87,David,12.77
SP0160,39.49,38.59,74.6,2.46,28.4,3.13,1.87,-0.87,David,39.66,57.11,32.19,3.85,-2.13,148.05,0.09,ISS0696,Bug,Medium,4.9,5.28,Refactor code,24.17,42.11,27.69,2.81,2.26,-0.28,Fix bug,User request,Feature,16.47,1.98,Alice,24.26
SP0287,82.22,9.87,82.16,2.35,52.85,1.51,15.37,-0.19,Carol,43.59,65.56,34.46,5.54,1.72,129.9,1.75,ISS0511,Task,Low,5.19,2.61,Refactor code,10.62,28.62,37.0,2.37,2.64,-0.37,Develop feature,User request,Refactor,8.78,6.47,David,18.96
SP0798,27.2,79.0,28.42,-0.92,43.46,2.02,6.48,0.79,Carol,35.55,40.46,52.13,2.3,2.26,167.45,0.19,ISS0164,Task,High,9.39,3.0,Fix bug,8.42,45.08,24.7,0.53,3.82,1.17,Improve performance,New module,Feature,7.29,3.21,Carol,6.95
SP0968,60.28,53.61,115.0,5.05,36.63,2.83,2.53,0.0,Alice,36.96,33.91,41.12,4.65,-0.83,251.51,0.93,ISS0009,Story,Low,8.04,6.2,Add feature,4.25,47.27,26.34,1.95,1.77,-0.29,Code cleanup,Tech debt,Feature,7.19,4.25,Carol,10.4
SP0599,44.21,37.86,85.46,4.73,50.83,1.37,-2.94,0.26,Carol,26.66,69.22,21.12,2.74,2.09,167.75,1.0,ISS0889,Task,High,5.29,8.58,Fix bug,17.84,41.92,18.84,3.92,2.09,0.08,Improve performance,User request,Refactor,4.48,7.31,David,19.88
SP0034,72.38,34.05,65.52,4.25,48.52,0.98,-2.35,0.62,David,41.02,28.17,13.94,-0.56,-0.3,63.97,0.48,ISS0132,Bug,High,13.59,6.67,Refactor code,19.14,25.36,41.95,-1.13,2.42,0.34,Develop feature,New module,Feature,17.88,6.05,Bob,14.53
SP0643,64.49,30.89,61.06,5.65,53.37,1.42,6.01,-0.14,Carol,30.58,56.91,30.47,6.25,-1.16,54.97,0.39,ISS0283,Bug,Medium,14.36,4.55,Update UI,10.04,55.91,31.23,0.77,2.38,0.48,Develop feature,User request,Feature,8.44,1.84,Bob,6.56
SP0036,45.25,48.94,48.37,-0.16,44.6,4.33,2.26,0.01,Alice,27.52,36.29,36.27,10.3,2.22,82.64,0.19,ISS0312,Bug,High,11.14,8.1,Update UI,24.78,28.5,24.42,2.59,1.91,-0.29,Code cleanup,Tech debt,Performance,23.56,10.37,David,12.6
SP0828,66.32,22.5,77.34,7.74,46.07,-0.57,-4.5,0.36,Alice,41.95,18.72,32.36,6.06,-0.41,17.64,0.06,ISS0515,Story,Low,13.97,3.21,Update UI,8.67,5.94,28.93,2.27,0.96,0.85,Code cleanup,Critical bug,Performance,7.52,1.02,Alice,8.17
SP0604,54.85,24.41,63.19,6.32,73.13,1.2,8.8,-0.03,Alice,50.08,32.3,34.48,4.01,0.79,202.57,1.27,ISS0175,Story,Low,9.1,-1.44,Add feature,17.47,50.62,25.2,1.94,2.11,0.8,Code cleanup,Critical bug,Feature,12.29,4.64,Carol,18.77
SP0948,56.77,53.49,44.35,3.75,82.7,-1.02,2.95,0.61,Alice,34.04,43.55,34.89,5.42,1.04,79.26,0.92,ISS0893,Story,Medium,2.36,11.1,Add feature,7.12,39.17,29.72,0.17,3.42,-0.02,Improve performance,User request,Bug,13.94,6.44,Carol,15.86
SP0170,78.34,41.16,72.74,7.6,50.61,3.35,0.53,-0.04,Alice,36.87,54.92,13.88,7.31,2.29,125.68,0.64,ISS0937,Story,High,7.18,4.7,Fix bug,8.02,50.78,33.27,1.67,1.36,-0.17,Code cleanup,Tech debt,Performance,3.37,7.71,Carol,7.37
SP0162,55.5,41.41,49.55,3.47,80.2,0.69,5.06,-0.18,Bob,29.06,51.07,23.57,6.08,2.59,209.09,1.11,ISS0734,Story,Medium,23.77,4.39,Refactor code,5.41,39.25,12.76,1.25,0.86,0.55,Improve performance,Tech debt,Refactor,10.45,7.47,Carol,14.36
SP0723,65.54,40.7,57.25,1.45,40.83,3.61,5.19,1.0,Carol,47.67,53.44,40.87,4.26,3.21,211.97,0.43,ISS0388,Bug,Medium,11.41,7.43,Refactor code,12.81,15.9,35.89,1.91,1.0,0.24,Fix bug,New module,Feature,8.95,7.54,David,5.76
SP0912,114.04,33.44,86.21,6.21,41.38,1.99,6.98,0.48,Alice,65.21,34.81,22.66,9.7,3.57,122.65,1.33,ISS0960,Bug,High,6.14,5.3,Update UI,15.86,29.73,25.87,3.34,-0.47,0.25,Code cleanup,User request,Bug,5.58,2.49,Bob,11.07
SP0517,49.33,32.56,93.4,9.17,48.21,1.69,11.61,0.14,Carol,42.55,57.69,34.28,2.89,1.53,13.82,0.28,ISS0027,Task,Medium,14.36,17.48,Update UI,17.77,15.67,36.17,3.43,1.94,0.7,Code cleanup,Critical bug,Refactor,4.64,6.69,Bob,9.56
SP0979,53.54,26.08,68.1,-0.16,79.6,2.31,-5.87,0.74,David,47.96,47.81,32.81,8.16,0.97,117.5,1.21,ISS0296,Story,Low,13.68,4.35,Fix bug,-2.12,53.04,29.26,0.88,2.07,0.64,Develop feature,Critical bug,Bug,14.28,2.04,Bob,20.94
SP0549,80.08,30.49,28.99,4.34,8.08,1.53,10.42,0.21,Alice,44.36,35.99,26.3,3.42,3.66,137.22,1.13,ISS0305,Story,High,14.69,5.41,Refactor code,-2.14,49.38,21.86,-1.41,3.87,-0.3,Develop feature,New module,Refactor,0.65,6.43,David,19.59
SP0960,58.85,21.69,98.03,4.11,77.76,2.03,8.33,-0.81,Carol,49.43,31.76,29.26,4.46,2.68,-42.51,0.21,ISS0483,Bug,Low,14.33,6.87,Refactor code,3.07,59.55,21.79,0.14,2.96,0.59,Improve performance,Critical bug,Bug,15.42,10.43,David,9.06
SP0327,37.42,21.61,86.94,8.83,37.23,2.72,-1.99,-0.56,Alice,37.32,51.0,27.24,5.55,0.14,274.9,0.97,ISS0247,Bug,High,18.09,8.11,Fix bug,15.07,38.94,15.87,2.88,3.29,0.79,Improve performance,User request,Feature,7.98,9.78,Carol,5.46
SP0177,58.26,40.05,70.06,9.52,29.7,2.79,2.12,0.58,Carol,32.48,51.11,38.5,5.62,2.45,204.21,0.31,ISS0638,Task,Medium,19.33,5.88,Update UI,13.22,48.9,24.34,0.64,2.47,1.02,Code cleanup,Critical bug,Bug,7.45,8.69,Alice,19.43
SP0847,58.93,55.62,70.21,3.33,60.86,2.38,4.76,0.01,Bob,45.14,40.76,27.44,6.99,0.04,257.19,-0.27,ISS0158,Task,Low,8.77,11.13,Add feature,12.19,31.63,27.84,-0.09,1.04,0.33,Fix bug,Tech debt,Feature,16.21,10.48,David,14.94
SP0121,59.54,26.2,58.47,3.91,71.88,1.96,1.19,0.28,David,25.12,54.17,40.06,4.38,3.02,249.33,1.22,ISS0509,Task,Low,8.88,7.4,Update UI,7.46,39.62,22.97,2.22,2.35,0.76,Fix bug,Critical bug,Performance,8.54,5.43,Alice,10.75
SP0166,58.89,14.53,73.32,5.81,71.97,0.88,4.07,0.37,Alice,54.79,31.66,25.3,3.89,3.96,108.59,-0.12,ISS0738,Bug,Low,5.64,5.66,Refactor code,17.15,48.97,25.88,2.69,1.77,0.89,Fix bug,Critical bug,Performance,-1.93,5.43,Carol,23.91
SP0340,32.95,35.75,42.55,4.31,35.08,0.51,4.78,0.52,Bob,30.66,43.57,28.79,6.75,1.6,94.33,0.32,ISS0133,Task,Low,11.45,9.47,Refactor code,5.91,43.99,25.55,1.23,3.35,0.85,Develop feature,User request,Feature,-4.83,6.05,Carol,11.7
SP0053,75.11,26.18,68.14,2.2,57.5,0.47,9.52,1.18,Bob,48.04,51.62,28.25,7.09,5.25,138.06,0.1,ISS0929,Bug,High,9.12,13.32,Add feature,11.15,8.75,25.32,0.5,3.16,-0.08,Improve performance,Tech debt,Performance,9.95,5.89,David,8.01
SP0449,102.93,39.16,112.89,-1.18,55.97,0.27,-4.53,0.16,Carol,53.13,37.39,31.42,-0.17,2.42,17.19,0.54,ISS0636,Task,Medium,10.6,-2.19,Update UI,10.96,50.64,40.77,2.69,1.93,0.88,Code cleanup,Critical bug,Feature,4.44,3.18,Bob,22.01
SP0626,33.34,24.46,66.63,-1.71,54.87,1.96,-1.57,0.56,Alice,28.82,67.88,39.8,7.74,1.2,111.35,1.25,ISS0093,Task,Low,7.7,7.96,Fix bug,14.51,24.15,44.33,2.63,2.55,0.48,Code cleanup,Critical bug,Feature,14.2,4.74,Carol,21.12
SP0410,34.74,37.09,37.07,6.77,7.88,3.4,-1.27,0.58,Alice,36.62,50.76,32.74,2.4,2.66,155.81,0.25,ISS0709,Bug,High,19.81,1.57,Update UI,9.28,42.28,30.64,4.2,-0.82,0.42,Code cleanup,New module,Performance,11.86,10.71,David,5.17
SP0260,62.62,55.58,73.11,10.62,68.94,2.83,-0.79,0.28,Carol,47.26,55.81,36.9,7.47,1.64,59.78,0.96,ISS0629,Task,Medium,8.02,5.28,Add feature,20.07,46.12,12.88,1.74,2.62,-0.04,Improve performance,User request,Refactor,5.45,9.42,Alice,5.52
SP0838,26.24,36.04,64.78,1.68,59.66,2.53,-0.83,0.06,David,37.56,52.8,35.04,-1.26,0.31,191.01,0.31,ISS0064,Task,High,18.56,6.57,Update UI,8.57,47.85,22.39,1.53,2.24,0.51,Improve performance,Critical bug,Performance,10.08,6.76,Carol,20.37
SP0176,63.28,40.55,59.52,0.54,56.47,2.74,12.39,0.15,Bob,46.61,37.75,18.81,3.34,2.0,163.37,0.22,ISS0688,Task,Medium,9.9,10.76,Refactor code,9.69,17.66,26.74,0.95,3.14,0.17,Improve performance,New module,Bug,15.1,5.73,Bob,19.47
SP0943,51.47,19.84,89.84,4.5,39.23,0.79,9.16,0.43,Alice,28.86,1.46,26.18,8.05,1.52,125.94,1.5,ISS0730,Story,Low,8.03,7.0,Add feature,19.22,55.56,26.56,0.41,1.49,-0.04,Improve performance,Tech debt,Bug,16.27,3.49,Bob,6.2
SP0344,31.6,40.71,96.76,6.06,63.26,3.9,-1.5,-0.03,David,53.9,39.02,33.52,6.38,2.95,129.24,0.57,ISS0314,Story,High,8.15,-0.05,Refactor code,15.44,27.16,40.22,2.45,0.24,0.38,Code cleanup,New module,Refactor,9.53,10.39,Carol,14.57
SP0802,38.44,42.06,56.16,4.06,29.84,-0.18,-2.85,0.07,Carol,35.49,67.55,27.12,-0.67,1.96,161.69,0.72,ISS0606,Bug,Medium,15.25,5.08,Update UI,23.13,47.11,35.16,1.52,2.74,0.25,Code cleanup,New module,Feature,10.15,10.66,Alice,7.17
SP0182,86.89,33.62,51.67,-2.06,46.01,2.2,2.46,0.63,David,32.98,24.21,32.67,2.85,2.26,159.13,-0.26,ISS0046,Bug,High,12.17,12.27,Fix bug,15.68,40.63,20.23,2.75,2.72,0.03,Fix bug,User request,Refactor,13.91,15.61,Alice,12.8
SP0359,48.87,47.88,81.3,6.72,25.63,1.19,-3.35,0.21,Alice,17.53,55.67,30.0,2.65,1.34,30.77,0.9,ISS0874,Bug,High,19.11,6.73,Fix bug,7.14,34.2,22.72,3.23,2.04,0.37,Improve performance,Critical bug,Bug,13.03,3.19,Carol,15.86
SP0176,46.84,30.02,104.14,2.38,48.16,2.54,-4.46,0.51,Alice,38.84,50.02,21.92,4.47,3.47,90.96,0.94,ISS0757,Task,Low,17.6,9.72,Update UI,15.75,34.12,26.16,3.16,1.6,0.66,Code cleanup,Tech debt,Performance,13.76,4.45,Carol,21.02
SP0984,64.64,34.87,80.51,5.41,57.43,0.66,7.19,-0.2,Alice,32.45,80.34,31.41,2.28,1.79,147.26,0.85,ISS0870,Bug,High,2.98,5.99,Fix bug,3.34,28.78,24.18,0.98,1.01,-0.01,Develop feature,User request,Refactor,-1.6,5.91,Alice,17.03
SP0170,50.08,53.76,106.55,1.87,57.43,1.25,10.44,-0.03,Carol,39.0,33.27,31.64,3.42,0.89,206.57,1.0,ISS0579,Bug,Low,8.04,10.52,Fix bug,6.24,37.06,18.47,2.52,2.66,0.27,Develop feature,New module,Bug,9.38,6.24,Bob,15.3
SP0920,49.5,30.0,83.66,6.65,19.79,0.24,4.86,0.57,Bob,50.76,53.25,33.93,7.35,0.64,67.64,-0.14,ISS0694,Bug,High,19.14,9.25,Add feature,20.63,28.64,24.79,0.31,0.07,0.68,Develop feature,New module,Bug,12.43,4.36,David,18.12
SP0176,64.21,34.15,91.86,5.9,54.62,3.0,-4.84,0.41,Carol,31.33,54.85,17.41,7.78,0.97,112.38,0.24,ISS0097,Bug,Medium,19.74,2.12,Add feature,23.99,21.52,28.59,2.36,3.4,-0.28,Improve performance,User request,Refactor,12.7,9.85,Alice,27.3
SP0657,75.26,14.04,85.61,4.42,47.21,2.91,1.47,0.47,David,29.09,59.54,40.53,3.48,-0.15,149.29,0.98,ISS0910,Task,Medium,9.12,10.7,Fix bug,8.33,37.8,17.73,4.83,2.44,1.67,Code cleanup,Critical bug,Bug,12.79,8.79,David,9.75
SP0635,16.08,12.51,100.49,1.4,61.94,1.71,3.77,0.54,Carol,37.84,42.75,20.27,2.42,0.71,142.47,0.07,ISS0032,Task,Medium,13.05,3.74,Refactor code,25.92,49.89,29.86,3.36,1.99,0.29,Improve performance,Tech debt,Feature,12.73,9.23,Alice,10.05
SP0615,65.66,12.05,69.44,4.19,32.32,2.29,-5.61,-0.02,Bob,29.18,49.24,38.48,7.24,3.43,168.39,1.16,ISS0169,Task,Low,8.25,4.25,Refactor code,16.35,25.37,22.3,1.08,0.6,0.6,Improve performance,User request,Feature,9.0,3.77,Alice,15.94
SP0903,77.56,30.66,78.21,7.01,31.68,1.17,8.78,0.45,Alice,16.67,38.84,36.04,6.44,1.28,153.32,0.48,ISS0777,Story,Low,23.28,6.7,Refactor code,5.0,47.68,40.8,0.11,2.28,0.72,Code cleanup,User request,Refactor,16.19,16.39,David,3.99
SP0335,40.04,28.86,69.6,2.24,46.87,1.98,8.28,-0.12,Bob,34.43,45.84,41.38,5.5,-0.41,58.8,0.29,ISS0226,Story,Low,11.21,3.82,Add feature,19.41,43.88,26.57,3.12,3.42,1.1,Fix bug,Critical bug,Refactor,4.9,2.61,Carol,4.71
SP0932,48.75,16.08,86.14,1.34,39.59,2.53,0.02,-0.31,Carol,31.21,52.58,38.75,8.5,0.82,82.48,0.82,ISS0872,Task,High,13.0,5.08,Refactor code,9.01,37.6,32.01,1.81,2.5,1.34,Fix bug,New module,Feature,7.7,-2.17,David,8.17
SP0684,27.92,64.63,73.9,0.01,74.69,2.42,-7.18,-0.21,David,41.15,55.04,36.89,2.99,0.16,172.67,0.1,ISS0603,Task,Medium,18.39,3.7,Refactor code,30.01,47.74,41.87,0.19,1.62,0.32,Develop feature,New module,Bug,17.66,2.61,Alice,10.58
SP0633,56.37,19.4,68.64,4.1,61.51,4.26,2.1,0.03,Carol,44.3,44.19,38.67,0.87,1.49,89.08,0.68,ISS0807,Story,Medium,15.13,8.84,Refactor code,17.05,43.39,23.16,2.09,1.56,0.28,Code cleanup,New module,Refactor,6.05,6.02,Alice,19.67
SP0551,48.61,44.63,77.5,6.87,23.85,1.33,4.56,0.79,Alice,34.66,46.58,26.35,3.88,1.36,116.15,0.01,ISS0097,Bug,High,7.75,5.4,Update UI,15.01,29.17,35.74,0.28,-0.36,0.94,Improve performance,Critical bug,Bug,7.84,5.51,Alice,18.77
SP0608,74.13,20.84,87.14,-2.0,22.69,1.37,0.72,-0.12,Bob,32.36,47.68,32.13,0.87,2.2,140.94,0.42,ISS0211,Story,High,5.2,10.76,Fix bug,6.76,41.55,28.61,4.21,1.31,0.03,Develop feature,Critical bug,Bug,6.93,10.55,Bob,10.0
SP0676,87.42,54.71,64.35,4.97,52.55,2.1,-0.06,0.22,Bob,62.81,49.33,42.85,3.59,3.37,177.05,0.78,ISS0323,Bug,High,21.47,5.81,Add feature,10.36,46.65,27.65,1.24,2.95,-0.47,Improve performance,Critical bug,Performance,7.78,4.44,David,12.37
SP0282,45.78,20.38,59.72,-1.22,47.4,2.02,-5.43,0.27,Carol,48.44,36.5,30.34,6.08,1.14,117.54,0.77,ISS0963,Story,Medium,1.36,-1.52,Add feature,10.88,27.56,24.43,2.33,1.71,1.02,Develop feature,New module,Performance,14.78,8.21,Alice,11.29
SP0485,46.21,27.39,101.94,6.95,41.26,1.68,-9.28,0.66,Bob,35.36,83.61,54.56,4.09,2.05,94.54,0.82,ISS0368,Bug,High,15.21,4.21,Fix bug,16.7,36.74,16.6,0.58,0.11,0.66,Improve performance,Critical bug,Refactor,1.65,8.14,Bob,23.71
SP0573,86.9,22.87,90.41,-2.34,38.42,1.57,1.36,0.31,Bob,37.6,42.36,27.37,5.74,1.67,277.71,0.13,ISS0864,Bug,High,7.28,3.86,Update UI,14.23,66.29,25.79,2.17,3.03,0.73,Fix bug,Critical bug,Feature,5.97,5.7,Carol,13.3
SP0677,53.34,28.87,77.99,3.86,54.2,1.25,7.02,-0.57,Alice,37.44,59.08,26.38,6.77,0.09,205.19,-0.07,ISS0076,Bug,Medium,12.33,9.35,Add feature,15.42,42.84,25.33,3.43,1.12,0.43,Fix bug,Tech debt,Refactor,15.06,8.91,Bob,19.57
SP0210,66.28,24.75,48.91,5.58,46.54,0.27,4.42,-0.04,David,58.86,34.45,28.7,7.23,1.24,113.82,1.0,ISS0199,Bug,Medium,2.45,-1.25,Add feature,21.02,61.11,30.77,1.89,0.5,1.18,Fix bug,New module,Bug,4.3,3.49,Carol,10.1
SP0058,65.99,6.73,64.19,-1.12,39.61,0.49,-1.6,-0.16,Carol,21.86,64.52,36.69,6.51,0.43,243.3,0.49,ISS0067,Task,Medium,5.97,5.42,Fix bug,6.25,49.93,30.55,2.39,2.1,0.21,Develop feature,Tech debt,Feature,-2.88,5.61,David,-3.48
SP0959,15.21,-8.14,58.08,8.98,43.97,3.53,10.18,0.51,Alice,14.45,37.92,45.02,5.91,3.55,163.78,0.55,ISS0404,Story,High,5.44,7.37,Refactor code,3.8,44.77,22.32,1.05,3.97,0.34,Develop feature,New module,Feature,-0.61,-0.38,Alice,9.44
SP0062,40.27,36.79,54.89,4.14,50.64,0.52,3.87,0.55,Alice,28.99,21.1,25.68,6.32,4.98,66.11,0.27,ISS0290,Bug,Medium,16.02,7.69,Refactor code,13.48,20.66,28.36,1.23,2.85,0.89,Develop feature,New module,Bug,12.54,1.62,Alice,15.87
SP0314,54.11,21.46,77.29,3.74,52.1,2.59,-1.54,-0.08,Alice,47.75,42.39,29.61,4.89,0.4,194.34,0.29,ISS0759,Bug,Low,5.99,6.91,Add feature,23.36,38.36,27.75,1.05,2.93,0.92,Code cleanup,User request,Refactor,11.31,4.29,Bob,11.72
SP0969,79.84,34.68,98.76,0.87,45.71,2.11,4.3,-0.11,Alice,21.84,33.2,30.71,8.12,0.52,154.85,0.9,ISS0144,Task,Medium,12.41,9.02,Refactor code,18.88,47.17,33.21,1.95,2.91,0.44,Fix bug,Tech debt,Refactor,12.18,5.86,Alice,9.3
SP0271,38.57,30.92,61.01,7.27,36.21,1.14,-14.37,0.07,Bob,55.85,72.09,39.99,3.66,3.71,157.9,0.84,ISS0633,Bug,High,9.1,4.78,Fix bug,18.73,33.33,32.69,-0.24,4.15,-0.17,Code cleanup,New module,Performance,4.62,5.69,Bob,13.84
SP0197,52.11,30.37,49.61,7.41,42.73,0.83,8.92,-0.14,Carol,36.85,30.77,22.33,8.49,2.03,-4.88,1.07,ISS0207,Story,Low,11.95,7.7,Fix bug,18.21,41.06,21.47,2.97,2.19,0.62,Develop feature,User request,Refactor,1.43,2.94,Bob,4.71
SP0370,22.69,41.78,47.67,1.04,72.89,1.0,2.65,0.24,David,49.2,23.84,28.71,1.38,1.22,132.31,1.3,ISS0472,Story,Medium,9.16,5.34,Add feature,11.85,36.74,21.49,3.64,2.25,0.28,Develop feature,Critical bug,Performance,13.67,4.49,Alice,14.76
SP0786,61.39,52.33,66.79,6.67,45.74,1.75,0.05,0.21,Alice,47.73,30.78,15.21,12.73,3.72,116.59,-0.19,ISS0422,Bug,Low,2.25,6.17,Fix bug,26.55,28.97,31.06,2.21,0.61,0.71,Develop feature,Tech debt,Feature,7.96,10.1,Carol,16.83
SP0228,41.91,12.16,62.35,9.75,42.08,4.5,2.41,0.09,Carol,41.23,68.28,36.55,4.57,2.23,81.42,1.29,ISS0077,Task,Medium,7.24,6.51,Add feature,15.16,29.51,31.31,1.77,3.58,0.67,Fix bug,Critical bug,Refactor,12.49,5.99,David,13.57
SP0471,51.73,40.97,53.23,3.01,40.37,2.81,10.44,-0.01,Alice,48.0,61.75,43.47,8.06,3.8,81.13,-0.05,ISS0753,Story,Medium,8.68,8.62,Fix bug,22.36,47.75,23.51,1.45,-0.84,0.3,Improve performance,New module,Refactor,2.37,8.79,Bob,30.16
SP0145,54.68,42.55,58.36,6.35,37.55,2.79,5.67,0.93,Bob,21.25,40.91,50.61,5.74,1.44,212.25,0.81,ISS0696,Task,Low,12.8,-0.25,Refactor code,10.34,37.6,33.72,3.35,3.65,0.19,Fix bug,Tech debt,Feature,18.02,4.94,David,16.08
SP0579,59.82,48.46,40.93,5.87,20.5,3.24,-0.66,0.2,Carol,35.66,41.79,31.03,7.02,1.65,173.19,0.72,ISS0623,Task,High,13.91,4.49,Refactor code,5.82,25.72,8.82,3.3,3.18,0.68,Code cleanup,New module,Feature,16.45,6.44,Carol,16.35
SP0060,54.26,32.38,49.93,5.21,48.17,1.94,2.48,1.43,Alice,41.78,54.98,22.77,5.7,2.06,185.79,-0.55,ISS0266,Story,Medium,10.07,4.21,Add feature,16.25,40.1,28.45,3.2,1.86,0.07,Develop feature,New module,Bug,12.79,5.36,Carol,10.57
SP0831,20.5,5.78,59.2,3.39,13.61,2.21,0.8,0.18,Alice,64.94,65.52,25.92,1.86,2.34,81.84,0.54,ISS0988,Bug,High,18.26,12.98,Fix bug,9.47,46.66,29.48,1.63,2.42,-0.03,Fix bug,User request,Performance,10.61,4.13,David,5.55
SP0478,54.57,33.68,74.6,5.7,79.37,1.45,7.23,0.31,Alice,50.48,57.08,42.21,2.24,1.33,202.95,-0.37,ISS0676,Task,High,13.82,8.82,Add feature,18.01,34.62,34.2,1.34,3.83,-0.04,Code cleanup,Critical bug,Feature,10.2,8.49,Carol,7.86
SP0134,49.43,15.78,81.75,4.2,63.25,1.1,7.26,0.6,David,18.97,70.14,27.44,6.3,3.22,112.88,0.11,ISS0678,Bug,Medium,6.49,3.55,Update UI,20.46,31.54,28.62,3.17,3.6,0.37,Develop feature,New module,Feature,13.55,7.54,Carol,-2.06
SP0258,58.42,65.17,73.66,4.52,32.6,6.04,2.42,0.12,Bob,42.88,29.15,43.21,3.1,-0.33,257.48,0.69,ISS0702,Task,Low,17.75,7.92,Update UI,-0.8,55.89,26.8,1.34,3.66,0.37,Develop feature,User request,Bug,13.67,2.98,Alice,8.28
SP0993,41.0,21.11,48.49,-1.93,49.8,1.64,4.74,0.26,Carol,20.57,48.8,36.31,7.98,0.61,101.14,0.73,ISS0821,Bug,Medium,13.87,8.16,Refactor code,19.68,38.76,29.91,-0.95,2.14,0.83,Code cleanup,Critical bug,Feature,13.0,3.76,Carol,8.16
SP0659,35.9,20.76,29.34,7.34,53.89,1.18,8.34,0.77,Alice,54.5,22.74,21.26,5.61,-0.49,99.41,0.92,ISS0135,Task,High,15.98,3.94,Update UI,23.07,38.79,31.48,1.61,1.41,-0.03,Fix bug,Critical bug,Bug,15.02,7.45,David,17.6
SP0304,37.11,44.42,84.08,1.48,36.04,3.16,1.71,0.59,David,51.78,58.44,34.07,4.64,1.6,110.3,0.43,ISS0471,Story,High,7.26,5.3,Add feature,16.55,51.83,22.69,5.31,3.27,0.59,Code cleanup,Critical bug,Performance,5.76,5.47,Carol,17.51
SP0330,32.73,47.99,45.39,-0.29,1.38,2.76,-4.01,0.12,Bob,25.17,45.54,37.48,7.0,2.59,159.88,0.7,ISS0828,Story,Low,11.24,5.37,Update UI,23.08,38.43,23.86,1.05,0.94,0.61,Code cleanup,Tech debt,Feature,14.46,7.77,David,13.3
SP0627,40.92,31.65,98.11,6.39,73.85,2.3,0.1,0.2,David,41.71,41.81,7.86,7.85,1.7,-48.86,0.03,ISS0347,Story,Low,5.9,8.1,Add feature,7.18,29.71,38.29,3.14,3.76,1.36,Develop feature,Tech debt,Feature,16.47,6.65,Bob,10.72
SP0424,51.72,63.38,79.45,7.11,18.18,1.18,4.58,0.44,Alice,29.52,47.09,33.8,6.47,-0.11,70.41,1.29,ISS0394,Bug,Medium,2.63,8.85,Update UI,24.56,18.08,20.23,2.42,2.74,0.53,Code cleanup,Critical bug,Performance,18.19,6.44,David,8.37
SP0195,35.46,59.78,69.69,6.44,16.73,2.46,11.79,-0.29,Alice,48.24,47.23,44.21,1.59,0.07,202.47,0.34,ISS0711,Task,Medium,10.21,2.38,Fix bug,19.01,42.46,24.23,1.23,2.25,0.18,Improve performance,New module,Refactor,17.43,5.97,Alice,10.07
SP0080,10.45,43.71,45.86,3.73,78.06,0.41,3.92,0.53,Alice,38.68,50.3,30.98,1.8,1.91,187.18,1.2,ISS0383,Story,High,1.19,0.32,Update UI,4.18,53.51,35.15,2.87,0.11,0.76,Code cleanup,Critical bug,Refactor,10.45,4.28,David,14.51
SP0140,60.31,69.33,71.02,1.49,50.78,0.02,-3.87,-0.29,Carol,43.23,36.02,37.63,4.5,1.52,174.51,0.83,ISS0569,Task,Low,8.48,3.97,Refactor code,22.5,51.17,32.61,3.01,0.46,1.11,Code cleanup,Tech debt,Bug,5.41,5.79,Bob,0.82
SP0545,56.27,32.24,77.46,1.15,48.1,2.18,-5.97,0.7,Alice,49.16,75.81,45.08,3.78,2.98,160.89,0.27,ISS0928,Bug,High,11.79,4.33,Fix bug,8.16,39.48,24.05,1.92,4.27,0.12,Improve performance,Tech debt,Refactor,12.11,4.31,Carol,10.15
SP0575,39.62,57.66,58.33,10.94,69.33,2.85,0.11,0.1,Bob,41.6,30.79,56.03,3.98,-1.25,166.61,0.19,ISS0991,Task,Medium,9.19,4.5,Fix bug,12.97,34.15,29.5,2.02,2.21,0.38,Code cleanup,Critical bug,Refactor,13.12,2.65,Bob,21.62
SP0052,58.0,35.86,65.13,5.93,53.93,0.36,-0.81,-1.07,Alice,41.55,51.48,32.01,-0.0,3.93,109.9,1.09,ISS0584,Task,High,8.43,4.35,Refactor code,22.03,57.41,29.63,0.18,3.69,0.07,Code cleanup,New module,Feature,14.98,11.5,David,0.83
SP0892,60.92,13.84,72.33,9.85,78.26,-0.28,10.36,0.38,David,25.09,54.57,29.6,3.26,0.53,7.8,0.17,ISS0397,Story,Low,11.14,9.08,Refactor code,10.29,35.13,42.17,0.57,1.44,-0.97,Improve performance,User request,Refactor,15.39,4.79,Bob,15.91
SP0992,65.84,31.61,58.69,8.58,59.77,2.57,-5.02,-0.05,Carol,48.27,25.36,40.34,2.75,3.19,179.76,0.49,ISS0612,Bug,High,12.25,5.82,Refactor code,16.47,41.48,26.14,0.62,1.01,0.4,Code cleanup,Tech debt,Refactor,11.2,3.64,David,7.27
SP0922,61.9,38.33,66.27,5.6,81.33,1.95,3.82,-0.12,Carol,40.08,34.49,30.01,4.71,1.69,204.75,-0.2,ISS0719,Story,Medium,6.21,5.52,Refactor code,12.63,48.82,27.37,1.98,4.03,0.55,Fix bug,User request,Refactor,4.79,6.95,David,22.55
SP0685,60.55,61.26,80.88,1.65,77.75,1.12,3.99,0.8,Carol,39.67,51.37,42.55,2.7,2.17,179.91,-0.19,ISS0999,Story,Low,15.84,6.32,Fix bug,20.64,35.28,24.14,1.02,3.14,0.18,Code cleanup,New module,Feature,10.56,5.54,Alice,19.32
SP0172,33.9,9.88,93.12,4.34,23.93,0.71,-2.24,-0.06,Alice,47.96,65.02,43.87,4.95,-1.4,187.08,0.51,ISS0395,Story,High,13.72,10.55,Fix bug,12.62,43.04,24.89,2.48,3.17,0.44,Code cleanup,User request,Feature,8.76,8.4,Carol,15.58
SP0888,26.3,21.28,51.45,5.85,49.51,0.73,4.51,-0.04,David,63.04,55.96,33.15,7.72,0.01,68.12,0.65,ISS0798,Bug,High,12.49,3.38,Update UI,19.34,36.91,17.72,2.46,1.43,-0.02,Develop feature,User request,Performance,19.17,12.93,David,20.19
SP0261,50.07,32.95,77.29,1.45,48.99,1.52,6.76,0.97,David,34.72,39.7,34.5,7.09,3.82,135.57,0.42,ISS0296,Bug,High,13.37,9.9,Add feature,9.92,63.24,23.46,3.57,3.28,0.92,Develop feature,Tech debt,Refactor,9.21,7.31,Carol,-7.72
SP0288,21.59,14.47,74.19,3.06,82.34,4.6,8.62,0.52,Carol,47.26,46.15,17.67,2.8,0.0,68.7,0.52,ISS0570,Story,High,7.8,4.96,Fix bug,11.1,43.88,26.23,3.21,1.97,-0.29,Fix bug,Tech debt,Feature,22.34,5.27,Carol,23.61
SP0269,67.54,23.76,94.7,5.85,40.87,3.54,9.46,0.25,Bob,47.8,40.54,30.97,0.77,2.21,321.12,0.35,ISS0235,Story,High,7.26,6.91,Update UI,13.07,53.97,14.04,-0.02,0.71,0.31,Improve performance,User request,Feature,14.56,4.95,David,3.65
SP0629,64.7,34.74,77.45,-0.22,41.31,-0.17,6.24,0.48,Carol,31.92,33.47,23.25,9.81,1.2,158.84,-0.15,ISS0090,Task,Low,12.03,9.58,Fix bug,10.16,58.99,16.61,4.2,3.48,0.76,Develop feature,Critical bug,Performance,4.81,1.2,Bob,13.13
SP0130,15.26,16.97,84.04,4.44,25.12,0.18,1.25,0.66,Carol,25.7,45.64,30.71,4.37,2.96,43.69,0.86,ISS0850,Task,High,12.57,5.36,Add feature,11.81,32.04,15.3,2.67,2.84,0.11,Develop feature,Tech debt,Refactor,11.98,7.05,Bob,20.41
SP0363,49.53,20.96,40.67,-0.91,58.82,2.37,-5.52,0.81,Alice,16.1,35.22,31.55,2.12,0.07,181.37,1.17,ISS0962,Story,Medium,12.18,7.51,Fix bug,13.46,34.38,14.31,0.58,1.84,0.03,Develop feature,User request,Feature,10.73,6.5,David,26.08
SP0453,64.2,21.48,48.82,5.53,54.72,1.71,-0.89,-0.41,Carol,40.73,40.14,32.75,5.09,0.48,208.22,0.97,ISS0441,Bug,Medium,5.78,5.83,Add feature,13.57,38.41,14.95,1.26,1.5,0.13,Fix bug,User request,Bug,4.06,2.88,Carol,11.64
SP0287,102.31,27.34,80.93,3.4,19.68,3.17,8.04,0.12,David,36.02,68.72,22.75,3.92,4.66,108.68,1.5,ISS0695,Task,Medium,14.88,3.82,Update UI,12.06,48.45,28.31,2.9,5.63,-0.29,Improve performance,Critical bug,Bug,2.23,2.98,David,13.22
SP0187,61.04,58.78,63.3,9.57,59.77,3.17,-4.93,0.13,Alice,35.84,54.01,26.55,3.99,2.09,235.42,0.29,ISS0004,Task,Medium,8.89,5.24,Fix bug,5.19,38.14,21.16,1.43,2.34,-0.05,Improve performance,User request,Refactor,10.93,8.91,Carol,16.1
SP0878,36.55,53.15,65.92,3.01,40.43,1.42,2.92,-0.3,David,55.04,54.19,25.61,9.76,1.2,80.99,1.53,ISS0315,Task,High,11.04,2.22,Fix bug,21.65,38.54,25.65,-0.75,1.48,0.11,Code cleanup,New module,Feature,8.28,12.51,Alice,11.31
SP0224,49.82,57.3,74.16,10.73,75.71,1.1,-0.9,0.07,Bob,44.53,43.54,38.1,1.25,1.2,142.37,0.37,ISS0695,Task,High,14.09,9.91,Refactor code,20.77,28.81,25.09,1.79,2.22,0.92,Improve performance,New module,Performance,13.5,5.91,David,21.08
SP0617,27.89,19.87,93.18,3.72,52.98,0.77,-0.75,0.36,David,37.44,41.06,33.68,-0.1,1.14,206.5,0.41,ISS0941,Task,Medium,7.04,5.94,Refactor code,20.5,28.17,25.03,2.89,1.62,0.9,Develop feature,New module,Bug,11.79,6.39,Bob,10.78
SP0242,44.6,38.1,66.2,5.06,54.98,0.57,0.56,0.44,David,40.75,68.52,36.52,6.02,5.67,115.35,-0.21,ISS0066,Task,Medium,4.71,1.42,Add feature,18.67,46.64,23.53,0.74,1.63,-0.16,Improve performance,New module,Refactor,11.66,6.87,Carol,21.4
SP0328,45.29,46.37,98.7,4.75,46.96,1.71,10.49,0.96,Carol,23.75,44.76,17.66,2.06,4.01,115.66,0.47,ISS0515,Story,High,2.29,9.02,Refactor code,15.47,41.08,31.72,1.8,2.72,0.38,Fix bug,New module,Bug,6.36,5.42,Carol,10.72
SP0302,20.3,47.7,32.71,2.89,60.85,1.69,0.22,-0.21,Alice,30.76,30.96,32.68,3.23,2.47,137.92,0.3,ISS0766,Story,Low,12.99,1.87,Fix bug,24.51,48.45,29.3,-0.24,3.71,-0.02,Code cleanup,User request,Refactor,5.23,4.39,David,12.82
SP0165,63.86,35.28,97.21,1.98,54.5,0.52,2.02,0.33,Bob,37.57,40.97,36.82,12.82,2.02,142.75,0.15,ISS0257,Bug,Low,10.39,1.51,Update UI,11.44,44.27,27.5,0.77,5.54,0.03,Code cleanup,New module,Refactor,9.51,5.68,David,5.78
SP0305,34.66,58.39,97.17,7.99,56.53,0.07,8.36,0.07,David,22.31,73.0,26.82,4.55,3.27,146.08,1.07,ISS0594,Story,Medium,8.84,11.72,Update UI,25.43,27.34,25.92,3.77,-0.81,-0.78,Fix bug,New module,Refactor,12.42,4.77,Carol,19.46
SP0210,48.0,16.38,66.06,2.62,39.5,2.08,3.69,0.23,Carol,53.46,56.75,45.68,6.42,2.76,152.34,0.97,ISS0722,Bug,Low,-0.19,1.65,Add feature,10.38,44.01,17.44,0.66,2.52,0.47,Fix bug,User request,Performance,8.52,13.47,David,9.63
SP0227,6.99,60.4,86.7,8.3,51.54,2.69,5.29,0.1,David,42.81,47.55,56.6,3.85,-0.51,211.32,0.5,ISS0353,Story,Low,11.82,7.02,Add feature,17.53,40.58,26.5,2.85,3.54,-0.06,Develop feature,New module,Refactor,8.55,4.26,Alice,10.65
SP0571,78.99,15.13,81.34,6.88,24.96,2.82,1.83,0.28,Alice,47.28,40.64,17.93,5.96,0.88,237.84,-0.39,ISS0099,Story,Medium,9.59,11.74,Refactor code,14.34,18.34,31.74,1.1,2.15,-0.25,Develop feature,New module,Refactor,2.3,3.7,Bob,16.82
SP0848,66.22,44.7,62.92,8.71,78.11,0.85,6.64,0.18,David,40.73,67.72,46.01,1.65,0.75,153.06,0.98,ISS0461,Bug,High,4.97,7.52,Update UI,10.0,44.73,32.1,1.8,-0.24,0.14,Improve performance,Critical bug,Bug,11.64,8.63,Carol,16.74
SP0685,34.48,49.13,64.14,6.01,60.97,1.89,-1.33,0.14,Alice,40.95,33.07,17.07,0.87,0.85,79.13,-0.29,ISS0954,Task,Medium,4.08,5.48,Add feature,13.86,24.9,26.63,2.39,3.47,0.46,Code cleanup,New module,Performance,4.89,14.56,Alice,11.19
SP0056,27.35,59.03,50.89,3.55,45.06,2.88,2.59,-0.16,David,36.76,48.01,39.03,6.26,4.63,-13.3,1.5,ISS0435,Task,Medium,21.17,4.36,Update UI,11.29,56.81,34.17,0.34,3.71,0.76,Code cleanup,User request,Feature,12.05,12.65,David,7.54
SP0379,77.06,35.01,28.7,7.53,46.9,3.03,-1.2,0.38,David,38.38,35.69,28.27,7.61,2.12,36.63,1.24,ISS0667,Bug,High,-0.34,6.77,Fix bug,17.0,44.92,24.77,4.05,1.49,-0.02,Improve performance,Critical bug,Bug,17.8,10.28,Bob,31.5
SP0587,30.55,45.93,60.96,3.65,59.18,0.34,11.19,0.33,Alice,36.92,40.71,35.92,6.01,2.05,-42.97,0.35,ISS0545,Bug,Low,10.27,9.23,Update UI,7.31,43.98,29.57,2.3,-0.66,0.38,Develop feature,User request,Bug,13.39,2.94,Alice,9.75
SP0927,61.4,46.68,83.55,5.87,55.02,2.49,8.02,0.46,Carol,12.43,38.42,36.03,5.21,2.12,75.28,0.69,ISS0318,Bug,Low,7.29,9.84,Refactor code,2.27,21.77,30.18,2.67,2.74,0.49,Improve performance,Critical bug,Feature,-2.51,8.82,Alice,12.39
SP0965,37.19,6.93,59.57,4.33,79.81,1.84,-3.47,0.81,Alice,39.98,22.16,35.2,6.7,1.95,169.82,0.07,ISS0366,Story,High,15.1,9.54,Update UI,15.25,43.92,24.14,1.86,2.91,0.2,Improve performance,Tech debt,Performance,9.26,1.84,Alice,14.8
SP0535,71.56,51.12,81.51,0.57,38.78,1.64,7.49,-0.58,Carol,34.32,39.09,39.31,0.7,1.4,21.06,1.07,ISS0647,Story,Low,16.01,11.89,Refactor code,16.05,30.19,18.41,0.64,3.25,1.02,Fix bug,Critical bug,Bug,12.33,6.76,Carol,6.28
SP0803,56.95,42.96,57.12,4.52,48.35,2.56,3.47,0.08,Carol,49.23,23.44,27.29,7.63,2.47,121.06,1.44,ISS0996,Task,Low,18.01,4.22,Refactor code,20.11,24.32,10.6,4.47,1.9,0.41,Improve performance,New module,Performance,5.84,6.25,Bob,16.97
SP0589,28.22,21.61,69.69,6.36,58.31,6.17,2.47,-0.08,Bob,24.79,64.53,45.21,8.1,-0.28,102.07,0.36,ISS0309,Story,High,15.88,3.69,Add feature,28.88,24.52,24.63,0.34,2.82,0.22,Fix bug,Tech debt,Feature,2.76,16.27,Alice,17.13
SP0929,72.93,35.22,80.01,2.21,31.5,2.67,7.44,0.27,Bob,25.53,21.87,48.15,6.47,4.2,108.13,0.79,ISS0005,Story,High,9.09,9.88,Update UI,9.17,21.23,16.78,3.1,2.14,0.45,Code cleanup,New module,Feature,11.58,0.51,David,17.67
SP0139,21.65,41.92,72.78,1.59,49.58,0.17,6.65,0.27,Alice,47.22,47.38,33.19,8.4,-1.28,101.14,0.84,ISS0941,Task,Low,16.39,7.73,Refactor code,18.95,26.99,17.14,2.7,0.82,-0.22,Code cleanup,User request,Bug,9.52,6.58,Bob,12.52
SP0427,41.39,33.0,66.01,4.97,57.36,2.14,2.64,-0.3,Carol,54.21,14.44,23.71,7.59,1.86,146.14,0.19,ISS0627,Task,Low,16.28,5.66,Add feature,15.24,40.28,37.1,1.0,2.87,0.73,Fix bug,Tech debt,Refactor,14.94,12.81,Bob,14.28
SP0571,50.19,61.56,65.67,3.04,61.63,2.88,2.86,0.58,Carol,25.67,47.47,27.66,2.26,1.55,188.52,0.76,ISS0450,Story,Medium,13.52,3.23,Add feature,7.66,41.77,29.38,1.66,3.1,0.55,Develop feature,New module,Bug,23.19,0.79,Bob,18.38
SP0683,15.87,40.46,93.94,2.93,48.51,3.13,2.94,-0.36,Bob,40.29,44.63,43.7,5.51,0.67,167.54,-0.51,ISS0380,Story,High,8.01,4.88,Refactor code,17.27,48.15,22.27,0.86,2.85,0.77,Code cleanup,Critical bug,Bug,13.38,2.41,Bob,17.23
SP0063,35.26,34.16,38.73,0.45,26.73,1.15,-4.45,0.92,Carol,40.03,37.42,36.81,3.62,2.06,176.01,0.79,ISS0669,Bug,High,12.06,6.62,Update UI,24.25,45.79,34.75,1.55,0.39,-0.43,Code cleanup,Critical bug,Refactor,12.06,4.01,Alice,15.49
SP0843,55.9,60.67,96.71,2.6,70.89,3.71,4.91,0.32,Carol,33.04,62.95,25.37,3.27,1.25,30.7,1.03,ISS0253,Story,Low,12.03,9.91,Fix bug,7.22,48.67,26.02,-0.14,2.29,0.22,Code cleanup,User request,Refactor,15.4,1.09,Carol,14.36
SP0520,62.93,22.17,72.44,3.46,72.1,5.35,11.78,-0.09,Alice,42.38,39.74,43.52,5.53,3.29,135.37,1.06,ISS0459,Task,Medium,-0.05,4.78,Refactor code,10.45,36.38,27.04,2.56,2.37,0.66,Code cleanup,Tech debt,Refactor,9.99,4.72,Alice,11.74
SP0078,66.55,30.9,80.3,4.3,65.85,2.69,0.47,-0.25,Bob,30.54,53.51,35.59,5.27,3.27,129.8,-0.26,ISS0752,Bug,Medium,13.31,4.49,Add feature,19.32,31.8,24.03,-0.17,4.12,-0.48,Code cleanup,Critical bug,Performance,9.01,5.36,Alice,10.02
SP0114,40.36,7.08,61.87,4.59,34.08,-0.67,5.57,0.51,Carol,65.42,34.25,40.17,2.43,2.79,107.86,0.67,ISS0776,Task,High,5.14,6.7,Refactor code,13.03,29.43,38.76,1.54,1.71,1.14,Develop feature,Tech debt,Bug,11.22,7.89,David,16.83
SP0959,58.71,41.82,54.48,-0.03,55.25,0.92,-4.75,0.15,Bob,62.0,48.31,41.08,5.91,0.77,239.87,0.75,ISS0809,Story,Medium,15.15,3.78,Refactor code,21.93,50.01,29.15,0.72,0.79,0.11,Improve performance,User request,Feature,3.8,8.59,Bob,26.87
SP0762,86.0,24.88,71.65,7.36,75.96,-0.23,1.49,0.54,David,39.59,38.29,9.83,2.19,1.37,181.45,1.16,ISS0012,Story,Medium,13.14,11.02,Fix bug,9.25,50.01,26.0,1.96,3.48,0.57,Fix bug,New module,Bug,18.37,5.59,Carol,16.09
SP0218,67.48,15.11,84.53,2.94,31.04,1.56,3.21,0.54,Alice,33.79,34.89,34.64,5.25,-1.06,134.33,0.58,ISS0346,Story,High,5.3,6.62,Fix bug,12.15,33.1,21.82,0.23,1.23,0.33,Code cleanup,Critical bug,Bug,5.92,6.12,David,6.61
SP0066,58.47,47.04,76.19,4.4,65.71,2.33,-3.7,0.31,Bob,22.67,31.17,38.32,8.02,2.75,41.2,1.44,ISS0959,Story,Low,4.06,2.93,Add feature,7.55,28.1,23.57,-1.94,-2.13,0.62,Code cleanup,Tech debt,Performance,9.8,8.8,Carol,22.16
SP0200,56.75,20.5,55.2,7.72,62.82,5.29,7.12,0.17,Bob,51.83,45.83,35.62,4.62,2.08,115.7,-0.71,ISS0696,Bug,High,11.88,2.91,Update UI,15.68,15.19,35.73,0.86,1.44,0.77,Code cleanup,Tech debt,Performance,3.36,5.01,Carol,14.63
SP0889,56.46,38.07,56.98,2.96,67.57,1.2,-7.09,-0.22,Bob,48.15,24.21,27.25,0.75,2.82,94.84,0.67,ISS0361,Story,Low,3.8,10.8,Fix bug,9.29,42.25,16.61,-1.24,3.03,0.1,Fix bug,User request,Refactor,0.4,4.88,David,7.3
SP0834,60.89,34.03,74.7,3.03,34.28,3.1,-3.06,0.5,David,65.03,37.59,28.14,5.03,2.53,87.86,0.85,ISS0455,Task,Medium,11.34,10.93,Add feature,22.15,27.05,22.93,-1.34,4.97,-0.2,Develop feature,User request,Bug,16.25,7.84,Alice,10.78
SP0165,29.76,37.84,65.51,4.59,29.3,2.12,11.24,0.24,Alice,60.21,19.15,21.19,-0.78,-0.49,197.38,0.25,ISS0577,Bug,Low,22.35,1.54,Fix bug,17.44,40.13,35.1,4.09,1.98,-0.59,Fix bug,Critical bug,Bug,12.62,-0.5,David,-0.46
SP0713,33.14,27.39,48.39,5.36,49.78,2.6,5.54,-0.21,Carol,42.37,64.67,45.7,6.3,1.78,164.92,1.18,ISS0237,Task,Medium,18.18,5.84,Fix bug,15.9,32.04,14.41,2.33,2.48,0.1,Improve performance,New module,Bug,16.19,3.36,David,18.2
SP0433,58.23,16.46,68.1,0.46,85.97,1.71,-0.97,0.74,David,25.47,57.97,37.11,5.88,0.73,26.87,1.17,ISS0841,Story,High,13.54,11.4,Add feature,12.03,51.51,31.41,4.77,0.57,0.63,Improve performance,New module,Bug,7.97,3.75,Alice,12.62
SP0209,47.69,44.64,70.58,2.63,46.23,1.62,6.1,0.41,Carol,26.26,35.49,46.0,1.84,0.18,75.43,0.64,ISS0008,Bug,High,1.24,9.35,Fix bug,13.27,37.33,27.13,-0.2,4.24,-0.32,Fix bug,New module,Refactor,5.93,10.31,Bob,11.64
SP0074,66.77,34.96,95.71,6.24,63.97,0.56,2.26,-0.22,David,43.22,42.17,35.31,4.79,2.82,153.79,0.86,ISS0202,Story,Medium,11.87,6.51,Fix bug,8.45,55.32,30.31,1.66,1.1,0.56,Fix bug,User request,Performance,5.19,5.91,Bob,15.57
SP0521,27.63,20.08,68.15,0.31,46.98,2.25,1.4,0.57,Alice,40.9,38.38,39.81,2.29,1.45,242.58,0.2,ISS0969,Bug,Low,13.91,6.94,Update UI,17.88,50.26,34.27,1.51,3.27,-0.22,Improve performance,Tech debt,Performance,3.81,8.96,Alice,13.89
SP0440,30.97,43.64,74.2,6.46,53.05,4.05,9.03,0.15,Alice,39.92,42.91,22.68,3.76,0.48,215.46,-0.64,ISS0109,Task,Medium,-2.19,7.33,Refactor code,12.36,59.57,15.89,3.6,2.26,0.53,Fix bug,Critical bug,Refactor,5.53,8.59,Bob,12.22
SP0333,40.73,15.19,86.21,2.58,90.26,-0.32,5.73,-0.37,Carol,34.0,45.01,35.32,7.55,2.33,53.04,1.01,ISS0110,Story,Medium,9.49,5.56,Update UI,24.78,47.09,29.87,1.33,2.05,-0.2,Fix bug,New module,Feature,10.63,11.06,Carol,19.14
SP0238,47.57,18.54,74.39,3.76,15.83,2.06,10.54,-0.48,Bob,49.58,15.67,28.61,6.43,2.3,110.62,0.29,ISS0782,Task,Low,19.68,6.41,Fix bug,14.67,40.98,36.91,4.5,1.52,0.31,Code cleanup,Tech debt,Refactor,11.17,5.08,Carol,17.92
SP0420,22.92,30.9,68.3,0.33,34.86,2.47,-0.43,0.45,David,55.88,9.15,42.39,7.84,3.62,235.82,-0.28,ISS0555,Story,Low,6.82,9.8,Update UI,15.76,29.27,26.02,2.09,4.37,-0.01,Code cleanup,New module,Bug,19.15,11.24,Bob,13.15
SP0441,28.28,72.85,83.66,5.47,26.28,3.85,3.46,0.57,Carol,23.25,38.56,30.92,8.78,-1.26,242.5,0.09,ISS0934,Story,Low,20.69,5.9,Add feature,14.4,29.9,20.96,1.79,0.04,-0.04,Fix bug,Tech debt,Performance,17.62,9.15,Alice,22.72
SP0693,40.46,61.1,61.35,8.81,10.28,1.54,-3.37,0.25,David,37.07,62.11,36.19,2.76,2.45,130.13,0.11,ISS0901,Task,Medium,11.47,4.34,Add feature,32.71,44.38,24.84,-0.54,2.24,-0.04,Code cleanup,New module,Feature,11.81,2.36,Carol,-1.17
SP0333,47.62,50.33,75.64,-1.27,15.41,0.39,4.46,-0.1,Bob,36.23,33.01,38.34,6.14,3.83,100.07,0.72,ISS0345,Task,High,12.39,2.66,Add feature,6.7,34.3,24.07,-0.35,0.96,0.67,Develop feature,User request,Bug,2.7,10.79,Bob,12.8
SP0878,58.68,42.56,92.68,-0.67,71.84,2.82,12.03,-0.16,Alice,22.51,58.51,24.31,7.98,1.48,89.61,0.2,ISS0208,Bug,High,10.34,4.24,Refactor code,23.71,58.61,22.43,4.7,3.16,0.84,Improve performance,User request,Performance,8.31,0.73,David,9.16
SP0213,40.18,33.76,72.02,3.98,68.94,2.29,2.88,0.79,Carol,55.68,37.48,16.69,3.08,1.03,186.81,-0.13,ISS0573,Story,Medium,12.4,6.26,Refactor code,7.88,46.76,12.07,2.67,2.18,-0.17,Develop feature,User request,Performance,10.71,1.3,David,2.88
SP0084,37.22,-6.64,92.92,1.33,71.56,2.9,2.81,0.87,Alice,51.49,58.21,39.68,2.99,4.87,110.4,0.87,ISS0918,Story,High,9.74,1.46,Fix bug,19.43,55.85,21.38,4.27,3.38,0.35,Fix bug,Critical bug,Refactor,10.37,6.39,Alice,26.55
SP0249,50.64,37.04,76.15,2.65,39.54,-0.19,0.06,-0.43,Alice,34.71,40.98,27.04,3.93,2.1,184.44,1.06,ISS0585,Task,Medium,15.24,4.93,Add feature,15.55,41.62,21.44,2.85,2.86,0.54,Develop feature,Critical bug,Performance,7.6,2.8,Bob,22.08
SP0730,58.25,60.51,68.12,6.69,8.11,1.98,0.08,0.17,Carol,34.9,55.8,32.73,4.2,0.13,52.03,-0.46,ISS0951,Bug,Medium,19.79,4.83,Fix bug,15.66,48.6,24.98,-0.45,0.31,0.53,Fix bug,New module,Refactor,10.22,12.2,Carol,17.85
SP0243,19.24,35.8,97.98,9.7,23.11,2.13,-1.84,0.08,Bob,34.65,57.13,36.67,4.6,2.44,186.95,0.72,ISS0959,Bug,High,12.49,2.45,Refactor code,12.37,31.52,22.02,2.05,-0.15,0.29,Fix bug,Critical bug,Bug,-0.01,7.24,David,6.51
SP0366,44.54,57.62,55.72,6.92,46.42,-0.97,-5.65,-0.16,Bob,55.18,35.27,41.59,4.06,2.75,129.34,1.14,ISS0622,Bug,Medium,16.76,5.66,Add feature,8.74,34.83,29.18,-0.33,2.76,0.09,Develop feature,New module,Feature,16.54,10.05,Alice,8.86
SP0994,84.82,16.2,84.49,4.24,28.95,2.25,-4.42,-0.4,Alice,45.4,47.81,38.41,3.19,1.25,116.52,1.17,ISS0104,Task,Low,8.59,6.62,Update UI,18.87,50.31,31.15,0.18,4.56,0.64,Develop feature,User request,Performance,12.86,5.52,David,14.97
SP0960,43.32,6.63,56.94,4.23,41.43,0.32,3.16,-0.16,Bob,38.32,35.14,38.93,4.09,3.7,110.9,0.39,ISS0928,Bug,Medium,9.72,3.15,Fix bug,12.2,28.39,38.14,3.77,1.35,0.43,Code cleanup,New module,Feature,15.2,8.47,David,13.79
SP0115,63.16,50.83,43.84,8.56,53.24,2.92,4.26,-0.12,Alice,65.23,43.63,36.45,5.37,1.61,-13.9,0.54,ISS0897,Task,Low,9.08,5.35,Update UI,6.79,39.88,29.89,2.74,3.19,1.29,Develop feature,New module,Performance,4.78,5.84,Bob,3.88
SP0577,54.66,23.43,43.99,5.06,74.78,0.58,9.61,0.52,Bob,39.96,68.12,32.23,6.83,-0.39,153.44,0.3,ISS0179,Bug,Medium,8.05,6.13,Add feature,9.53,52.26,27.6,1.78,0.52,0.03,Code cleanup,Tech debt,Bug,15.18,4.14,Bob,7.1
SP0027,72.18,36.74,93.38,7.14,51.4,4.07,-0.47,0.63,Bob,48.05,57.32,31.81,9.23,2.64,102.3,0.49,ISS0390,Bug,High,8.83,3.76,Update UI,9.01,47.58,33.22,1.09,2.4,0.56,Fix bug,Tech debt,Performance,5.8,11.77,Carol,12.83
SP0566,72.32,7.08,69.53,1.28,63.28,1.6,6.2,-0.19,David,27.45,48.98,27.02,2.61,2.46,185.53,-0.32,ISS0734,Task,Medium,7.12,9.48,Fix bug,10.56,51.02,23.55,4.39,1.96,0.25,Fix bug,Tech debt,Bug,3.21,3.71,Bob,16.97
SP0652,31.18,59.19,70.46,3.07,41.91,2.31,2.64,0.34,Carol,41.14,51.84,20.67,6.72,1.93,236.14,0.53,ISS0483,Story,Medium,9.09,6.6,Update UI,12.06,33.55,31.8,-1.38,1.75,0.17,Fix bug,User request,Refactor,7.54,6.77,Bob,12.54
SP0241,34.63,43.8,84.35,4.35,43.98,1.99,2.5,0.37,David,60.64,44.32,33.87,-0.7,0.21,179.5,0.65,ISS0036,Story,Low,14.77,5.31,Refactor code,16.07,39.09,40.53,2.48,2.09,1.09,Fix bug,Tech debt,Feature,20.23,7.48,David,11.77
SP0612,47.7,45.55,82.84,6.01,45.48,3.78,6.14,0.09,Carol,21.82,50.87,32.79,5.97,1.78,70.51,1.01,ISS0576,Story,Medium,8.58,10.71,Add feature,10.51,44.75,32.02,2.07,0.2,0.43,Improve performance,Tech debt,Feature,11.94,10.0,Alice,17.0
SP0581,58.92,34.34,67.6,4.68,70.03,2.05,2.27,0.72,David,26.67,26.61,30.39,8.11,5.2,79.92,0.77,ISS0966,Bug,Low,13.78,4.29,Add feature,13.14,30.24,31.22,1.65,3.18,1.1,Improve performance,Critical bug,Bug,9.38,3.12,David,16.43
SP0793,51.0,59.42,60.71,2.08,56.19,3.3,1.06,0.1,Bob,33.49,49.19,30.86,5.32,3.52,272.43,0.31,ISS0976,Task,High,2.76,10.02,Update UI,14.61,47.06,25.17,0.39,3.04,0.67,Develop feature,User request,Refactor,3.91,8.77,Alice,9.75
SP0128,52.05,45.16,54.81,1.84,69.56,3.33,-3.62,-0.31,Alice,39.99,27.81,42.61,5.77,0.11,100.6,0.63,ISS0845,Story,Medium,8.0,10.78,Update UI,20.62,39.55,42.3,4.05,-0.19,0.25,Develop feature,Tech debt,Feature,12.84,4.31,Carol,0.61
SP0164,66.62,24.58,47.55,4.42,49.58,1.86,3.73,-0.02,Alice,29.9,59.87,21.76,6.93,2.58,212.56,0.32,ISS0739,Story,Low,14.77,3.41,Fix bug,19.01,20.61,32.58,-1.28,1.79,0.29,Improve performance,Critical bug,Refactor,10.21,3.91,Alice,17.85
SP0238,84.37,15.81,24.52,2.02,87.29,1.72,1.93,0.55,Alice,54.65,56.16,29.28,1.71,5.0,177.6,1.19,ISS0697,Story,Medium,20.91,3.0,Fix bug,19.72,29.01,29.49,3.17,2.25,0.06,Code cleanup,User request,Refactor,13.8,10.75,Carol,19.8
SP0464,38.37,10.08,63.57,7.66,82.75,0.99,12.02,0.76,Carol,59.56,57.34,32.04,3.88,2.86,111.83,0.82,ISS0349,Task,Medium,16.58,7.72,Refactor code,17.46,23.78,18.4,1.61,4.65,0.19,Code cleanup,Critical bug,Feature,9.39,9.06,Bob,12.08
SP0928,28.21,18.13,72.13,7.79,84.53,0.83,5.9,0.66,David,48.76,53.69,39.23,4.14,0.94,96.9,0.24,ISS0676,Story,Medium,13.9,7.35,Add feature,19.62,20.21,13.4,3.93,3.69,0.29,Develop feature,Critical bug,Refactor,9.66,5.72,Bob,15.59
SP0542,60.21,38.16,62.01,6.55,42.87,2.59,5.03,0.05,Carol,56.81,42.39,51.97,3.28,-0.59,194.27,0.21,ISS0140,Task,High,10.26,4.7,Add feature,13.31,10.97,22.04,-0.13,1.9,0.16,Fix bug,New module,Refactor,20.56,1.59,Alice,29.16
SP0703,62.34,37.42,71.59,5.28,39.89,3.86,-9.25,0.25,Bob,47.96,46.92,40.48,11.07,3.78,296.89,0.7,ISS0655,Story,High,11.5,1.4,Add feature,15.22,44.15,40.18,1.49,1.42,0.09,Develop feature,User request,Refactor,-1.23,9.07,Alice,8.91
SP0332,69.66,43.15,89.85,2.48,52.78,1.55,-14.6,-0.32,David,32.36,46.88,48.91,3.52,2.64,57.94,0.63,ISS0514,Story,Low,10.57,5.94,Add feature,17.0,32.21,34.29,4.48,3.63,0.18,Improve performance,New module,Bug,10.58,0.48,David,17.57
SP0057,31.31,6.97,47.95,6.7,39.41,0.95,2.27,-0.01,David,29.82,45.21,36.97,8.23,1.29,130.81,-0.08,ISS0048,Story,High,9.21,2.79,Refactor code,15.49,41.36,35.0,1.77,1.21,0.12,Develop feature,Tech debt,Performance,9.41,11.27,Carol,17.26
SP0341,65.19,33.88,99.68,4.95,36.6,0.76,5.99,-0.0,Carol,31.45,30.0,27.45,5.77,2.25,189.89,1.55,ISS0972,Task,Low,4.24,8.74,Fix bug,14.18,26.73,20.1,2.82,1.14,1.52,Develop feature,Critical bug,Refactor,14.61,7.98,Bob,17.02
SP0675,30.91,-7.9,79.68,3.93,44.4,2.43,2.21,-0.76,Carol,18.91,70.17,40.43,6.03,3.58,124.99,1.15,ISS0049,Task,Medium,2.93,7.55,Update UI,20.69,41.64,39.8,0.97,2.28,-0.33,Fix bug,New module,Performance,11.21,10.82,Bob,13.93
SP0657,43.68,51.7,85.51,9.16,35.19,2.48,0.96,0.42,Carol,40.4,40.06,35.93,7.33,3.31,238.2,0.16,ISS0480,Story,High,14.64,6.65,Refactor code,16.02,48.17,25.83,0.16,3.01,0.29,Improve performance,User request,Bug,14.37,5.48,Bob,12.17
SP0948,50.78,27.93,67.99,5.61,39.39,1.88,0.96,-0.08,Bob,42.08,31.38,44.81,1.05,0.46,123.57,0.37,ISS0724,Bug,High,10.72,6.48,Add feature,25.15,49.49,40.71,4.43,2.45,0.01,Improve performance,New module,Bug,7.03,4.2,Bob,17.04
SP0363,14.26,36.49,82.47,2.87,33.83,2.6,10.98,0.1,Bob,35.16,41.95,42.73,2.38,1.3,72.48,0.89,ISS0017,Story,Low,16.99,3.52,Fix bug,21.92,37.17,25.94,2.07,1.9,0.04,Fix bug,User request,Performance,11.0,5.7,Alice,1.89
SP0847,54.76,34.67,89.95,3.63,19.53,2.88,11.34,-0.27,Bob,32.32,27.38,36.84,3.73,2.72,172.01,0.44,ISS0562,Bug,Medium,16.2,2.84,Add feature,15.14,57.57,37.29,1.77,1.16,-0.49,Fix bug,New module,Feature,8.03,5.5,David,19.44
SP0797,66.0,50.12,68.79,3.72,35.06,3.01,-5.05,0.26,David,47.6,38.37,48.82,5.45,-0.39,91.43,1.0,ISS0061,Task,Low,16.79,4.57,Add feature,9.56,36.11,26.34,6.61,2.59,0.05,Improve performance,User request,Bug,4.66,5.72,Alice,10.48
SP0934,35.76,43.26,71.62,12.09,63.76,-0.14,1.25,0.02,Bob,25.42,41.28,26.42,5.79,1.82,94.9,0.25,ISS0732,Task,High,8.1,7.64,Update UI,21.87,40.27,25.73,3.86,3.56,0.79,Improve performance,New module,Performance,17.04,-0.36,Bob,7.26
SP0013,68.23,18.46,61.02,3.2,54.02,2.14,-2.5,0.74,Carol,39.6,36.64,28.73,6.88,-1.56,130.88,1.47,ISS0970,Bug,Low,12.25,8.47,Add feature,13.86,39.27,34.84,2.67,1.67,-0.45,Code cleanup,New module,Performance,18.27,5.72,David,8.93
SP0750,30.49,22.65,84.54,5.4,27.84,1.23,3.13,0.0,Bob,52.21,26.85,36.19,4.08,-0.71,53.77,0.59,ISS0628,Story,Low,14.83,5.03,Add feature,13.76,27.53,23.5,3.29,0.73,0.83,Develop feature,Tech debt,Bug,14.71,11.0,Alice,7.8
SP0123,49.55,23.71,86.86,3.08,51.81,2.43,-6.87,-0.01,Carol,43.24,32.62,28.85,-1.32,5.53,54.18,1.0,ISS0837,Story,High,13.84,3.85,Add feature,16.87,34.7,28.78,1.18,-0.74,0.24,Code cleanup,New module,Performance,7.86,9.0,Carol,20.22
SP0039,79.51,41.61,57.28,7.73,29.62,3.54,6.09,-0.21,Carol,49.3,6.13,27.27,5.56,2.87,113.77,0.85,ISS0725,Story,Low,9.68,5.26,Fix bug,12.0,37.54,20.54,1.41,0.09,-0.2,Fix bug,Critical bug,Performance,16.39,7.04,Carol,22.55
SP0330,61.92,41.92,78.64,1.19,70.15,3.55,-4.87,-0.03,Carol,50.31,41.87,43.24,4.33,2.18,223.32,0.78,ISS0761,Task,Low,17.91,2.29,Refactor code,13.39,51.46,23.98,4.07,4.41,0.28,Develop feature,Critical bug,Refactor,15.25,6.48,Bob,4.38
SP0025,54.66,40.45,94.43,5.96,79.45,1.37,3.61,0.58,David,31.64,50.57,39.39,5.62,1.0,87.81,-0.32,ISS0406,Task,Medium,11.93,13.54,Refactor code,10.55,43.46,32.29,2.11,1.21,0.84,Fix bug,Critical bug,Bug,3.41,3.54,Carol,11.74
SP0759,63.49,21.19,84.66,2.79,13.01,1.65,7.69,0.37,Alice,46.74,19.58,41.17,6.55,-0.33,125.92,0.28,ISS0585,Task,Medium,13.9,7.93,Fix bug,13.67,55.84,29.73,1.77,1.13,0.87,Improve performance,New module,Performance,5.28,7.49,Carol,5.48
SP0396,63.01,44.04,60.88,8.28,57.43,3.35,-0.36,-0.12,David,32.46,40.36,34.07,8.23,-0.77,194.79,0.9,ISS0614,Story,Low,9.71,8.86,Fix bug,20.46,15.91,15.53,0.91,0.76,0.91,Code cleanup,Tech debt,Bug,14.22,4.06,Bob,15.68
SP0514,56.63,38.1,73.73,1.06,63.02,1.22,-0.36,-0.29,David,51.43,63.11,35.09,4.18,2.5,27.15,0.1,ISS0993,Bug,High,12.04,1.97,Fix bug,10.79,33.48,21.51,1.37,2.05,0.36,Fix bug,Tech debt,Refactor,8.37,6.36,Bob,22.98
SP0514,58.52,18.65,49.19,6.28,44.49,2.15,4.48,0.42,Carol,59.22,29.96,37.45,7.08,3.48,95.7,-0.23,ISS0775,Task,Low,12.98,2.96,Fix bug,4.43,46.67,32.39,2.08,3.11,0.89,Develop feature,New module,Performance,12.67,10.1,David,8.45
SP0671,29.79,25.55,66.51,3.82,45.6,0.77,-0.46,-0.18,Bob,46.9,33.12,27.8,1.71,-1.02,257.86,1.99,ISS0142,Task,Medium,8.29,3.69,Update UI,22.34,58.98,28.68,3.89,2.99,0.29,Improve performance,User request,Bug,3.03,0.71,David,19.26
SP0460,49.88,41.72,67.95,10.14,37.55,3.88,-0.63,0.32,Carol,64.5,24.78,22.44,1.56,1.46,148.99,1.3,ISS0196,Story,Low,10.48,3.72,Refactor code,7.16,35.93,20.42,2.03,0.27,0.12,Improve performance,Tech debt,Bug,9.49,1.15,Carol,6.95
SP0278,52.51,-5.12,87.13,5.11,73.22,2.79,4.78,0.23,Alice,40.49,50.32,38.51,3.89,1.79,82.55,-0.54,ISS0806,Task,High,17.16,4.66,Add feature,10.12,44.19,28.57,0.92,3.42,0.19,Fix bug,User request,Performance,3.29,0.67,Bob,-1.01
SP0924,30.34,35.72,87.5,10.13,36.74,2.21,3.5,0.23,David,38.92,66.12,24.44,4.64,2.05,246.15,-0.35,ISS0616,Task,High,11.73,4.31,Update UI,13.59,51.17,33.64,-0.06,1.65,-0.15,Develop feature,New module,Bug,10.01,4.92,Alice,10.77
SP0645,78.23,19.75,72.65,6.44,65.78,1.81,0.55,1.0,Bob,43.44,54.97,47.82,6.4,-1.52,80.1,0.78,ISS0064,Task,High,7.97,10.05,Add feature,1.88,28.11,33.37,3.51,1.74,-0.19,Improve performance,Tech debt,Bug,12.34,6.88,Carol,17.65
SP0597,30.22,25.33,99.2,4.94,30.17,3.6,5.56,0.47,David,54.96,41.68,51.91,3.87,4.75,33.32,0.61,ISS0006,Story,Low,14.28,2.97,Refactor code,15.32,31.8,31.85,0.81,2.46,0.48,Code cleanup,Tech debt,Performance,11.56,1.31,David,9.86
SP0377,56.41,35.65,84.96,-0.19,41.24,-0.32,1.66,-0.08,Alice,28.64,17.69,39.2,5.05,3.71,134.35,0.67,ISS0487,Task,High,11.2,10.2,Update UI,12.04,33.71,25.74,1.54,1.76,0.47,Improve performance,User request,Refactor,3.65,5.78,David,2.47
SP0634,87.34,23.57,98.54,2.29,41.3,3.52,4.07,-0.48,David,21.75,68.44,26.15,10.52,2.49,151.47,-0.43,ISS0304,Task,High,8.76,2.3,Add feature,11.33,42.6,19.75,2.11,2.35,0.05,Fix bug,Critical bug,Refactor,8.74,8.86,Carol,15.21
SP0692,38.72,34.15,55.9,4.63,51.04,0.5,9.56,1.0,Alice,39.0,52.08,28.1,3.23,1.29,170.7,0.6,ISS0792,Bug,Low,13.01,7.34,Add feature,25.46,45.76,23.76,2.82,2.39,-0.15,Develop feature,Critical bug,Refactor,13.99,11.33,Carol,22.29
SP0036,32.51,26.66,91.65,-0.41,41.26,2.51,7.84,0.25,David,21.12,56.77,29.36,7.01,2.53,165.93,-0.02,ISS0462,Task,Low,6.19,-0.16,Add feature,19.37,36.79,24.98,3.19,0.05,-1.02,Develop feature,New module,Refactor,6.58,3.07,David,15.11
SP0396,31.01,44.03,58.48,2.66,29.08,1.91,3.85,0.09,Bob,47.79,46.19,44.07,4.77,-0.06,193.14,-0.2,ISS0051,Task,Medium,12.61,4.59,Update UI,18.4,38.97,26.55,5.16,2.15,0.15,Improve performance,Critical bug,Bug,0.05,10.92,David,9.88
SP0008,80.23,37.05,68.56,10.24,50.15,2.51,10.0,0.27,Alice,40.09,36.13,11.44,4.72,2.84,148.8,1.72,ISS0695,Story,Low,10.16,0.23,Update UI,11.4,44.75,32.27,-0.46,-0.34,0.77,Fix bug,Critical bug,Feature,18.83,10.32,Carol,-0.31
SP0586,75.07,41.48,84.87,7.26,79.12,4.09,-3.87,0.87,David,50.38,51.02,40.34,4.63,2.24,127.61,1.02,ISS0334,Bug,Low,14.23,8.9,Add feature,11.49,48.38,26.52,3.02,0.09,0.11,Develop feature,User request,Refactor,6.47,2.98,Bob,8.17
SP0195,46.95,46.13,64.97,9.95,30.67,2.6,-2.07,0.5,David,48.71,45.81,36.9,4.46,3.27,109.45,0.13,ISS0164,Story,Medium,6.0,7.14,Refactor code,15.34,43.13,28.74,2.95,3.04,0.57,Code cleanup,New module,Feature,9.41,7.81,Bob,13.14
SP0296,26.69,28.88,57.4,5.43,62.71,0.78,0.49,0.01,Bob,35.9,39.18,29.3,5.88,0.9,214.07,0.24,ISS0227,Task,High,11.87,2.12,Add feature,18.51,50.77,31.55,0.98,0.16,0.18,Fix bug,Critical bug,Feature,10.65,10.73,Carol,11.54
SP0289,28.31,17.39,89.71,1.39,53.14,1.75,-0.55,-0.02,Carol,54.07,69.92,39.04,5.92,1.2,174.19,0.54,ISS0624,Story,Medium,14.29,4.74,Add feature,5.43,44.55,28.62,4.35,1.05,0.23,Fix bug,New module,Refactor,2.56,2.64,Alice,10.23
SP0723,51.21,24.72,76.28,3.45,36.66,4.21,0.48,0.29,Alice,24.83,56.26,26.18,5.17,0.13,133.37,0.98,ISS0142,Task,High,4.22,3.02,Fix bug,16.96,46.4,17.67,0.09,1.2,0.29,Develop feature,Tech debt,Performance,9.31,1.51,Alice,6.32
SP0565,48.01,41.62,50.69,3.99,37.72,1.75,4.58,0.52,David,42.23,35.69,39.87,6.11,5.09,121.57,0.29,ISS0365,Story,Low,9.51,6.76,Fix bug,8.22,43.82,35.9,3.52,0.52,0.36,Improve performance,New module,Refactor,13.47,3.63,David,13.53
SP0532,37.46,36.32,48.45,7.11,52.9,1.45,-5.12,0.04,Carol,62.82,42.7,27.03,6.34,3.3,70.83,0.96,ISS0926,Story,High,14.79,10.75,Fix bug,4.62,40.45,22.62,2.06,-2.0,-0.4,Code cleanup,User request,Performance,5.82,6.91,Alice,3.15
SP0855,34.64,48.09,91.88,5.86,69.71,0.29,7.82,-0.28,Carol,40.18,57.39,20.74,6.17,1.3,90.09,-0.41,ISS0949,Task,Medium,15.64,12.55,Add feature,10.46,57.83,25.67,1.21,2.43,0.6,Develop feature,New module,Refactor,14.65,4.04,Bob,22.57
SP0296,62.85,31.06,81.5,5.77,13.04,3.42,3.66,0.24,Bob,36.79,24.95,29.86,10.96,1.77,294.01,0.16,ISS0307,Bug,Low,10.26,2.05,Add feature,25.16,55.31,34.75,2.49,0.87,0.01,Improve performance,Critical bug,Performance,14.56,11.18,Alice,2.07
SP0962,63.27,48.01,115.34,7.11,40.32,-0.08,2.04,-0.12,Carol,40.32,48.75,37.18,3.27,0.71,103.79,0.55,ISS0368,Task,Medium,1.09,6.97,Refactor code,15.31,62.33,27.45,3.31,2.26,0.51,Improve performance,Tech debt,Feature,17.51,5.97,Alice,13.78
SP0891,43.41,50.57,52.52,0.9,72.6,2.93,5.7,0.54,Alice,42.23,21.48,18.8,7.04,1.69,104.94,-0.09,ISS0242,Task,Medium,20.94,9.83,Refactor code,20.63,39.13,28.33,1.07,-0.53,0.25,Improve performance,Tech debt,Performance,18.52,5.07,Alice,16.92
SP0868,38.96,42.8,59.81,2.74,41.35,3.0,-3.04,0.63,Alice,16.35,68.34,36.06,4.13,1.46,171.52,-0.09,ISS0646,Bug,Low,5.23,3.82,Fix bug,9.66,47.76,18.62,3.07,0.71,0.63,Fix bug,Tech debt,Refactor,15.74,4.76,Alice,1.18
SP0024,69.31,50.39,73.4,8.37,41.47,2.31,4.45,-0.07,Alice,23.62,33.53,29.26,8.34,3.5,272.49,0.64,ISS0490,Task,High,8.2,-1.48,Fix bug,13.36,45.63,25.29,3.05,1.48,0.53,Fix bug,Critical bug,Performance,13.63,4.86,Bob,13.12
SP0938,30.7,32.08,77.68,7.23,36.18,-1.14,12.99,-0.11,David,40.84,51.81,21.48,3.33,1.72,144.24,-0.28,ISS0773,Story,Low,19.46,17.11,Add feature,12.13,14.06,39.65,0.78,1.27,0.23,Improve performance,New module,Bug,11.15,5.33,Alice,13.48
SP0587,31.19,47.9,86.92,4.89,44.51,3.68,-2.05,-0.35,David,29.22,48.0,31.68,6.18,1.79,184.69,1.01,ISS0719,Bug,Low,9.77,6.57,Update UI,8.78,38.36,29.75,4.06,1.66,0.16,Fix bug,User request,Bug,1.07,6.64,Carol,7.98
SP0090,19.65,57.27,72.38,2.98,42.54,-0.74,-3.27,0.37,Carol,25.16,42.33,42.71,1.83,2.86,124.81,0.93,ISS0265,Task,Low,10.29,10.25,Refactor code,23.99,33.17,25.68,3.61,4.14,0.74,Fix bug,Tech debt,Performance,3.02,6.66,David,16.21
SP0771,79.0,37.93,71.28,3.75,60.16,0.46,0.78,0.24,Carol,35.9,39.15,46.63,4.23,4.25,129.76,0.25,ISS0908,Task,Medium,20.23,9.75,Add feature,13.16,27.1,24.86,4.7,3.1,-0.63,Improve performance,User request,Bug,12.77,7.21,Carol,2.88
SP0527,48.54,38.6,87.43,10.96,4.66,3.48,5.55,0.56,David,33.93,20.08,32.98,3.37,1.39,153.82,0.75,ISS0649,Bug,High,8.23,5.64,Fix bug,13.85,32.13,30.23,2.34,0.86,0.02,Code cleanup,User request,Refactor,12.27,10.94,Bob,1.5
SP0674,46.58,14.16,78.82,2.1,30.55,2.8,-6.02,-0.01,Bob,45.23,48.67,27.39,8.11,0.84,71.54,1.1,ISS0895,Task,Medium,8.06,3.77,Fix bug,13.79,31.32,23.32,2.15,4.29,-0.07,Fix bug,Critical bug,Refactor,0.28,4.45,David,4.5
SP0637,43.94,44.96,58.03,4.08,73.01,3.97,1.96,-0.28,Bob,34.49,52.5,42.66,4.11,1.35,136.96,0.87,ISS0647,Story,Low,14.18,3.76,Add feature,6.32,57.34,33.94,1.78,1.09,-0.21,Fix bug,New module,Bug,17.74,0.56,Carol,18.47
SP0473,47.14,37.65,71.69,4.34,35.9,3.12,1.94,-0.21,Bob,26.25,60.2,27.34,4.54,0.79,166.7,0.9,ISS0198,Task,High,16.46,8.14,Refactor code,10.44,40.89,32.36,0.94,1.19,-0.81,Code cleanup,Tech debt,Feature,16.84,6.49,Alice,9.0
SP0578,90.6,21.27,68.0,-1.07,55.58,1.08,7.33,0.46,Bob,38.51,40.29,49.78,6.34,1.01,7.54,0.89,ISS0298,Story,Low,12.61,4.72,Add feature,17.48,57.87,23.95,2.4,1.22,-0.05,Improve performance,New module,Refactor,10.02,1.11,Bob,16.58
SP0077,59.7,34.05,68.3,6.15,38.3,0.76,-1.32,0.4,David,34.62,38.36,41.02,3.19,1.32,186.46,0.63,ISS0230,Bug,High,6.26,4.45,Fix bug,15.49,47.44,35.42,1.18,1.73,0.89,Fix bug,Critical bug,Refactor,15.67,5.83,Carol,23.52
SP0975,56.62,64.18,76.61,4.85,48.0,1.05,6.95,-0.36,Alice,28.38,62.67,16.58,3.21,0.38,150.06,-0.13,ISS0233,Bug,Low,9.31,5.32,Update UI,16.87,43.25,38.82,2.01,1.05,0.19,Improve performance,User request,Feature,7.88,8.6,David,16.05
SP0531,47.5,33.67,74.45,8.73,46.35,0.81,6.9,0.67,Bob,51.6,61.1,37.58,5.89,2.91,211.45,0.29,ISS0323,Story,Low,4.92,2.61,Fix bug,17.02,53.42,20.04,1.46,1.51,0.41,Code cleanup,New module,Feature,11.71,8.03,Carol,14.21
SP0060,52.13,14.67,68.21,3.77,28.96,1.36,-0.9,0.42,Alice,60.43,29.87,45.46,6.18,0.48,227.81,-0.0,ISS0824,Story,Medium,4.37,-2.61,Refactor code,9.92,32.25,32.7,-1.63,2.14,-0.03,Fix bug,User request,Bug,7.23,7.15,David,9.98
SP0923,69.22,41.79,55.11,-0.65,7.39,-0.45,4.34,0.46,Carol,33.63,87.38,38.25,8.65,2.44,161.73,0.05,ISS0531,Bug,High,2.08,7.75,Fix bug,3.1,42.3,23.35,0.17,0.81,0.51,Fix bug,User request,Performance,7.96,0.92,Carol,16.44
SP0586,67.44,28.41,79.85,4.95,51.9,2.58,7.35,0.73,Bob,58.63,55.78,29.01,3.51,1.42,53.86,0.91,ISS0600,Story,Medium,9.19,9.96,Refactor code,18.16,55.16,28.88,0.7,1.98,0.22,Code cleanup,Tech debt,Bug,5.7,-0.26,David,13.96
SP0656,46.98,60.47,76.67,2.7,41.45,2.15,2.58,0.24,David,31.14,41.23,40.89,6.07,2.12,161.01,0.38,ISS0705,Story,Medium,3.47,5.59,Refactor code,21.74,36.65,27.85,0.57,-0.7,0.7,Code cleanup,User request,Feature,3.32,1.25,Carol,19.74
SP0007,44.02,15.86,95.38,2.84,66.89,1.73,1.63,0.16,Carol,44.46,52.11,41.58,5.35,-0.67,34.96,0.11,ISS0337,Task,Low,8.0,6.27,Fix bug,22.32,29.17,16.81,3.5,0.88,0.77,Develop feature,New module,Performance,15.98,6.17,David,10.38
SP0573,62.23,36.21,103.1,6.13,64.02,3.9,-1.23,0.71,Alice,39.64,30.42,32.5,1.11,1.1,53.19,-0.16,ISS0196,Bug,Medium,10.3,14.83,Fix bug,23.47,44.74,32.15,5.15,1.17,0.58,Fix bug,User request,Performance,10.12,9.79,Carol,12.22
SP0379,51.7,53.56,49.23,3.2,60.5,1.71,0.55,0.58,Alice,41.13,64.7,37.78,6.13,0.69,65.57,0.18,ISS0602,Bug,High,9.69,9.55,Add feature,8.34,22.33,30.16,2.74,0.96,0.47,Code cleanup,User request,Feature,5.51,13.94,Bob,21.67
SP0464,61.85,23.83,90.86,-0.54,70.07,1.66,1.43,0.28,Alice,45.3,59.26,33.46,3.18,2.61,206.41,0.28,ISS0801,Story,High,14.62,3.26,Add feature,7.35,36.53,17.41,1.34,4.06,0.08,Improve performance,User request,Bug,12.39,12.12,Bob,13.0
SP0456,90.51,62.22,90.33,2.0,57.7,2.24,9.87,0.56,Bob,50.0,37.92,30.11,4.92,-1.05,67.71,1.14,ISS0542,Story,High,9.79,6.52,Add feature,24.53,16.71,37.58,-0.9,4.0,0.59,Code cleanup,Tech debt,Refactor,8.81,3.65,David,9.91
SP0962,58.01,83.23,59.79,2.64,38.63,1.74,1.35,0.7,Alice,54.57,25.84,38.14,1.63,2.11,77.95,0.5,ISS0945,Story,Low,9.5,5.54,Refactor code,6.71,41.53,17.3,3.12,3.12,0.21,Develop feature,New module,Bug,9.66,9.8,Carol,20.17
SP0910,47.73,33.58,78.5,8.01,52.4,3.08,1.7,0.04,Alice,46.63,60.18,20.33,7.55,1.37,198.92,0.56,ISS0394,Story,Medium,5.42,9.29,Add feature,10.69,33.06,27.83,1.25,3.35,0.44,Develop feature,User request,Bug,8.74,4.09,Alice,2.9
SP0852,75.41,37.87,82.53,5.63,65.74,3.68,3.63,0.03,David,25.03,25.35,32.41,5.44,1.13,81.44,0.38,ISS0794,Bug,High,9.91,5.58,Add feature,17.27,37.86,11.23,1.17,0.78,0.44,Develop feature,New module,Feature,12.24,8.88,Bob,-1.06
SP0466,28.23,18.47,36.14,9.37,48.91,1.86,6.75,0.97,Carol,39.74,63.96,32.53,2.74,2.29,83.32,1.32,ISS0588,Story,High,5.71,8.88,Refactor code,11.86,30.4,24.51,3.17,0.64,0.3,Develop feature,User request,Bug,5.36,8.94,David,9.32
SP0601,50.41,54.85,76.23,5.06,43.54,4.25,7.69,0.06,Carol,15.49,47.65,33.94,4.2,0.79,134.36,0.95,ISS0236,Task,High,18.65,7.54,Update UI,17.3,18.73,26.09,-0.17,2.64,0.23,Fix bug,New module,Feature,6.11,9.22,Alice,9.24
SP0649,63.73,41.57,75.94,5.81,43.95,1.61,4.66,-0.99,Bob,53.41,50.75,53.05,4.02,3.49,185.05,1.48,ISS0958,Task,High,3.58,10.45,Fix bug,25.17,16.69,23.27,4.03,1.06,0.5,Code cleanup,Tech debt,Refactor,3.97,1.6,David,13.2
SP0790,72.82,65.84,84.02,0.97,65.95,2.45,7.7,0.36,Bob,30.38,40.81,28.2,8.45,0.56,227.45,0.63,ISS0005,Bug,High,7.85,5.0,Update UI,19.23,41.94,30.22,0.85,-0.38,-0.19,Improve performance,Critical bug,Feature,5.85,0.87,Bob,9.63
SP0506,50.51,20.5,39.25,3.72,51.27,4.21,8.34,-0.15,Carol,37.95,53.66,41.07,4.22,2.75,53.65,0.71,ISS0258,Bug,High,9.32,3.21,Update UI,20.17,5.02,19.78,0.15,3.1,-0.14,Develop feature,Critical bug,Bug,5.59,5.97,David,27.34
SP0034,46.73,37.03,103.77,10.23,33.6,4.69,3.61,1.02,Alice,47.02,42.66,23.47,0.04,4.24,115.15,0.39,ISS0498,Story,High,7.42,9.81,Fix bug,9.32,33.96,27.59,1.21,1.7,-0.32,Develop feature,Critical bug,Feature,13.68,4.98,Carol,8.9
SP0511,24.12,36.66,52.77,4.12,44.8,3.11,6.66,0.08,Carol,47.98,58.63,29.6,6.09,1.53,92.01,0.21,ISS0044,Bug,Low,8.96,10.55,Refactor code,11.79,21.1,32.83,3.86,2.32,1.04,Code cleanup,New module,Refactor,8.75,6.55,Alice,20.96
SP0531,68.56,17.93,52.28,7.27,56.02,1.02,6.12,0.19,Bob,29.91,47.96,34.74,1.02,0.85,181.99,0.44,ISS0167,Bug,High,8.96,11.56,Add feature,19.15,26.0,20.26,1.73,2.63,0.43,Fix bug,Tech debt,Refactor,17.01,5.38,Bob,14.02
SP0304,33.39,22.28,79.29,2.11,55.37,2.98,-4.21,0.41,Carol,45.03,51.79,34.28,6.54,2.71,171.2,0.54,ISS0856,Bug,High,5.87,6.03,Add feature,19.41,43.47,21.48,1.62,1.04,0.3,Develop feature,User request,Performance,9.47,5.73,Bob,8.85
SP0980,35.51,56.49,55.54,5.24,50.08,2.35,4.25,-0.56,Carol,41.43,30.76,27.93,5.12,4.06,168.32,-0.06,ISS0716,Story,Medium,12.27,12.78,Fix bug,28.1,33.35,19.06,3.64,-0.04,0.29,Improve performance,Critical bug,Performance,12.28,13.07,Bob,17.46
SP0409,64.17,50.01,79.72,6.48,89.65,3.47,1.54,-0.24,Alice,31.8,39.8,25.43,4.43,-0.69,155.71,0.42,ISS0960,Bug,Medium,11.55,9.24,Update UI,14.87,45.59,18.66,0.37,0.7,0.54,Code cleanup,New module,Feature,11.07,3.64,Carol,12.58
SP0731,56.91,20.5,70.29,3.46,75.91,4.38,3.63,-0.01,Bob,34.2,78.3,59.38,4.16,2.15,118.83,0.79,ISS0496,Bug,Low,11.18,7.56,Refactor code,15.94,38.46,37.79,0.56,3.85,0.27,Develop feature,User request,Performance,14.3,10.21,Bob,12.32
SP0265,49.45,46.62,54.36,3.06,51.49,0.94,5.16,0.18,Carol,45.76,41.0,27.25,4.72,1.4,176.52,0.48,ISS0372,Story,Low,16.23,8.08,Add feature,20.63,43.74,25.13,0.99,1.4,0.76,Develop feature,Critical bug,Feature,8.47,10.59,Bob,3.61
SP0956,86.98,30.54,98.32,-2.18,56.63,3.63,1.61,-0.32,Carol,57.41,57.8,21.56,9.88,0.46,86.82,0.45,ISS0558,Task,Medium,0.99,4.75,Refactor code,21.99,21.14,42.71,2.52,3.15,0.47,Fix bug,User request,Bug,1.54,12.65,Carol,19.13
SP0173,40.16,35.93,48.83,7.15,45.3,-0.37,8.0,-0.7,Bob,41.35,41.79,36.28,1.3,1.98,112.21,-0.02,ISS0057,Task,Medium,-1.45,5.81,Add feature,12.24,51.25,24.1,1.6,0.17,0.24,Code cleanup,Tech debt,Performance,15.17,5.38,David,8.47
SP0806,60.35,32.23,92.85,2.9,14.81,0.83,-1.92,0.34,David,14.64,36.31,33.16,2.97,2.41,160.48,0.31,ISS0541,Bug,High,18.82,6.49,Refactor code,15.64,33.83,29.32,3.41,3.42,-0.06,Improve performance,Critical bug,Performance,17.01,4.48,Bob,18.77
SP0959,105.08,32.94,73.44,5.39,73.44,3.48,8.9,-0.13,Carol,42.51,45.55,38.04,5.31,1.94,108.03,0.06,ISS0649,Story,Low,19.46,9.15,Add feature,11.03,39.94,29.99,2.56,-0.61,-0.76,Code cleanup,Critical bug,Bug,6.68,6.27,David,19.82
SP0149,43.85,48.38,85.83,5.99,61.31,0.65,-8.18,-0.2,Carol,37.17,39.33,35.26,5.0,1.98,165.84,0.87,ISS0593,Story,Medium,3.18,6.65,Update UI,10.87,42.82,19.49,3.66,3.22,0.94,Develop feature,Tech debt,Bug,13.09,7.22,Bob,13.7
SP0726,78.13,9.97,54.65,5.53,43.65,2.33,4.69,-0.66,Alice,44.36,42.33,46.04,2.89,2.39,136.68,-0.08,ISS0143,Bug,Medium,10.28,10.73,Fix bug,9.58,28.11,19.32,3.36,4.74,0.5,Fix bug,New module,Performance,14.59,0.53,David,11.84
SP0647,60.5,47.73,48.54,3.98,77.84,1.33,7.23,0.04,Alice,36.32,45.88,24.3,3.43,3.03,51.95,0.22,ISS0570,Task,Medium,7.34,6.65,Update UI,19.68,17.18,38.72,1.93,2.52,0.57,Improve performance,New module,Performance,17.8,8.01,Alice,11.36
SP0978,8.88,17.71,74.08,7.25,61.19,2.67,-0.7,0.44,Alice,50.0,14.96,35.88,2.83,3.28,118.13,1.42,ISS0220,Bug,Medium,7.77,10.52,Fix bug,16.19,32.21,17.85,4.77,2.55,-0.17,Improve performance,New module,Feature,8.45,0.73,David,22.23
SP0235,33.73,18.13,77.15,3.49,21.8,3.07,9.13,-0.04,Carol,35.17,46.71,31.51,6.91,1.63,107.14,0.4,ISS0704,Task,Medium,6.94,6.13,Refactor code,26.44,54.14,19.44,0.24,1.2,0.07,Improve performance,Tech debt,Performance,14.24,1.95,Carol,19.12
SP0776,70.13,21.65,76.84,2.48,50.38,4.88,5.71,-0.3,David,32.74,50.25,41.49,4.44,2.78,186.81,0.5,ISS0486,Task,High,5.18,9.01,Update UI,16.01,30.3,35.56,3.18,2.91,0.52,Improve performance,User request,Refactor,8.56,7.67,Alice,15.36
SP0038,65.48,36.27,82.98,2.9,73.8,0.33,7.95,-0.39,Bob,62.07,36.9,39.12,8.27,3.7,117.14,-0.08,ISS0166,Bug,High,17.31,1.51,Fix bug,20.13,26.27,31.58,0.91,1.09,0.33,Develop feature,New module,Performance,10.4,8.33,Alice,14.89
SP0126,78.97,39.79,76.28,0.54,89.53,4.71,6.16,-0.2,Alice,34.59,57.09,38.25,-2.74,2.99,0.18,-0.08,ISS0496,Bug,High,8.9,10.61,Fix bug,11.16,48.8,30.63,2.16,3.1,1.19,Code cleanup,New module,Refactor,8.1,6.0,Bob,13.18
SP0060,42.41,32.36,60.7,5.63,61.53,1.65,7.02,0.44,Alice,45.05,30.18,23.2,4.49,0.22,104.11,0.84,ISS0997,Story,High,8.64,11.22,Fix bug,8.21,30.62,18.94,0.95,3.63,0.74,Code cleanup,Tech debt,Refactor,6.4,7.56,David,14.19
SP0496,57.58,32.76,68.38,5.8,60.0,-0.55,5.16,-0.44,Carol,35.53,55.09,46.1,6.37,1.69,174.95,1.16,ISS0534,Story,Medium,10.26,4.53,Fix bug,13.24,33.65,39.14,-0.84,1.72,0.43,Improve performance,New module,Bug,13.02,4.12,David,5.66
SP0286,60.68,18.35,87.12,7.5,46.37,0.37,0.27,-0.25,Alice,13.79,65.28,23.2,6.65,0.5,69.45,0.94,ISS0115,Story,High,8.94,14.9,Add feature,12.83,34.26,29.36,0.53,1.23,0.13,Code cleanup,Critical bug,Refactor,14.33,15.57,Alice,15.18
SP0819,59.31,4.36,68.61,5.03,53.7,3.67,0.04,0.63,Carol,23.24,15.88,32.35,7.17,2.86,146.67,0.86,ISS0526,Task,Low,3.38,5.83,Add feature,12.42,20.09,23.19,2.71,1.81,0.66,Develop feature,Critical bug,Bug,8.8,7.04,Bob,23.92
SP0546,76.09,32.24,62.95,2.73,57.24,3.34,-3.03,0.57,David,41.24,39.52,41.35,4.47,4.19,88.55,0.87,ISS0168,Bug,Medium,3.01,5.43,Fix bug,9.47,31.82,22.23,1.26,4.65,0.6,Develop feature,Critical bug,Refactor,13.38,12.4,David,8.81
SP0266,57.82,61.57,80.94,5.45,56.92,2.93,8.74,-0.16,Alice,5.33,39.89,30.1,5.66,1.55,176.89,0.74,ISS0269,Bug,High,8.31,7.93,Add feature,10.41,47.79,30.65,0.69,1.55,0.75,Code cleanup,User request,Feature,15.44,9.69,Bob,9.01
SP0083,22.74,46.31,79.52,2.89,27.25,1.96,7.02,0.19,Carol,53.6,61.42,27.95,8.39,3.42,293.13,0.59,ISS0481,Bug,Medium,7.21,10.77,Update UI,22.01,36.95,21.43,1.03,1.75,-0.16,Develop feature,User request,Feature,10.55,12.15,Bob,18.27
SP0402,53.76,60.93,60.07,4.32,18.73,0.67,-0.12,0.41,Bob,28.44,61.05,18.37,7.99,3.74,105.17,-0.0,ISS0531,Task,Low,14.41,3.3,Add feature,21.09,21.53,20.45,2.29,3.64,-0.4,Fix bug,New module,Bug,3.2,7.98,Alice,16.54
SP0436,50.84,47.97,58.64,3.0,60.57,2.05,0.48,0.64,Alice,40.89,52.28,34.71,2.98,0.0,103.02,0.08,ISS0682,Task,Medium,16.21,3.39,Add feature,11.5,36.12,22.13,2.24,2.59,0.69,Develop feature,Tech debt,Refactor,13.94,5.67,Carol,21.14
SP0284,45.68,38.57,45.72,6.38,36.75,3.98,-0.69,0.9,Bob,56.11,64.61,44.5,-0.08,3.5,217.22,0.08,ISS0725,Story,Medium,12.77,5.03,Add feature,6.49,21.52,33.94,1.92,1.91,0.43,Develop feature,User request,Performance,18.92,7.66,Carol,0.05
SP0646,23.27,49.94,83.81,6.1,24.75,-0.57,3.22,0.01,Alice,61.75,43.72,24.85,2.76,2.18,80.96,0.93,ISS0580,Task,Low,13.34,5.01,Add feature,10.34,50.94,22.4,4.11,1.48,-0.32,Code cleanup,New module,Performance,5.63,8.35,Alice,15.99
SP0623,54.79,44.08,71.88,3.33,39.12,1.85,4.89,0.33,Alice,57.0,40.37,33.43,7.11,3.09,116.95,0.42,ISS0590,Bug,Low,18.76,2.16,Add feature,14.87,39.54,19.29,0.34,3.59,0.68,Code cleanup,Tech debt,Bug,16.59,5.85,Carol,20.79
SP0408,42.96,20.66,91.08,7.28,60.19,3.11,4.3,0.13,Bob,41.48,48.61,21.1,6.56,3.21,156.69,-0.12,ISS0315,Bug,High,15.37,1.97,Refactor code,9.27,41.18,33.47,1.17,1.2,0.7,Fix bug,Critical bug,Bug,17.0,5.03,Carol,3.99
SP0816,41.81,75.69,52.76,3.51,26.87,3.15,7.22,0.4,David,42.14,37.21,48.76,9.48,1.32,102.64,0.53,ISS0587,Bug,Medium,19.03,12.5,Fix bug,11.81,33.53,29.62,3.07,1.21,-0.27,Improve performance,New module,Feature,9.35,9.0,Alice,8.64
SP0610,56.18,61.39,71.53,5.73,52.4,1.1,-0.98,-0.44,Carol,43.15,41.58,44.0,9.42,2.3,86.95,0.01,ISS0556,Bug,Medium,2.4,4.0,Add feature,25.65,47.77,33.51,2.8,1.62,0.23,Develop feature,New module,Performance,13.17,11.0,Carol,22.36
SP0787,52.31,8.24,52.83,2.39,60.54,1.5,7.43,0.24,Bob,42.19,53.94,27.34,9.27,-0.27,139.49,0.81,ISS0956,Bug,Low,8.65,-1.32,Add feature,18.5,51.89,22.17,-1.31,1.81,0.31,Fix bug,User request,Performance,15.49,6.45,Carol,19.01
SP0909,42.43,25.74,74.39,2.26,61.69,1.06,1.9,0.28,Bob,28.21,48.87,39.16,3.28,1.43,73.78,-0.16,ISS0727,Story,High,21.14,7.04,Fix bug,24.83,28.95,29.81,3.79,3.28,0.54,Fix bug,New module,Feature,10.72,9.54,Carol,6.16
SP0965,38.97,22.58,89.64,10.67,66.72,-0.55,7.42,0.49,David,22.73,60.52,21.26,2.76,2.94,69.45,0.64,ISS0900,Bug,Low,6.77,9.75,Fix bug,20.37,40.69,22.62,1.45,-0.73,-0.57,Improve performance,New module,Refactor,8.85,7.17,Carol,6.78
SP0972,5.11,40.66,85.34,-2.31,47.9,2.14,3.04,0.35,Alice,44.26,50.34,47.2,7.83,1.41,37.07,0.57,ISS0952,Task,High,9.51,0.38,Refactor code,17.43,46.81,24.26,2.68,1.98,0.51,Improve performance,New module,Feature,9.69,2.15,Carol,15.52
SP0704,28.85,44.87,53.47,1.89,47.31,3.56,-8.0,0.89,Alice,59.64,39.52,29.31,8.3,3.41,134.58,-0.2,ISS0398,Story,High,8.36,11.54,Refactor code,12.11,47.12,31.51,1.06,0.92,0.97,Improve performance,User request,Performance,16.58,8.13,Bob,14.54
SP0661,76.83,10.49,82.27,4.53,51.06,0.37,5.58,1.17,David,38.65,33.1,38.22,5.28,1.47,167.43,0.46,ISS0940,Task,Medium,8.45,14.5,Update UI,18.28,35.45,25.22,2.44,1.74,0.64,Code cleanup,Critical bug,Refactor,7.75,9.37,David,10.12
SP0119,58.58,36.02,63.15,7.19,46.16,0.67,1.32,-0.24,Alice,29.63,30.28,39.72,3.83,-0.14,171.08,0.01,ISS0186,Story,Medium,8.36,6.04,Refactor code,11.68,40.72,15.55,3.27,1.67,0.34,Fix bug,User request,Performance,18.18,5.56,Alice,10.39
SP0993,31.65,13.18,46.57,7.21,54.95,0.26,3.07,0.16,David,42.73,28.91,25.18,6.03,3.42,57.52,0.67,ISS0317,Task,Medium,8.51,8.65,Update UI,23.51,53.25,35.56,5.66,2.38,0.62,Develop feature,New module,Feature,13.17,14.85,David,10.53
SP0065,41.07,23.3,90.04,7.09,30.98,2.77,-2.75,0.56,Bob,23.3,59.86,15.31,8.41,2.89,161.17,0.52,ISS0645,Task,Low,8.78,5.22,Fix bug,9.49,38.37,33.37,2.27,2.73,0.99,Improve performance,Critical bug,Feature,10.02,3.73,Carol,20.1
SP0527,55.41,22.14,62.72,7.45,43.38,3.55,-3.5,0.56,Alice,58.18,24.97,37.91,8.42,3.46,161.68,0.76,ISS0290,Bug,High,12.68,8.61,Refactor code,13.65,44.55,31.12,-0.19,2.03,0.78,Code cleanup,New module,Feature,10.9,7.89,Bob,16.93
SP0249,44.94,53.01,74.46,8.49,79.81,0.22,13.03,-0.66,Carol,34.01,35.74,32.18,6.18,1.96,234.96,0.49,ISS0121,Story,Medium,13.92,7.62,Fix bug,11.88,60.76,37.39,1.49,2.93,0.61,Fix bug,Critical bug,Feature,9.07,7.21,Alice,10.68
SP0229,56.86,15.65,72.1,4.52,83.98,1.29,11.01,-0.02,David,50.97,51.12,30.0,5.19,0.17,114.34,0.39,ISS0828,Story,Low,1.33,14.71,Fix bug,7.72,44.91,38.16,1.01,2.74,0.93,Improve performance,User request,Bug,13.1,3.22,Carol,14.54
SP0108,52.1,23.2,55.08,4.96,42.84,3.07,0.35,0.13,Bob,51.55,53.25,38.43,6.82,2.93,211.64,0.47,ISS0767,Story,High,14.0,8.82,Add feature,13.45,12.72,27.38,0.34,1.24,0.2,Develop feature,New module,Feature,0.92,8.45,Bob,10.59
SP0057,47.31,11.27,94.04,5.5,17.99,3.68,6.96,0.2,David,52.13,28.54,64.31,2.94,4.26,76.45,0.3,ISS0715,Task,Medium,8.4,5.8,Add feature,7.26,30.27,28.58,1.35,1.63,0.31,Code cleanup,New module,Bug,12.0,3.37,David,13.2
SP0171,71.41,32.79,87.02,5.73,41.75,4.52,9.0,-0.18,Bob,53.04,68.64,39.92,3.94,2.73,183.68,0.64,ISS0698,Bug,Low,11.89,9.31,Refactor code,12.56,33.06,24.35,2.87,4.29,0.15,Fix bug,User request,Refactor,10.46,4.89,Alice,1.68
SP0334,20.85,44.19,77.93,4.44,31.12,1.03,4.52,0.41,David,47.09,40.55,44.04,7.84,2.16,188.71,0.86,ISS0666,Task,Low,1.14,7.7,Update UI,6.62,33.83,27.85,2.44,0.08,0.78,Fix bug,New module,Feature,8.57,13.98,Bob,8.55
SP0801,48.2,46.89,63.36,5.03,19.48,2.14,3.19,0.39,Alice,52.19,21.13,29.68,10.38,0.01,115.89,-0.45,ISS0941,Story,Low,13.04,3.09,Refactor code,4.62,38.95,24.6,1.31,0.01,0.32,Improve performance,User request,Feature,18.18,10.17,Carol,19.37
SP0734,46.78,32.06,65.51,0.69,82.07,1.37,4.57,0.85,Alice,37.34,43.34,29.5,2.52,2.42,140.7,0.49,ISS0231,Story,High,13.74,9.83,Add feature,17.24,40.56,17.11,0.61,2.87,0.76,Fix bug,New module,Feature,12.54,8.45,Carol,16.49
SP0273,49.89,44.28,50.82,5.07,60.66,2.04,4.51,0.44,Carol,29.89,55.43,25.07,8.57,2.3,99.96,-0.33,ISS0301,Story,High,11.25,8.47,Refactor code,15.44,50.22,26.18,2.11,1.25,0.4,Fix bug,Critical bug,Refactor,8.12,2.57,Alice,11.45
SP0946,73.2,21.55,40.89,2.59,33.97,3.23,4.48,0.12,Alice,56.52,32.7,45.62,2.02,3.19,121.29,1.05,ISS0989,Task,Low,10.77,8.46,Add feature,8.12,49.68,15.32,1.53,1.56,0.58,Improve performance,New module,Feature,15.34,4.28,Bob,12.95
SP0635,26.65,37.11,65.53,7.08,11.43,3.15,4.59,0.52,Carol,32.32,34.03,29.92,5.55,3.56,154.42,0.35,ISS0529,Task,High,7.39,-0.21,Add feature,11.3,43.57,25.53,3.98,2.35,0.02,Improve performance,Tech debt,Performance,11.9,6.09,David,9.53
SP0583,26.96,25.98,86.36,8.14,20.08,1.73,6.03,0.47,David,37.22,21.32,36.7,5.29,1.59,153.54,-0.01,ISS0348,Bug,Low,4.73,6.45,Fix bug,9.82,26.51,37.82,1.57,1.78,0.71,Code cleanup,New module,Feature,6.53,8.04,Carol,14.05
SP0971,40.71,28.57,46.28,2.97,70.89,2.57,4.61,-0.05,David,24.09,43.59,19.58,4.42,3.73,118.73,0.11,ISS0312,Bug,High,9.89,5.74,Add feature,23.02,36.9,26.12,3.36,2.02,0.39,Develop feature,Tech debt,Bug,15.28,7.63,Carol,16.78
SP0198,77.02,43.27,37.16,8.23,48.86,4.19,6.67,-0.21,Bob,40.48,60.21,26.92,4.55,2.02,85.15,-0.42,ISS0973,Task,High,1.6,7.25,Add feature,11.95,16.62,8.9,3.41,2.6,0.18,Improve performance,New module,Feature,17.89,9.56,David,7.51
SP0510,57.75,18.04,69.22,4.4,35.15,-0.27,6.99,0.72,David,31.32,36.54,39.97,3.95,1.41,84.38,1.37,ISS0095,Story,Medium,14.43,5.69,Refactor code,22.24,33.12,18.61,-0.03,2.05,-0.54,Fix bug,User request,Performance,8.16,5.88,Carol,17.56
SP0416,54.47,25.76,61.48,2.19,42.53,1.95,-1.31,-0.08,Carol,52.25,25.14,40.05,6.04,3.05,137.5,0.12,ISS0860,Task,Medium,13.37,8.86,Add feature,12.78,33.28,6.26,2.2,3.3,-0.36,Fix bug,New module,Refactor,18.71,5.63,Bob,20.97
SP0853,62.73,22.4,73.64,11.26,32.16,2.93,1.2,0.37,David,53.29,27.58,49.24,6.1,0.91,73.4,0.77,ISS0622,Story,Low,0.48,10.1,Add feature,12.02,30.81,29.58,2.63,3.4,0.04,Improve performance,User request,Refactor,3.61,1.19,Carol,11.49
SP0051,34.95,33.0,80.97,0.85,55.6,0.57,-2.56,-0.14,David,26.94,30.71,31.36,8.86,2.28,48.06,0.18,ISS0411,Task,Low,11.8,6.25,Fix bug,9.61,58.76,33.03,0.76,1.0,0.27,Fix bug,User request,Refactor,2.76,5.65,Alice,7.06
SP0573,47.22,-4.22,79.92,10.04,53.69,3.09,3.21,0.61,Bob,39.75,60.43,33.41,3.71,2.35,129.94,1.83,ISS0061,Story,Medium,9.49,4.28,Refactor code,26.92,45.11,25.7,2.91,2.8,-0.14,Develop feature,Tech debt,Bug,12.18,10.09,David,15.69
SP0200,53.83,35.51,89.24,3.67,89.03,0.97,-4.91,0.55,Carol,32.45,25.27,41.31,6.36,1.87,66.74,-0.18,ISS0760,Story,High,5.82,4.0,Fix bug,9.53,30.04,30.12,0.99,0.63,0.64,Fix bug,New module,Performance,11.04,7.88,Carol,15.93
SP0065,73.97,47.71,31.01,4.09,55.79,0.64,-0.23,-0.31,Alice,44.79,57.15,39.75,7.19,1.06,162.64,1.0,ISS0778,Bug,High,8.44,0.52,Fix bug,4.78,46.25,31.26,0.45,-0.5,-0.4,Code cleanup,Critical bug,Performance,6.15,3.7,David,24.56
SP0295,44.35,20.5,52.68,2.92,98.97,4.15,-2.34,0.18,David,46.94,40.11,27.23,4.52,1.89,210.24,0.24,ISS0532,Bug,Medium,11.47,11.0,Add feature,15.38,51.47,20.21,2.08,-0.22,-0.23,Fix bug,New module,Refactor,15.28,7.59,Carol,22.77
SP0951,71.91,46.68,89.2,4.11,46.71,2.28,-2.44,0.95,Carol,22.73,29.34,20.32,6.74,1.95,111.73,-0.33,ISS0725,Bug,High,-2.37,4.5,Update UI,12.85,33.03,28.01,1.68,3.8,0.21,Code cleanup,Critical bug,Refactor,7.71,4.76,David,0.15
SP0708,36.97,-4.02,71.66,4.25,75.73,1.68,0.27,-0.11,Carol,37.71,48.61,21.25,6.35,-0.51,194.44,-0.31,ISS0464,Story,Low,10.78,15.73,Update UI,24.78,40.95,47.24,2.29,2.35,0.19,Develop feature,Critical bug,Refactor,12.75,1.11,Bob,9.28
SP0811,37.33,40.67,72.56,8.88,21.02,3.03,-1.91,0.1,Carol,36.05,16.11,34.84,6.74,1.32,39.06,-0.66,ISS0429,Bug,Low,8.32,7.17,Add feature,7.55,38.54,29.14,2.19,2.81,0.09,Code cleanup,Tech debt,Performance,16.38,0.51,Alice,19.53
SP0459,14.96,54.94,80.89,7.54,61.72,2.83,4.48,0.31,David,33.63,85.58,44.43,8.03,3.16,46.34,-0.28,ISS0299,Task,High,12.12,3.89,Refactor code,9.52,17.26,24.68,0.48,4.53,-0.39,Improve performance,Critical bug,Refactor,3.87,0.2,Alice,13.08
SP0078,52.12,25.2,27.83,8.0,39.22,2.24,4.77,1.18,Carol,12.41,37.49,42.4,3.53,1.59,118.1,-0.01,ISS0372,Story,High,13.58,6.23,Update UI,21.75,51.81,34.1,0.55,-0.11,-0.4,Improve performance,New module,Bug,9.43,7.18,Carol,20.08
SP0064,22.31,45.38,69.76,3.36,56.2,3.29,-2.08,-0.12,David,49.35,41.39,23.19,2.23,0.73,179.9,1.31,ISS0296,Task,Low,1.95,10.62,Fix bug,17.51,51.61,39.65,3.09,2.01,-0.17,Fix bug,User request,Feature,11.8,5.66,David,20.26
SP0429,41.87,37.43,80.47,5.29,52.9,0.16,0.06,0.16,Carol,13.12,74.55,29.54,7.2,0.0,152.74,1.51,ISS0786,Story,Low,21.83,7.17,Fix bug,14.22,22.85,27.69,2.52,4.34,0.8,Fix bug,Critical bug,Refactor,11.89,8.25,Carol,12.47
SP0214,18.38,35.06,99.34,4.35,54.2,2.2,8.32,0.57,Alice,40.69,30.31,38.52,6.8,2.68,237.59,1.22,ISS0792,Bug,High,9.39,6.66,Add feature,11.15,29.41,26.15,0.31,1.03,0.59,Improve performance,Critical bug,Refactor,9.09,5.9,Carol,13.92
SP0853,34.19,64.32,68.07,4.8,59.44,1.45,4.2,0.18,Alice,40.11,69.33,55.25,4.7,-0.5,81.46,0.47,ISS0778,Bug,Low,7.69,7.65,Refactor code,13.38,28.39,31.94,2.44,2.5,1.09,Improve performance,User request,Feature,8.2,9.71,Alice,13.44
SP0568,49.7,30.96,66.08,3.92,24.89,2.5,-7.78,0.4,Bob,55.26,27.3,29.54,9.13,2.79,120.88,-0.69,ISS0026,Task,Low,5.59,5.6,Refactor code,12.53,32.46,37.14,3.14,0.74,0.31,Improve performance,User request,Refactor,-0.21,1.49,Bob,11.85
SP0098,52.54,29.35,74.07,1.99,54.89,4.13,3.51,0.07,Bob,47.91,47.28,30.86,0.87,-0.59,90.71,1.29,ISS0110,Story,Medium,12.29,11.69,Refactor code,9.48,27.06,28.58,3.1,1.11,-0.29,Improve performance,User request,Performance,14.28,7.65,David,4.46
SP0105,44.76,40.7,51.3,8.21,67.02,1.78,3.43,0.68,Bob,11.9,23.32,28.81,7.94,2.11,96.23,-0.17,ISS0846,Task,Medium,6.74,7.91,Refactor code,-0.43,37.45,29.78,2.16,1.01,0.06,Code cleanup,User request,Bug,12.31,5.42,Alice,12.64
SP0463,23.77,24.87,83.53,6.62,47.3,-0.62,2.57,0.55,Carol,34.46,37.52,34.23,7.02,-0.87,198.75,0.92,ISS0162,Bug,High,3.36,7.75,Add feature,20.7,40.7,24.61,2.99,1.85,0.79,Code cleanup,New module,Bug,4.85,8.19,Carol,2.34
SP0017,55.67,7.59,35.43,2.47,67.06,0.95,7.15,0.36,Alice,58.6,25.89,31.34,1.33,1.64,84.9,1.18,ISS0055,Task,High,10.84,6.57,Refactor code,5.08,21.73,29.35,2.21,2.34,1.11,Develop feature,New module,Refactor,6.65,9.18,Carol,6.85
SP0177,59.95,4.26,62.65,10.45,75.37,3.75,-0.37,0.31,David,35.58,45.17,32.34,7.18,2.52,128.77,0.6,ISS0246,Task,Low,11.98,6.29,Fix bug,3.61,45.71,33.52,0.92,2.83,0.38,Improve performance,Tech debt,Refactor,12.19,3.28,Carol,11.13
SP0611,56.69,33.91,81.75,-1.09,67.72,3.57,4.96,1.24,David,54.67,50.48,33.81,8.57,-0.36,35.61,-0.24,ISS0557,Story,High,12.49,-0.04,Refactor code,14.63,36.25,32.6,2.59,4.26,0.15,Fix bug,Critical bug,Feature,12.75,5.41,Carol,5.64
SP0312,59.0,36.84,74.85,6.59,41.45,1.28,11.94,-0.03,Bob,32.16,14.78,41.24,2.84,4.08,239.79,-0.03,ISS0410,Bug,High,11.28,5.94,Add feature,15.16,34.08,9.38,3.73,3.05,0.44,Develop feature,User request,Bug,13.66,11.29,David,4.95
SP0596,25.47,27.59,114.9,3.75,62.17,2.98,2.85,0.9,David,33.01,54.55,23.61,8.56,-0.68,69.47,-0.31,ISS0511,Task,High,11.44,10.59,Fix bug,13.72,38.37,23.8,0.96,0.1,0.58,Improve performance,Critical bug,Bug,-1.48,9.56,Bob,16.93
SP0305,20.12,28.32,56.55,3.5,105.51,2.81,1.32,1.39,Bob,42.68,38.4,52.59,3.78,1.09,203.94,-0.06,ISS0672,Bug,High,-1.14,2.52,Update UI,17.73,36.27,16.21,1.4,1.29,-0.81,Improve performance,Tech debt,Performance,9.16,5.4,Carol,11.23
SP0968,45.84,0.74,51.65,2.63,31.64,1.0,-2.47,0.46,David,20.22,47.14,26.47,2.62,1.62,142.98,1.42,ISS0905,Bug,Medium,4.02,7.06,Add feature,8.69,24.67,25.75,2.17,2.59,-0.01,Develop feature,New module,Refactor,13.64,4.9,Bob,18.9
SP0102,57.25,14.22,66.33,3.47,44.57,2.39,9.51,0.22,Bob,44.16,62.17,32.75,4.61,1.94,166.91,-0.17,ISS0352,Story,Low,16.32,8.38,Fix bug,12.86,35.46,30.39,5.29,0.27,-0.44,Improve performance,New module,Refactor,18.27,3.31,Bob,19.94
SP0128,0.41,45.14,89.93,3.31,51.01,1.98,2.72,0.89,Alice,30.36,57.43,19.86,6.82,3.34,119.5,1.03,ISS0825,Task,Low,27.66,6.59,Add feature,13.09,41.12,23.5,-0.94,2.02,0.11,Code cleanup,User request,Feature,-0.99,-0.59,Bob,10.45
SP0080,85.76,53.11,88.82,5.26,55.26,0.64,3.54,0.34,Alice,36.44,18.65,23.77,7.33,2.84,190.14,1.21,ISS0146,Story,High,2.18,3.68,Fix bug,15.22,39.81,22.36,0.4,2.34,0.31,Develop feature,Critical bug,Feature,10.04,9.33,Bob,16.22
SP0727,77.62,18.71,72.66,-0.08,24.78,6.24,-4.42,0.66,Carol,33.15,57.13,38.17,5.17,0.27,185.33,0.12,ISS0964,Bug,Medium,17.46,7.03,Fix bug,18.62,19.18,43.24,-0.06,1.31,0.66,Develop feature,Tech debt,Refactor,4.57,3.84,Alice,19.57
SP0124,14.02,53.27,83.0,6.25,49.95,3.98,6.49,0.34,Carol,39.16,46.48,45.63,7.65,0.44,212.42,0.82,ISS0059,Task,High,8.0,4.02,Update UI,15.65,34.77,22.43,1.88,3.72,0.2,Fix bug,User request,Refactor,7.89,3.72,Carol,12.66
SP0974,51.85,17.58,72.46,5.69,69.53,-0.8,0.86,0.31,Carol,14.87,25.72,37.57,6.94,2.52,155.19,-0.2,ISS0647,Task,High,15.37,9.51,Fix bug,17.55,38.75,17.54,0.55,1.7,1.02,Code cleanup,Tech debt,Bug,12.5,6.41,Alice,7.22
SP0003,67.78,20.26,48.36,-2.73,31.85,-0.05,-5.44,-0.15,Alice,25.94,59.6,35.02,5.3,1.26,95.64,0.1,ISS0042,Task,High,14.61,5.42,Update UI,19.7,33.59,24.12,5.77,0.68,0.15,Code cleanup,User request,Performance,18.02,5.63,David,24.15
SP0735,45.69,14.0,56.51,5.58,46.38,3.44,-0.0,0.39,Alice,39.8,42.85,37.94,4.15,0.36,151.13,1.12,ISS0365,Task,Low,11.47,7.62,Update UI,6.81,55.56,29.39,1.83,2.44,0.65,Develop feature,Tech debt,Refactor,14.43,5.32,David,12.0
SP0561,72.02,5.66,52.91,3.53,39.4,1.57,0.39,0.22,Carol,48.02,26.0,22.5,3.58,1.29,111.27,0.64,ISS0078,Task,Medium,4.52,7.51,Refactor code,10.24,42.24,28.27,0.57,1.87,-0.27,Develop feature,New module,Refactor,7.0,4.47,Carol,10.27
SP0079,67.68,43.11,68.96,5.42,54.35,4.18,0.72,-0.57,Alice,56.85,43.33,21.11,2.36,4.65,52.52,0.5,ISS0896,Story,High,12.56,4.87,Update UI,14.33,22.03,30.21,1.74,2.67,1.02,Develop feature,Tech debt,Performance,1.67,4.39,Carol,17.63
SP0933,11.84,72.44,50.49,9.34,75.6,0.84,1.94,0.04,Alice,47.85,37.62,20.45,0.96,1.14,200.51,1.25,ISS0875,Story,High,5.99,8.58,Fix bug,8.84,29.75,24.12,1.47,1.61,1.46,Improve performance,New module,Performance,13.95,9.89,Alice,15.45
SP0985,39.71,41.31,21.42,2.99,32.36,1.92,13.94,0.46,Alice,40.2,50.19,23.22,4.66,3.02,72.41,0.46,ISS0603,Story,Medium,12.03,6.46,Add feature,16.09,42.7,37.21,1.74,3.47,0.3,Improve performance,User request,Refactor,14.96,0.28,David,15.74
SP0137,54.25,72.0,72.16,4.16,75.97,2.65,-2.75,0.27,Carol,32.07,71.46,25.27,8.39,3.44,158.6,0.69,ISS0847,Bug,Medium,7.97,4.77,Update UI,18.42,31.23,38.5,1.12,1.8,-0.23,Develop feature,New module,Bug,13.07,5.92,Carol,10.96
SP0564,39.23,38.85,98.31,3.38,40.78,2.01,4.79,0.05,Alice,50.82,20.83,28.54,0.76,1.18,216.31,0.78,ISS0701,Story,High,20.71,4.09,Update UI,18.89,27.25,9.58,2.75,2.15,0.03,Code cleanup,New module,Performance,6.44,7.93,Bob,19.12
SP0484,28.83,26.69,96.94,-2.37,24.52,4.71,2.72,0.14,Alice,35.09,22.19,23.45,2.32,2.83,82.06,0.5,ISS0945,Task,Medium,4.32,7.3,Refactor code,18.26,27.55,35.62,1.34,0.84,0.31,Code cleanup,New module,Refactor,9.43,6.16,Bob,19.42
SP0744,90.29,23.47,57.63,2.37,49.86,1.67,2.89,-0.03,David,57.79,33.55,40.44,9.8,1.78,196.22,-0.42,ISS0092,Bug,Medium,15.9,7.66,Add feature,17.96,28.78,37.68,0.17,3.92,-0.3,Improve performance,User request,Performance,12.56,-4.36,David,9.83
SP0710,84.41,52.18,85.85,5.64,55.28,3.18,2.62,-0.37,Bob,41.9,56.9,42.69,5.49,2.49,18.43,0.81,ISS0700,Story,High,7.1,0.74,Fix bug,-0.54,58.58,17.49,2.72,2.16,-0.13,Code cleanup,Tech debt,Bug,11.67,2.96,Bob,18.42
SP0282,56.83,40.79,65.21,4.08,54.74,0.39,1.11,-0.41,Alice,40.41,37.9,53.65,2.11,3.81,212.4,-0.56,ISS0143,Task,Low,9.96,14.81,Refactor code,14.04,37.67,19.7,5.33,2.76,0.48,Fix bug,Tech debt,Feature,11.34,4.03,David,4.97
SP0305,18.56,18.43,60.18,5.47,41.35,2.96,0.9,-0.23,Alice,37.58,78.57,34.13,0.38,0.12,178.55,0.74,ISS0634,Bug,Medium,8.6,6.83,Refactor code,17.82,40.95,31.55,1.96,0.08,-0.13,Develop feature,New module,Performance,12.25,3.17,Alice,9.67
SP0758,57.54,33.76,68.16,4.06,42.71,0.43,5.3,0.53,Carol,50.42,50.46,41.96,2.04,2.07,168.82,0.82,ISS0143,Bug,High,7.78,7.45,Refactor code,17.1,42.05,23.96,1.18,2.0,0.36,Improve performance,Critical bug,Refactor,11.64,8.27,Alice,20.97
SP0300,40.03,26.5,59.61,5.59,56.52,2.01,2.62,-0.28,Alice,59.08,41.49,33.26,2.53,1.92,192.05,0.76,ISS0327,Story,High,10.56,6.98,Fix bug,15.28,50.76,26.12,3.56,0.3,1.12,Develop feature,Critical bug,Feature,20.04,4.5,Bob,-7.04
SP0466,50.18,-5.26,76.42,-0.95,29.89,0.42,2.2,0.04,David,60.29,27.07,29.75,6.38,3.37,162.47,0.24,ISS0040,Story,Low,8.23,5.37,Add feature,18.8,37.95,35.08,2.63,2.33,0.2,Develop feature,Critical bug,Bug,5.09,5.25,Carol,8.73
SP0087,59.43,31.83,96.94,2.15,52.32,3.56,3.9,0.07,Bob,43.46,43.7,25.59,4.73,0.96,96.96,0.57,ISS0652,Story,Low,18.6,8.68,Fix bug,4.35,35.15,18.25,4.47,1.89,0.5,Code cleanup,Tech debt,Refactor,7.61,13.59,Carol,-0.57
SP0281,48.38,19.68,33.24,6.53,36.32,2.28,8.72,0.56,Alice,32.69,61.52,29.84,4.01,1.82,68.44,1.08,ISS0670,Task,Medium,12.99,4.92,Update UI,24.09,35.22,38.03,0.69,1.93,0.27,Code cleanup,User request,Performance,3.73,8.2,Alice,9.32
SP0483,58.0,29.42,60.0,4.65,38.37,0.64,0.11,0.52,Bob,27.75,34.57,31.43,6.66,2.52,134.43,-0.04,ISS0432,Task,Low,9.0,4.56,Fix bug,15.92,39.7,33.32,2.46,4.79,-0.39,Code cleanup,New module,Performance,9.9,5.58,Alice,10.23
SP0567,45.74,5.97,73.69,1.19,48.57,1.78,5.8,0.01,David,46.19,48.95,42.14,7.6,4.81,290.21,0.25,ISS0201,Task,High,10.47,9.58,Update UI,12.64,35.1,26.14,2.22,2.26,-0.53,Develop feature,Critical bug,Refactor,22.17,2.64,David,7.0
SP0273,65.59,19.32,34.47,0.15,47.32,3.14,8.09,0.15,Carol,39.74,57.25,38.09,5.06,2.9,170.2,0.81,ISS0374,Bug,Medium,1.45,11.08,Fix bug,18.21,42.13,26.01,3.34,1.84,1.1,Code cleanup,New module,Bug,4.83,8.73,Alice,21.05
SP0286,42.87,25.44,36.74,4.32,55.06,1.02,4.53,-0.03,Bob,40.79,36.96,37.34,11.32,0.5,114.69,0.98,ISS0231,Bug,High,11.94,4.53,Add feature,4.63,57.66,23.7,0.47,0.05,0.81,Fix bug,User request,Refactor,21.83,5.54,Bob,12.7
SP0557,67.24,14.95,91.81,3.21,53.29,0.72,2.34,0.1,Carol,49.1,49.05,35.3,2.54,2.52,151.02,1.22,ISS0619,Bug,High,10.99,7.25,Update UI,20.46,40.5,25.08,3.52,3.34,0.78,Code cleanup,Critical bug,Bug,12.6,10.64,David,11.24
SP0465,16.75,42.08,58.77,5.39,9.44,3.64,5.92,0.83,David,50.0,29.94,27.57,8.26,2.47,274.69,1.09,ISS0647,Task,Medium,14.8,6.49,Add feature,13.24,23.82,26.0,1.48,0.78,0.41,Code cleanup,Tech debt,Refactor,4.78,13.51,Bob,15.32
SP0276,53.87,19.52,75.35,0.37,69.01,0.62,1.36,0.7,Bob,41.48,51.33,37.85,1.1,2.33,89.67,1.06,ISS0875,Story,Medium,4.62,0.81,Add feature,18.55,50.13,38.33,3.02,1.36,0.85,Develop feature,User request,Performance,12.11,7.13,Bob,9.66
SP0580,21.67,34.08,85.01,2.15,42.26,1.76,1.42,0.44,Carol,22.63,63.64,34.66,1.84,1.04,41.95,-0.24,ISS0961,Task,High,9.88,6.0,Refactor code,16.78,40.13,17.25,0.39,5.27,-0.11,Fix bug,New module,Performance,7.28,5.92,David,10.34
SP0199,35.11,-0.58,82.08,11.02,73.41,-0.42,3.46,0.49,Alice,23.12,43.24,18.56,7.29,0.31,206.76,-0.61,ISS0686,Task,High,9.83,7.8,Add feature,5.39,42.0,23.26,4.28,3.15,0.26,Fix bug,New module,Refactor,15.23,7.16,Carol,11.41
SP0244,49.99,34.62,68.55,8.18,69.24,0.69,6.62,0.45,Alice,45.02,47.18,41.27,6.81,0.84,129.55,0.01,ISS0914,Task,High,3.13,3.71,Refactor code,17.8,39.46,24.59,2.06,2.05,-0.32,Improve performance,Tech debt,Feature,20.53,7.44,Bob,-0.49
SP0565,46.67,48.96,75.91,3.66,57.89,0.65,-1.57,0.23,Bob,34.53,75.79,28.95,5.61,3.14,35.68,0.48,ISS0796,Bug,High,9.47,3.26,Fix bug,20.26,50.89,17.13,2.05,-0.14,0.24,Develop feature,Tech debt,Feature,25.89,2.65,David,8.89
SP0309,49.73,43.45,69.33,5.02,41.35,0.68,1.55,0.2,Bob,48.75,47.12,40.32,6.87,1.02,156.31,1.02,ISS0264,Bug,Medium,5.45,6.5,Fix bug,17.98,41.51,34.97,2.39,1.62,-0.27,Improve performance,Tech debt,Performance,9.04,4.33,David,9.85
SP0493,74.99,-2.88,43.98,2.04,48.48,0.52,2.64,-0.23,Bob,25.81,22.86,39.57,2.53,1.5,246.88,0.88,ISS0481,Story,Medium,8.59,8.49,Refactor code,18.32,51.25,23.62,0.89,3.72,0.86,Improve performance,Critical bug,Refactor,11.86,10.41,Alice,16.0
SP0856,44.15,46.73,50.09,1.83,63.14,0.71,-3.93,0.14,Carol,31.02,51.29,40.82,5.91,2.43,14.97,-0.13,ISS0804,Bug,Low,15.7,4.2,Update UI,19.75,59.89,16.37,2.19,2.0,0.14,Code cleanup,Critical bug,Refactor,17.49,5.24,Bob,26.1
SP0763,60.59,57.2,62.67,0.26,37.3,1.32,6.85,0.67,Bob,40.51,75.25,48.64,7.89,1.84,166.46,0.71,ISS0163,Task,Medium,13.27,1.58,Fix bug,12.2,29.17,13.81,1.9,2.19,0.8,Code cleanup,Critical bug,Feature,3.63,8.29,Alice,10.95
SP0887,39.76,35.59,33.01,-1.65,45.71,3.41,-6.13,-0.31,David,44.28,45.14,40.99,5.77,2.85,210.6,1.04,ISS0468,Task,High,12.42,5.53,Add feature,8.04,19.55,12.77,-0.26,3.66,0.81,Fix bug,Critical bug,Performance,13.14,5.99,Carol,15.64
SP0228,48.8,30.78,92.53,2.89,54.38,1.82,6.51,0.7,David,23.04,54.95,39.9,7.43,1.1,173.75,0.29,ISS0637,Bug,Low,11.63,13.53,Update UI,15.96,28.12,23.38,0.28,1.52,0.12,Develop feature,Tech debt,Feature,20.85,0.35,Carol,12.49
SP0986,40.67,59.31,60.88,6.56,44.23,1.35,-1.43,0.03,Carol,19.48,47.12,16.85,7.05,2.05,188.49,0.37,ISS0108,Task,Medium,10.96,9.31,Fix bug,12.68,35.6,32.78,1.76,1.25,-0.39,Fix bug,Tech debt,Bug,6.58,5.61,Alice,18.19
SP0991,59.14,40.51,55.41,4.5,44.42,0.63,2.91,-0.06,Carol,50.37,60.12,35.29,6.46,0.04,290.31,1.37,ISS0532,Story,High,11.76,3.94,Fix bug,9.27,31.75,26.15,3.9,-0.27,0.92,Fix bug,Critical bug,Feature,5.89,7.27,Carol,16.93
SP0835,67.09,34.29,55.12,4.58,51.56,2.05,1.23,0.37,Alice,51.26,35.99,37.05,4.38,2.59,60.33,0.31,ISS0591,Bug,High,1.99,6.74,Add feature,13.5,41.4,30.18,0.71,3.3,0.45,Develop feature,Tech debt,Performance,2.69,5.52,Bob,16.49
SP0229,60.17,24.26,74.18,3.73,22.8,0.22,5.58,-0.46,Bob,56.73,28.45,39.55,3.56,1.24,93.5,0.06,ISS0500,Bug,High,14.56,10.4,Add feature,20.84,45.48,14.15,0.89,3.22,0.13,Develop feature,Critical bug,Performance,6.78,6.26,David,11.93
SP0396,69.31,59.12,66.65,1.28,6.52,1.8,-0.02,0.19,Carol,49.08,55.53,35.03,3.18,1.1,211.56,0.53,ISS0835,Task,High,14.64,6.02,Add feature,21.06,36.54,35.41,-1.02,4.13,0.58,Fix bug,User request,Feature,13.9,1.27,David,19.68
SP0848,30.22,31.4,78.07,4.18,47.26,3.3,-3.34,0.03,Alice,43.47,49.97,15.4,3.76,2.88,182.07,1.46,ISS0228,Bug,Low,12.89,4.86,Add feature,16.15,51.35,28.9,0.42,4.26,0.29,Fix bug,Critical bug,Feature,10.02,1.61,Bob,4.73
SP0574,30.99,15.05,47.53,0.48,38.98,1.11,3.68,-0.03,David,28.56,25.79,39.07,2.38,2.71,143.82,0.43,ISS0305,Bug,Medium,12.65,1.61,Add feature,21.53,26.01,18.0,1.84,3.4,0.02,Fix bug,User request,Performance,13.66,5.67,David,9.93
SP0254,52.35,33.67,59.61,-0.62,48.46,3.0,0.34,0.18,Carol,31.92,53.59,44.13,8.94,2.58,125.15,1.38,ISS0720,Task,High,8.52,7.96,Add feature,15.41,50.31,17.69,1.28,0.18,-0.13,Code cleanup,Critical bug,Performance,13.57,5.45,Bob,5.83
SP0428,50.99,21.59,73.25,1.57,41.34,2.41,2.63,-0.07,Bob,57.73,39.02,33.35,3.09,2.02,161.22,0.87,ISS0860,Story,Medium,8.36,1.79,Update UI,15.8,36.15,35.16,1.81,1.62,-0.41,Improve performance,Critical bug,Feature,9.51,0.8,Bob,21.48
SP0555,27.76,43.87,43.52,2.44,42.5,3.45,0.71,0.46,Alice,48.45,51.31,38.12,7.52,2.26,165.18,0.62,ISS0227,Task,High,13.15,8.62,Update UI,7.1,40.59,28.33,5.09,-1.08,0.72,Fix bug,Critical bug,Performance,12.54,8.18,Alice,22.3
SP0074,61.78,52.42,61.66,2.18,60.29,2.43,2.44,0.33,David,21.56,29.54,30.69,4.15,0.79,158.58,-0.01,ISS0836,Story,Low,9.47,2.72,Fix bug,18.6,51.46,38.04,2.71,4.16,0.44,Fix bug,User request,Performance,18.73,2.19,Bob,20.11
SP0103,64.85,29.94,52.92,7.78,60.04,1.97,2.36,0.59,Bob,56.44,26.25,28.6,3.58,2.66,177.52,0.18,ISS0998,Bug,Medium,10.38,8.62,Add feature,21.87,42.96,21.26,1.5,0.59,0.14,Code cleanup,Tech debt,Refactor,16.23,8.76,Bob,11.39
SP0298,95.8,13.19,73.97,6.5,68.94,1.78,5.17,0.38,Bob,46.85,62.09,50.31,1.04,4.92,214.77,0.27,ISS0781,Bug,Low,15.59,2.41,Update UI,21.18,40.91,25.67,1.31,3.41,0.34,Develop feature,Critical bug,Refactor,21.75,3.16,David,3.99
SP0968,64.76,32.99,34.87,5.72,32.18,2.45,5.28,0.09,Alice,37.6,22.2,14.43,1.05,2.23,123.54,0.55,ISS0196,Task,High,3.48,11.0,Refactor code,13.08,40.58,28.81,0.9,1.76,0.75,Fix bug,New module,Bug,16.32,3.63,Carol,26.62
SP0637,30.43,63.73,80.65,2.86,67.55,2.46,-5.52,0.11,Bob,23.57,36.42,34.31,2.25,1.27,172.04,0.87,ISS0841,Task,Medium,19.8,2.44,Add feature,19.06,47.4,35.64,2.63,4.83,0.69,Develop feature,Tech debt,Performance,15.98,1.81,Carol,14.15
SP0614,51.79,23.87,85.08,4.81,85.53,1.6,9.79,0.14,Alice,11.21,26.78,29.32,1.81,1.59,94.35,0.43,ISS0069,Bug,Medium,5.18,4.71,Add feature,6.34,47.75,23.86,2.72,3.8,0.09,Fix bug,User request,Bug,5.52,4.8,Bob,16.62
SP0245,16.37,36.48,92.47,0.75,39.87,1.48,-3.18,0.58,Alice,29.88,58.91,41.73,5.24,3.36,65.74,1.48,ISS0333,Bug,Medium,5.19,2.68,Add feature,9.53,36.71,22.83,4.21,2.59,0.02,Fix bug,Critical bug,Feature,13.88,4.19,Alice,11.05
SP0288,61.63,56.05,101.55,6.4,52.45,0.65,7.99,0.19,David,33.91,51.07,41.85,2.92,2.7,230.64,1.02,ISS0534,Story,High,14.41,7.25,Add feature,19.56,42.33,36.87,0.58,0.72,0.51,Improve performance,Critical bug,Feature,7.98,0.45,Bob,15.19
SP0227,54.01,32.57,72.67,6.25,28.68,2.41,13.33,-0.61,Bob,48.59,43.91,36.01,8.23,2.75,174.71,0.69,ISS0827,Task,High,5.02,8.01,Add feature,23.31,33.14,22.13,1.65,5.13,0.23,Fix bug,Tech debt,Feature,8.96,3.78,Carol,11.62
SP0337,65.49,14.59,76.87,7.19,80.55,0.61,7.8,0.56,Bob,41.59,58.27,54.59,0.73,2.74,155.99,0.42,ISS0722,Bug,High,6.36,7.9,Refactor code,6.05,41.01,29.32,0.7,2.39,-0.71,Fix bug,New module,Feature,-1.45,3.2,Carol,2.01
SP0393,61.24,48.03,16.25,9.89,35.91,0.53,8.15,0.02,Carol,28.63,51.32,50.98,4.73,3.24,248.94,1.49,ISS0975,Bug,Low,4.17,10.59,Fix bug,17.85,25.79,33.2,3.34,2.03,-0.04,Improve performance,Tech debt,Refactor,7.93,3.68,David,17.14
SP0116,26.51,11.68,57.73,1.82,48.47,2.22,6.22,0.88,David,29.52,27.38,52.12,-0.13,2.16,46.92,0.77,ISS0138,Bug,Low,15.3,8.49,Fix bug,11.27,37.39,25.62,1.53,2.79,-0.23,Code cleanup,Tech debt,Refactor,12.25,6.62,Bob,9.19
SP0515,8.79,7.35,33.79,-0.5,46.31,0.53,4.09,0.82,David,37.19,55.88,31.92,7.98,0.85,107.96,-0.22,ISS0708,Bug,Low,13.55,7.44,Add feature,10.72,45.41,18.11,0.84,1.71,0.35,Improve performance,New module,Performance,11.77,8.01,Bob,9.06
SP0817,22.05,46.18,72.05,1.82,16.77,4.78,1.03,0.35,David,33.33,31.86,31.73,7.79,1.37,198.81,0.82,ISS0049,Story,High,7.35,10.36,Fix bug,24.45,36.4,20.82,0.45,0.9,0.37,Fix bug,New module,Performance,22.03,10.12,David,8.91
SP0101,49.33,24.94,53.25,-2.76,41.66,1.32,6.86,-0.06,Carol,42.11,42.77,26.32,3.08,2.11,135.44,0.95,ISS0645,Story,Low,20.05,8.68,Refactor code,2.52,39.34,27.37,4.96,3.97,0.19,Improve performance,New module,Bug,16.49,3.1,David,8.35
SP0846,85.5,60.97,46.45,4.24,58.7,2.68,7.93,0.69,Bob,29.29,13.27,28.56,0.56,2.73,172.98,0.64,ISS0493,Story,Medium,8.5,7.38,Refactor code,1.11,44.66,21.67,4.71,1.71,0.63,Improve performance,Critical bug,Refactor,6.84,9.25,Alice,8.21
SP0514,42.6,41.62,82.41,8.74,41.1,1.59,2.44,0.26,Alice,26.63,28.6,44.4,2.99,2.74,165.85,0.01,ISS0026,Bug,Medium,9.23,4.8,Update UI,17.35,36.92,30.26,3.37,3.43,0.15,Improve performance,User request,Feature,18.43,6.99,Carol,12.35
SP0916,89.9,38.91,90.52,-0.63,14.5,2.85,0.83,0.4,Bob,12.23,65.45,37.28,2.0,0.93,223.49,0.68,ISS0401,Bug,Low,14.6,10.61,Fix bug,5.22,43.44,25.05,3.26,0.75,-0.11,Improve performance,New module,Bug,17.24,5.16,Alice,12.7
SP0740,50.28,42.31,107.51,7.45,65.91,2.74,10.04,-0.07,Carol,48.37,32.13,33.43,6.49,1.55,155.74,-0.03,ISS0846,Task,Low,10.86,4.85,Add feature,22.29,41.85,32.55,0.05,2.27,0.25,Code cleanup,User request,Refactor,7.91,4.11,Alice,0.3
SP0051,35.53,70.68,76.02,1.77,42.08,1.97,6.77,-0.38,David,41.0,34.13,20.52,8.88,2.11,191.1,0.5,ISS0002,Bug,Medium,17.46,4.85,Update UI,7.4,20.25,25.36,2.04,4.66,0.57,Code cleanup,Critical bug,Refactor,11.95,10.07,David,15.72
SP0263,15.21,22.54,54.23,4.54,43.0,1.89,5.57,0.6,David,47.67,41.91,35.62,1.49,0.71,105.48,0.66,ISS0913,Bug,Low,5.93,9.14,Add feature,12.07,45.97,27.81,1.24,7.16,-0.67,Develop feature,User request,Feature,19.29,6.7,David,9.02
SP0553,66.39,46.69,58.99,3.16,56.32,3.2,6.51,-0.06,Bob,41.97,41.95,40.01,0.22,3.87,92.47,0.73,ISS0574,Bug,High,10.47,7.54,Update UI,8.06,33.58,30.34,-0.22,2.79,-0.06,Code cleanup,New module,Feature,11.79,5.62,David,10.76
SP0718,55.68,40.83,47.74,3.22,19.75,3.32,3.38,0.18,David,44.35,30.72,39.95,3.91,2.55,159.31,0.33,ISS0323,Task,High,5.67,0.84,Update UI,23.37,19.51,36.52,0.44,1.9,0.19,Develop feature,Tech debt,Feature,15.38,2.28,Carol,15.15
SP0696,47.53,56.63,83.13,2.48,68.4,1.23,0.33,-0.09,Alice,54.82,59.88,36.33,12.55,3.61,158.37,0.54,ISS0983,Task,Low,1.31,8.13,Fix bug,5.32,49.26,33.08,4.63,3.81,0.74,Fix bug,New module,Feature,12.1,8.85,Carol,14.55
SP0454,59.51,54.09,42.31,5.41,81.42,1.94,3.56,0.95,Carol,33.33,64.41,9.88,8.08,0.54,129.24,0.99,ISS0130,Task,Low,7.16,5.95,Refactor code,10.88,45.71,24.01,2.02,2.24,0.09,Develop feature,New module,Performance,13.28,5.57,David,12.54
SP0395,42.8,46.51,63.09,4.74,62.89,1.72,6.15,0.52,Bob,38.58,37.36,43.67,4.44,3.56,219.27,0.72,ISS0358,Story,Medium,12.01,5.51,Fix bug,18.83,51.41,23.27,-0.71,-0.6,0.66,Code cleanup,Critical bug,Performance,6.02,8.06,David,13.56
SP0349,46.1,35.69,51.39,1.43,39.46,2.82,6.07,0.07,David,33.13,32.93,42.79,7.65,3.34,219.53,0.61,ISS0026,Bug,Low,9.33,7.25,Update UI,17.05,50.81,35.24,1.27,0.53,0.2,Code cleanup,Critical bug,Refactor,4.35,9.32,Bob,10.24
SP0316,20.86,55.71,77.71,0.9,31.71,-1.77,5.65,-0.1,David,55.33,36.23,37.1,0.19,0.44,161.93,0.74,ISS0260,Story,Medium,6.48,10.67,Update UI,14.26,8.39,20.58,2.08,-1.45,0.68,Improve performance,New module,Performance,14.06,9.96,David,12.85
SP0059,39.4,46.29,53.93,6.84,55.78,3.81,7.22,0.61,Alice,36.35,48.17,36.03,7.08,3.76,97.69,-0.02,ISS0098,Task,Low,7.7,7.42,Update UI,15.91,34.56,20.98,1.05,0.65,0.02,Code cleanup,Tech debt,Performance,10.79,8.45,Bob,24.54
SP0939,29.55,23.11,62.45,0.95,27.92,3.44,1.13,0.17,Alice,29.87,39.58,25.89,8.23,1.36,170.24,0.3,ISS0386,Bug,Low,12.73,6.71,Refactor code,7.58,21.42,20.21,0.9,0.55,0.1,Fix bug,Critical bug,Performance,14.14,7.99,Alice,15.72
SP0389,67.17,36.53,76.01,6.85,56.12,2.08,0.55,0.19,Bob,45.89,37.91,23.91,5.2,2.0,152.53,1.0,ISS0292,Task,Medium,6.85,7.52,Refactor code,23.06,53.96,22.41,-0.76,4.16,0.31,Code cleanup,Tech debt,Performance,9.38,8.71,Bob,10.16
SP0496,47.16,30.29,98.25,3.87,-3.32,0.81,3.94,-0.32,Alice,40.49,14.61,27.61,-1.75,1.62,180.29,0.31,ISS0774,Story,Medium,8.91,10.58,Refactor code,16.65,30.67,27.32,2.25,0.87,0.21,Fix bug,Critical bug,Refactor,12.16,4.69,David,9.7
SP0297,56.24,49.97,59.2,1.21,54.49,1.17,1.97,0.03,David,12.39,42.48,39.86,3.74,3.1,235.55,0.78,ISS0486,Task,Medium,3.64,7.61,Fix bug,12.42,55.34,22.36,3.23,2.56,0.97,Develop feature,Critical bug,Feature,16.86,8.92,David,12.93
SP0924,56.64,24.09,69.39,5.49,58.52,-0.63,-1.27,-0.46,Carol,30.18,35.14,50.78,7.86,2.18,204.64,0.46,ISS0222,Task,High,9.52,9.22,Fix bug,13.22,39.8,41.8,-0.44,3.12,0.47,Improve performance,Tech debt,Feature,14.39,10.81,Bob,21.34
SP0085,42.14,62.74,63.21,5.58,76.14,2.96,2.99,0.15,David,21.23,55.12,43.06,4.36,-0.15,103.5,-0.84,ISS0359,Bug,Medium,12.35,7.21,Update UI,10.45,28.23,24.94,2.01,1.2,-0.13,Improve performance,User request,Performance,9.89,6.52,Bob,9.36
SP0722,37.24,20.45,78.19,-2.68,55.4,1.55,1.7,-0.74,Alice,48.22,67.46,26.08,3.88,-0.62,191.63,0.71,ISS0480,Story,Medium,11.38,2.57,Refactor code,15.06,37.37,43.59,1.58,2.64,-0.02,Fix bug,New module,Performance,11.36,11.93,Carol,13.56
SP0749,80.19,32.05,77.07,-1.53,43.58,2.99,2.62,0.33,Bob,25.45,25.18,40.72,5.94,2.44,92.2,0.28,ISS0343,Task,Low,10.4,12.19,Update UI,18.81,46.78,16.35,2.81,1.84,0.15,Develop feature,User request,Refactor,19.83,3.87,David,16.39
SP0808,9.27,45.59,89.08,5.27,44.49,1.21,3.8,0.02,Bob,33.09,70.07,32.96,4.02,1.02,180.39,0.22,ISS0537,Story,Low,12.25,10.59,Update UI,19.05,23.87,28.91,-0.48,2.49,-0.31,Code cleanup,New module,Feature,17.29,1.58,Carol,20.16
SP0187,33.79,16.13,81.85,3.94,14.86,2.36,-2.29,1.57,David,32.32,40.15,29.38,3.12,1.68,142.29,0.42,ISS0642,Bug,Low,18.94,5.31,Add feature,9.73,45.12,20.71,4.51,3.17,1.16,Fix bug,User request,Performance,12.28,11.79,David,19.96
SP0661,52.85,29.76,48.85,2.2,58.97,0.38,5.69,0.14,Alice,38.26,49.01,60.81,-0.31,1.87,115.75,0.67,ISS0452,Bug,Low,13.51,9.63,Update UI,14.19,39.29,27.26,-1.02,2.25,0.37,Develop feature,New module,Bug,10.87,-1.58,Carol,9.01
SP0854,44.46,18.48,73.06,5.11,26.95,1.03,0.71,-0.34,Alice,30.99,25.85,44.31,5.26,3.71,203.38,1.68,ISS0804,Task,High,11.61,6.04,Fix bug,22.07,37.49,18.41,1.98,3.24,-0.01,Fix bug,Critical bug,Feature,5.36,1.87,Carol,12.27
SP0222,47.18,42.29,82.34,5.91,64.59,1.4,8.92,-0.03,David,32.09,53.8,19.4,5.16,0.09,108.79,0.26,ISS0262,Story,High,9.71,10.8,Fix bug,10.95,20.06,32.99,1.85,4.75,-0.15,Improve performance,User request,Feature,9.6,-0.79,Carol,4.19
SP0755,20.78,42.03,99.6,5.39,66.87,3.16,0.8,-0.31,David,26.28,31.69,18.19,7.54,-2.78,181.74,0.38,ISS0398,Bug,Medium,6.68,13.24,Fix bug,19.2,39.38,22.67,3.42,2.75,0.8,Improve performance,Critical bug,Feature,12.21,7.82,David,20.27
SP0817,41.76,17.98,85.8,8.14,73.89,2.49,3.51,0.39,Bob,15.86,49.94,36.48,3.55,1.16,84.09,1.26,ISS0612,Bug,Medium,-2.56,3.01,Update UI,12.22,27.08,27.7,-0.79,-0.36,0.65,Code cleanup,New module,Feature,13.47,11.46,Alice,21.07
SP0480,60.15,59.33,68.37,2.1,46.29,2.94,3.16,0.3,Alice,43.29,49.19,26.59,7.67,4.22,140.45,0.3,ISS0231,Task,High,4.45,6.0,Update UI,14.14,41.64,25.99,0.91,5.03,-0.52,Develop feature,Critical bug,Bug,12.1,11.18,Bob,11.2
SP0765,47.79,18.34,65.58,2.41,70.22,-1.59,11.03,0.44,Alice,41.69,31.58,32.09,6.83,0.88,171.18,-0.98,ISS0018,Story,Medium,11.67,12.02,Add feature,13.34,50.53,25.83,0.99,0.18,0.25,Improve performance,Tech debt,Performance,8.06,3.39,Bob,4.78
SP0646,92.52,22.03,74.85,3.81,56.1,1.77,-1.7,-0.35,David,42.46,82.91,34.18,2.9,2.25,149.62,-0.3,ISS0931,Bug,Low,19.55,10.91,Fix bug,5.65,46.58,28.6,2.33,4.06,0.9,Fix bug,Tech debt,Feature,14.62,9.23,Alice,14.86
SP0325,25.88,41.92,81.26,4.09,52.1,1.52,8.61,-0.19,Bob,40.83,50.3,36.77,4.0,1.9,179.38,0.73,ISS0959,Task,High,15.96,4.57,Fix bug,14.25,43.13,28.37,0.94,0.97,-0.7,Code cleanup,User request,Refactor,9.4,0.17,Bob,2.7
SP0457,62.13,35.11,51.13,2.65,62.98,3.25,-0.16,0.12,Bob,30.62,27.38,22.12,8.42,2.85,138.64,0.8,ISS0579,Story,Low,11.16,15.41,Update UI,21.69,22.3,27.55,0.04,3.02,-0.46,Fix bug,New module,Performance,10.0,9.05,Alice,15.6
SP0798,44.77,21.44,103.53,6.27,4.72,1.11,4.94,0.79,Carol,48.26,44.41,35.43,3.29,1.57,-7.24,0.0,ISS0512,Task,High,13.21,4.14,Refactor code,17.55,37.93,30.2,1.79,1.67,-0.17,Fix bug,User request,Feature,14.58,10.58,Alice,8.45
SP0879,45.83,30.74,76.19,2.81,36.1,-0.47,2.85,0.17,Bob,33.44,25.31,43.36,1.81,1.28,124.15,0.62,ISS0213,Task,Low,7.82,9.36,Refactor code,1.51,39.6,21.27,1.97,-0.65,1.17,Develop feature,User request,Bug,17.29,7.11,Alice,6.87
SP0033,63.83,31.8,87.7,-0.45,31.52,1.27,-0.13,-0.35,Bob,48.53,71.37,46.0,3.09,-0.71,36.81,1.07,ISS0451,Bug,Low,5.36,2.29,Update UI,8.19,32.35,39.03,-0.44,3.42,-0.11,Develop feature,User request,Bug,7.88,2.11,David,11.66
SP0001,45.36,27.78,74.25,7.47,52.48,2.61,3.44,0.14,Bob,27.13,19.36,27.98,8.29,-0.18,146.94,0.46,ISS0308,Story,High,14.93,5.93,Refactor code,13.08,25.12,24.77,1.21,2.35,-0.16,Fix bug,User request,Performance,12.9,0.62,David,2.75
SP0178,31.91,40.78,70.79,3.34,67.73,2.72,-2.79,0.69,Bob,21.67,37.84,28.05,6.34,3.68,85.82,-0.33,ISS0838,Bug,Low,14.77,9.8,Fix bug,5.78,32.25,28.63,-0.54,1.18,1.83,Fix bug,Critical bug,Bug,13.45,6.16,Carol,11.56
SP0628,38.83,28.06,101.5,7.49,57.46,-1.79,4.93,0.57,Carol,27.0,39.05,37.68,3.93,3.27,154.38,0.77,ISS0321,Story,High,8.29,5.59,Fix bug,29.71,53.09,19.65,3.13,3.37,0.66,Develop feature,New module,Refactor,14.25,7.92,Carol,4.0
SP0910,55.42,60.71,56.31,10.12,40.42,1.74,5.79,-0.47,Bob,27.94,37.02,34.11,5.42,1.47,83.52,0.91,ISS0995,Task,Medium,7.64,9.96,Update UI,4.81,20.9,25.52,0.84,0.88,0.13,Code cleanup,Tech debt,Performance,13.6,8.23,Carol,6.32
SP0476,33.86,18.43,58.49,4.79,34.99,1.83,4.11,0.49,Bob,44.26,50.31,34.82,3.36,2.2,74.74,1.35,ISS0107,Task,Medium,11.02,7.31,Refactor code,15.03,33.05,12.32,0.38,3.31,0.55,Develop feature,User request,Refactor,10.71,1.31,David,10.85
SP0859,52.7,21.28,73.0,5.89,64.67,1.71,3.98,-0.41,David,49.69,48.01,29.77,4.75,0.9,133.59,1.05,ISS0469,Bug,Low,13.12,4.28,Refactor code,18.92,17.25,28.4,2.41,0.85,-0.04,Fix bug,User request,Refactor,8.19,9.79,Bob,23.99
SP0549,49.05,37.56,69.29,7.62,38.36,-0.32,-6.43,1.29,David,54.52,26.8,34.86,4.34,2.38,153.1,0.68,ISS0955,Bug,Low,11.12,6.16,Fix bug,17.85,56.3,38.48,2.98,3.58,-0.01,Code cleanup,User request,Bug,6.88,8.27,Alice,10.43
SP0396,35.8,26.65,95.8,7.24,42.37,2.54,-0.08,0.77,David,43.61,45.67,31.73,2.43,2.03,83.08,0.49,ISS0184,Story,Low,6.05,10.64,Refactor code,14.85,56.91,16.84,4.13,3.49,-0.56,Develop feature,New module,Feature,12.8,6.69,Alice,11.43
SP0784,37.77,26.86,34.98,1.18,21.11,0.48,-5.45,-0.26,David,42.87,31.37,36.3,4.72,3.37,186.42,1.2,ISS0406,Story,Medium,-2.13,5.18,Refactor code,2.47,48.56,16.96,0.67,1.54,1.39,Improve performance,Tech debt,Feature,10.25,7.44,Alice,16.67
SP0130,50.09,23.73,58.5,2.53,58.81,0.62,1.45,-0.39,Bob,28.16,39.03,25.44,5.1,3.77,311.2,0.97,ISS0313,Story,Medium,12.96,3.83,Add feature,1.17,30.55,13.61,1.75,1.75,1.3,Code cleanup,New module,Feature,14.39,5.52,David,10.02
SP0827,14.07,25.78,55.18,3.6,28.44,3.51,8.07,-0.43,David,43.09,43.71,42.55,8.77,2.12,129.3,0.76,ISS0719,Task,Low,14.3,10.62,Add feature,10.25,49.47,31.8,2.8,-1.14,0.92,Improve performance,Critical bug,Refactor,3.54,5.16,Carol,16.54
SP0277,77.17,34.47,30.92,-0.23,82.67,2.69,5.44,0.4,Alice,19.76,4.04,35.9,5.38,3.27,271.71,1.18,ISS0489,Task,High,4.72,9.18,Add feature,18.24,54.71,33.3,1.73,1.02,0.63,Code cleanup,New module,Performance,7.01,6.54,Bob,10.12
SP0792,39.08,44.83,62.82,10.02,22.2,2.38,3.55,0.45,David,29.21,36.1,14.56,8.01,1.22,225.65,0.52,ISS0376,Task,High,8.81,5.12,Add feature,16.86,30.52,26.68,1.81,-2.61,0.46,Improve performance,New module,Feature,9.33,2.03,Carol,22.42
SP0495,33.51,45.67,89.72,2.5,76.78,3.78,1.0,0.25,Carol,39.35,55.44,29.88,5.51,2.27,215.94,1.04,ISS0061,Task,Low,4.96,6.73,Fix bug,17.45,38.66,23.39,1.54,3.11,0.64,Code cleanup,New module,Bug,-3.55,4.63,Carol,2.49
SP0412,21.23,35.07,36.52,0.65,44.63,3.13,2.92,0.5,David,41.1,63.59,37.19,7.4,0.1,122.46,1.02,ISS0483,Bug,Low,16.28,7.67,Add feature,2.96,41.83,39.84,1.01,0.3,0.15,Develop feature,New module,Refactor,9.99,6.19,David,23.13
SP0286,65.87,26.59,26.99,7.99,62.69,2.13,1.46,0.01,Alice,40.78,20.97,42.33,2.35,3.77,110.49,0.88,ISS0421,Story,Low,17.03,12.08,Fix bug,5.86,34.68,17.29,1.7,2.13,0.13,Develop feature,Critical bug,Feature,14.63,6.97,Alice,19.02
SP0018,57.24,36.83,77.12,7.2,75.6,1.76,6.26,0.28,Bob,41.1,58.89,33.66,5.12,3.83,124.82,1.0,ISS0349,Story,Low,10.45,5.98,Update UI,13.35,18.09,18.41,0.44,3.55,0.55,Code cleanup,New module,Feature,12.17,-0.5,Carol,19.98
SP0477,53.82,38.51,56.66,5.43,55.58,4.83,5.36,0.28,Carol,34.2,21.63,33.45,4.75,0.29,104.82,0.08,ISS0013,Bug,Medium,13.0,5.82,Add feature,7.15,28.71,24.5,-1.91,3.1,0.25,Code cleanup,User request,Bug,8.79,10.66,Alice,7.69
SP0082,47.17,36.76,78.78,4.58,70.06,1.49,-5.16,-0.74,Carol,45.4,38.47,33.33,8.56,5.5,67.39,0.61,ISS0745,Story,Low,20.66,3.2,Fix bug,7.87,26.1,45.17,0.76,2.16,-0.1,Develop feature,Critical bug,Bug,10.75,8.68,Carol,4.86
SP0688,37.38,30.51,65.92,1.4,48.42,2.28,-4.05,-0.01,Bob,50.22,78.81,51.16,7.27,0.49,137.0,1.9,ISS0643,Task,High,2.2,11.49,Update UI,11.01,33.7,20.94,0.32,0.16,0.45,Fix bug,Critical bug,Feature,16.85,4.45,David,29.65
SP0685,43.58,48.8,101.39,6.44,51.54,4.37,7.61,0.51,Carol,47.66,53.25,42.89,6.38,3.27,222.22,1.55,ISS0595,Task,Low,13.13,5.45,Refactor code,15.75,13.76,34.52,3.39,0.46,0.03,Develop feature,New module,Refactor,1.75,7.37,Bob,12.3
SP0065,39.97,21.59,89.23,0.45,40.36,1.07,6.7,0.97,Carol,48.35,45.86,36.22,2.43,0.26,184.28,0.69,ISS0795,Task,High,14.27,2.83,Update UI,13.3,46.95,35.97,1.66,2.9,0.09,Improve performance,Tech debt,Performance,5.83,9.34,Bob,3.12
SP0377,71.57,42.01,102.98,4.97,63.72,1.68,6.08,0.14,Bob,29.43,49.36,42.48,4.92,3.19,126.38,0.29,ISS0248,Story,Low,16.3,6.72,Update UI,24.04,43.11,17.14,2.76,1.17,0.03,Fix bug,Critical bug,Feature,15.7,12.72,Alice,6.71
SP0586,61.2,50.25,70.45,2.86,76.75,3.17,5.17,0.31,Carol,58.72,37.16,47.29,5.6,0.95,-1.24,0.09,ISS0472,Story,Low,14.69,4.48,Update UI,15.08,27.62,22.33,3.77,3.74,0.57,Develop feature,Tech debt,Refactor,10.64,3.54,Carol,22.19
SP0209,41.34,43.45,52.22,4.49,29.63,-0.63,5.18,-0.03,Bob,37.6,42.7,34.85,2.27,0.68,178.06,-0.02,ISS0436,Task,Medium,10.09,9.12,Fix bug,13.88,67.67,20.2,0.43,4.21,0.89,Code cleanup,Critical bug,Feature,6.75,14.15,Alice,15.31
SP0455,57.21,33.0,80.51,-0.09,24.39,0.82,-1.96,0.26,Carol,49.11,52.74,32.67,-2.32,1.11,-1.37,0.87,ISS0989,Story,Low,5.55,8.22,Fix bug,9.71,32.23,31.15,1.79,0.07,-0.4,Code cleanup,Tech debt,Feature,9.89,4.48,Bob,4.19
SP0889,57.3,14.03,40.48,4.6,30.36,3.15,1.13,0.71,David,29.25,37.03,34.97,2.65,0.33,91.55,0.3,ISS0322,Task,Medium,3.31,13.22,Update UI,17.55,16.09,31.51,2.68,3.2,0.26,Code cleanup,New module,Bug,10.78,6.57,Alice,10.37
SP0917,22.29,7.54,54.88,10.96,69.05,-0.01,2.44,0.48,Alice,45.8,19.07,32.98,7.48,1.38,149.37,0.72,ISS0681,Bug,High,8.74,5.0,Add feature,2.47,42.38,25.72,4.9,0.47,0.16,Improve performance,New module,Refactor,5.55,3.17,Bob,4.27
SP0567,43.23,38.49,47.52,8.07,43.26,2.7,6.79,-0.13,Carol,57.6,34.52,14.09,5.11,4.34,97.15,0.27,ISS0893,Story,Medium,14.3,13.44,Update UI,21.59,32.96,21.92,-0.11,3.1,-0.25,Develop feature,New module,Bug,10.05,2.94,David,3.8
SP0171,66.49,16.42,69.28,3.94,46.15,2.22,-0.33,-0.44,Carol,27.3,32.66,37.27,4.07,3.67,229.99,0.82,ISS0632,Task,Low,4.52,4.11,Add feature,21.51,16.66,23.95,3.15,4.41,0.3,Fix bug,New module,Refactor,10.1,4.47,Carol,14.25
SP0738,26.02,32.29,37.96,3.62,54.2,1.73,4.48,0.38,Carol,22.86,50.54,42.19,3.76,4.21,190.22,0.05,ISS0456,Task,Low,1.36,9.38,Add feature,29.12,37.76,31.75,5.05,1.75,0.24,Code cleanup,New module,Refactor,6.4,3.59,Alice,11.52
SP0154,69.55,50.68,91.0,-0.03,86.37,0.19,0.34,-0.08,Carol,44.52,65.65,56.38,1.67,0.25,220.31,0.27,ISS0614,Task,Medium,4.03,5.22,Update UI,19.99,54.27,36.39,1.29,1.03,0.19,Improve performance,Tech debt,Feature,13.5,6.24,Bob,8.22
SP0665,52.91,42.07,69.48,2.92,43.42,0.36,3.38,1.22,Alice,38.99,32.27,37.84,6.3,-0.47,66.75,1.02,ISS0273,Bug,High,8.92,14.05,Fix bug,12.4,28.66,17.7,0.87,1.44,0.3,Code cleanup,User request,Performance,18.33,0.18,David,19.58
SP0799,31.54,49.96,58.84,6.03,65.34,2.59,3.9,0.56,Alice,52.64,40.47,25.29,4.62,2.49,114.6,1.1,ISS0993,Task,High,6.69,4.87,Update UI,19.49,54.33,18.64,0.81,1.49,0.09,Improve performance,New module,Feature,15.49,12.81,Alice,6.64
SP0359,86.05,42.34,35.62,5.34,38.09,2.13,-2.93,-0.89,Carol,25.95,13.7,32.97,9.23,4.11,142.06,0.3,ISS0819,Story,Low,2.33,-1.1,Fix bug,11.56,38.49,32.52,2.37,3.65,-0.11,Fix bug,Tech debt,Feature,14.69,3.72,David,14.89
SP0250,62.9,52.52,54.78,5.41,35.94,1.46,11.73,0.63,David,59.0,30.13,43.06,5.68,3.92,94.2,0.17,ISS0238,Story,Medium,13.42,8.53,Fix bug,17.18,36.78,20.39,0.73,0.84,0.31,Improve performance,Critical bug,Performance,16.61,6.99,Carol,10.46
SP0704,72.32,27.14,78.12,1.0,39.83,4.09,11.79,-0.33,David,27.07,33.66,40.31,8.72,-0.57,251.22,0.47,ISS0747,Task,Low,13.63,7.96,Refactor code,26.06,28.22,15.21,0.86,1.49,0.81,Improve performance,Critical bug,Feature,16.35,4.68,Carol,4.02
SP0703,40.06,30.47,71.13,1.89,14.39,1.43,-0.6,0.64,Carol,34.6,33.6,31.76,8.55,3.02,103.49,0.88,ISS0235,Story,High,11.29,3.71,Refactor code,17.65,51.25,37.32,2.41,0.63,0.46,Develop feature,Critical bug,Feature,9.05,2.19,Alice,25.98
SP0062,31.58,44.42,91.31,5.54,5.48,1.52,1.1,0.56,Carol,37.98,62.74,29.92,8.16,2.29,174.1,1.04,ISS0102,Bug,High,6.91,11.35,Fix bug,13.87,46.97,30.42,2.71,-0.33,1.48,Fix bug,Critical bug,Performance,3.29,6.27,David,13.21
SP0169,66.11,68.31,71.7,0.23,51.73,4.39,-2.52,0.78,David,50.04,50.4,24.43,4.24,0.46,5.49,0.57,ISS0177,Bug,High,15.91,6.26,Refactor code,9.64,33.65,24.69,0.96,-0.73,-0.06,Code cleanup,User request,Performance,11.02,4.69,Carol,10.5
SP0185,34.15,18.75,87.79,9.33,82.81,0.25,-1.67,0.94,Bob,50.59,40.32,45.07,1.76,-1.32,84.46,0.73,ISS0998,Story,Low,14.69,9.18,Add feature,5.34,34.65,27.02,3.27,3.09,-0.76,Develop feature,New module,Performance,9.47,11.59,Carol,22.69
SP0044,54.83,52.51,78.23,2.55,35.18,2.75,1.42,-0.59,Bob,34.35,59.7,23.56,4.09,-0.9,228.56,0.96,ISS0102,Bug,High,13.32,8.08,Fix bug,10.2,25.36,24.84,3.45,2.28,0.74,Develop feature,New module,Bug,3.69,2.55,Alice,16.84
SP0581,66.84,15.75,74.06,-0.35,40.54,0.82,2.06,0.4,Alice,40.23,30.54,35.43,4.96,0.5,104.4,1.41,ISS0571,Story,High,17.82,5.5,Add feature,11.39,47.81,17.27,0.19,1.63,0.94,Develop feature,New module,Feature,15.33,3.81,Alice,21.61
SP0585,28.72,31.29,66.18,7.22,55.24,-0.74,4.09,0.91,Alice,62.41,57.8,31.99,2.8,1.61,177.41,0.38,ISS0911,Bug,High,13.21,7.35,Fix bug,16.68,51.44,31.42,1.54,3.72,1.17,Improve performance,New module,Bug,4.74,2.28,Alice,10.01
SP0950,59.09,67.86,70.17,4.17,52.68,2.88,1.96,0.05,Alice,44.8,46.9,40.03,5.14,2.75,104.58,0.58,ISS0299,Task,High,5.7,5.23,Refactor code,1.93,12.9,38.67,0.96,-0.52,0.91,Fix bug,User request,Feature,9.61,9.5,David,16.64
SP0347,47.81,48.85,35.22,6.82,47.92,1.41,0.62,-0.17,Alice,51.67,44.12,28.39,4.49,1.51,260.59,0.81,ISS0069,Task,High,-2.2,5.67,Refactor code,11.0,36.99,20.68,1.72,5.06,0.12,Fix bug,Tech debt,Performance,14.93,8.04,Carol,6.3
SP0404,67.94,44.16,77.31,5.31,51.48,2.11,7.91,0.68,David,37.36,54.52,33.91,3.26,1.48,118.05,0.41,ISS0375,Bug,High,15.01,4.54,Refactor code,5.7,42.61,40.95,2.31,5.62,-0.21,Code cleanup,New module,Performance,13.97,3.37,Alice,10.35
SP0853,39.43,25.57,57.61,4.64,27.66,4.97,6.19,0.51,Alice,46.61,64.32,46.59,6.22,2.78,155.43,0.13,ISS0133,Bug,Medium,17.24,7.44,Update UI,2.82,44.43,18.59,0.83,3.48,0.62,Code cleanup,New module,Feature,10.92,3.46,Alice,12.16
SP0232,43.96,34.03,36.8,0.22,69.79,-0.87,6.64,-0.32,David,45.14,24.83,35.12,8.43,2.48,212.36,0.76,ISS0474,Task,Low,22.14,11.36,Fix bug,2.93,52.48,31.5,1.01,-0.24,0.79,Develop feature,Critical bug,Refactor,13.08,9.3,Bob,22.77
SP0263,46.11,31.85,94.04,10.21,30.05,2.0,-3.36,0.12,Alice,47.5,33.53,28.28,1.31,0.02,198.6,0.15,ISS0718,Bug,High,4.76,4.89,Fix bug,12.58,15.35,37.03,2.19,4.09,0.04,Improve performance,User request,Feature,5.15,7.45,Alice,3.34
SP0804,50.87,6.45,64.93,5.84,76.75,1.71,2.23,-0.63,Carol,35.66,36.52,43.58,7.17,0.77,158.31,0.03,ISS0482,Story,Low,3.37,5.15,Update UI,22.83,43.71,22.87,0.9,4.22,0.71,Code cleanup,Critical bug,Feature,2.44,10.41,David,15.45
SP0423,50.69,29.38,23.19,1.53,34.76,-2.23,4.34,0.39,Alice,47.44,39.19,33.22,5.58,2.42,177.59,0.74,ISS0678,Bug,High,14.46,5.32,Add feature,15.38,14.91,22.08,1.34,3.03,-0.23,Code cleanup,User request,Performance,11.72,0.18,Alice,17.23
SP0839,50.97,56.9,58.14,7.12,97.89,4.56,4.24,0.16,David,23.0,53.04,27.56,9.65,0.34,244.08,1.49,ISS0812,Story,Low,7.1,5.32,Fix bug,19.2,35.33,23.46,0.36,0.28,0.85,Develop feature,Tech debt,Performance,5.74,4.54,Alice,21.04
SP0552,26.19,31.35,55.97,4.19,33.48,0.25,2.68,-0.13,Alice,45.86,40.29,24.69,5.58,4.15,91.27,-0.19,ISS0015,Story,Medium,10.41,8.0,Refactor code,6.8,41.97,30.77,1.49,1.55,-0.23,Develop feature,Tech debt,Feature,5.74,11.56,Alice,5.52
SP0628,78.54,36.0,75.06,5.65,77.47,-0.39,11.83,-0.26,Bob,9.94,50.56,39.79,4.33,0.71,50.16,0.62,ISS0577,Task,High,13.66,10.28,Add feature,21.19,49.86,20.21,2.52,-0.44,0.3,Code cleanup,Critical bug,Performance,9.76,4.23,David,16.88
SP0472,28.43,52.72,74.77,0.48,57.23,-0.16,1.94,0.19,Bob,33.89,66.41,27.3,8.32,1.82,240.18,-0.28,ISS0363,Task,Medium,18.71,8.91,Refactor code,10.03,44.58,29.12,2.95,1.55,0.73,Develop feature,User request,Feature,9.01,2.8,Carol,16.89
SP0762,51.98,37.4,71.26,5.7,21.8,1.23,6.19,-0.09,Carol,29.45,56.2,7.76,4.32,-0.72,167.49,1.23,ISS0800,Story,High,10.44,3.12,Update UI,14.91,33.44,28.38,0.85,-0.13,1.24,Fix bug,New module,Refactor,11.52,8.98,Bob,10.34
SP0961,78.82,34.47,25.11,7.06,45.53,2.18,5.23,0.85,David,18.32,63.39,33.8,7.9,1.9,142.56,0.48,ISS0258,Task,High,15.09,5.24,Add feature,22.01,55.85,29.01,-0.03,3.21,0.62,Code cleanup,User request,Performance,7.18,13.71,David,18.36
SP0849,67.62,38.61,53.52,3.07,50.42,1.39,-2.48,0.26,Carol,56.04,44.74,35.16,2.81,4.74,170.69,1.02,ISS0340,Bug,Medium,19.34,2.23,Refactor code,13.91,34.07,38.17,2.28,2.39,0.32,Develop feature,Critical bug,Performance,17.24,2.64,Alice,15.66
SP0760,37.32,28.11,74.89,6.59,63.5,-0.24,10.19,-0.52,David,50.74,49.08,24.86,7.36,2.63,59.64,0.93,ISS0956,Story,High,4.48,1.25,Fix bug,13.56,27.06,30.39,2.91,1.98,0.28,Fix bug,New module,Bug,7.83,9.05,David,13.5
SP0746,54.66,44.82,84.17,5.42,28.36,1.71,3.52,0.29,David,27.51,65.35,41.96,6.0,2.42,131.41,0.43,ISS0663,Task,Low,11.51,8.5,Add feature,22.53,30.99,30.17,6.06,2.0,-0.35,Code cleanup,New module,Refactor,12.01,7.86,David,17.45
SP0485,61.39,58.18,41.22,3.57,40.71,2.23,7.48,-0.09,David,48.75,57.82,38.85,7.42,2.11,119.51,0.86,ISS0513,Story,Medium,18.98,6.8,Fix bug,19.02,31.95,35.48,1.98,-0.04,-0.27,Develop feature,Critical bug,Bug,11.6,2.51,Bob,10.54
SP0320,50.87,46.93,75.69,3.53,46.34,0.7,-2.66,0.22,Alice,40.95,37.82,33.47,5.68,-1.24,27.77,0.19,ISS0460,Story,High,11.34,6.88,Fix bug,10.86,46.15,32.62,2.02,1.11,-0.27,Fix bug,User request,Feature,13.28,8.43,David,4.19
SP0881,61.12,30.99,85.83,4.66,33.23,1.43,4.9,0.4,Bob,39.52,71.39,18.93,2.29,3.04,226.44,0.65,ISS0209,Bug,Low,15.47,0.1,Update UI,16.45,43.08,24.85,2.82,5.12,0.78,Develop feature,New module,Bug,10.57,1.6,Alice,13.16
SP0720,61.38,34.79,67.66,1.92,66.09,1.52,-5.39,-0.34,Bob,40.89,32.88,18.26,2.14,1.86,200.85,0.41,ISS0030,Task,Low,7.67,5.47,Refactor code,25.11,47.59,28.8,-1.85,-0.01,0.5,Improve performance,New module,Refactor,7.26,8.16,Carol,9.13
SP0189,44.9,28.2,89.65,7.18,56.71,1.52,2.22,0.74,Alice,47.88,62.21,42.1,5.14,2.64,75.28,1.48,ISS0188,Story,Low,9.97,7.16,Fix bug,9.77,31.09,27.59,0.16,1.03,0.36,Code cleanup,Tech debt,Bug,17.3,8.68,Carol,22.85
SP0446,49.47,41.09,63.86,1.37,46.65,3.05,-2.9,0.49,David,51.35,49.54,34.0,4.99,0.12,172.63,0.44,ISS0769,Bug,High,5.1,12.83,Fix bug,15.27,32.4,23.7,-0.28,4.31,0.45,Improve performance,Tech debt,Bug,1.27,5.82,Bob,4.68
SP0591,48.45,9.85,79.06,7.97,38.89,2.98,0.52,0.15,Carol,29.18,32.24,44.18,3.96,3.15,123.43,0.86,ISS0082,Story,Low,8.98,8.6,Update UI,27.66,46.62,26.39,-0.83,1.78,0.07,Improve performance,Critical bug,Performance,11.59,10.46,David,11.78
SP0597,41.68,34.18,99.13,0.94,54.81,-0.27,4.75,0.11,David,48.32,38.48,20.98,8.3,1.67,100.89,-0.15,ISS0404,Task,Medium,12.97,9.72,Add feature,21.22,45.36,32.29,3.5,3.26,-0.28,Improve performance,Tech debt,Performance,4.09,8.63,Bob,16.52
SP0165,96.52,41.64,51.56,1.73,25.39,4.45,11.63,-0.12,Bob,41.79,45.77,49.1,6.31,2.45,177.51,0.54,ISS0538,Story,Low,8.86,6.6,Add feature,21.32,37.19,34.9,1.59,2.54,0.83,Fix bug,Tech debt,Bug,16.1,0.82,Alice,23.58
SP0994,29.29,49.15,74.59,2.56,63.1,0.54,1.76,-0.27,Alice,29.09,26.86,39.99,-1.55,0.99,116.98,0.15,ISS0284,Task,Low,12.77,9.17,Update UI,11.68,37.14,29.43,1.99,2.49,1.4,Code cleanup,User request,Refactor,20.38,6.68,Alice,6.74
SP0899,22.14,16.11,38.8,3.28,37.69,2.18,4.95,-0.44,Carol,35.32,39.73,20.13,6.4,0.48,61.36,0.94,ISS0794,Bug,Low,7.55,5.54,Add feature,15.46,41.38,15.98,3.47,2.77,0.57,Develop feature,User request,Refactor,10.58,3.6,Carol,13.46
SP0066,19.15,19.03,58.49,3.29,18.94,-0.88,-2.98,0.4,Alice,50.25,36.56,34.53,7.31,2.66,90.79,0.26,ISS0796,Bug,High,5.74,6.07,Fix bug,9.19,35.67,24.31,3.78,2.36,-0.27,Develop feature,User request,Refactor,17.38,3.58,Carol,10.42
SP0279,36.34,27.78,57.73,5.83,53.03,4.71,5.47,-0.35,Bob,52.24,46.99,29.25,6.87,2.94,186.46,0.74,ISS0806,Bug,High,9.06,0.28,Refactor code,16.31,49.47,25.24,2.12,1.78,-0.04,Code cleanup,Critical bug,Bug,6.33,11.08,Carol,11.75
SP0014,83.82,41.14,79.94,6.72,41.86,0.97,0.95,0.31,Alice,44.23,50.12,41.74,3.15,0.76,108.52,0.6,ISS0643,Story,Low,16.72,1.69,Add feature,11.99,43.03,32.42,1.95,0.73,0.11,Improve performance,New module,Feature,9.6,4.32,Carol,9.07
SP0885,45.29,46.01,59.44,5.71,91.62,0.49,6.08,-0.03,Alice,65.26,44.32,30.96,4.84,1.34,122.15,0.7,ISS0519,Bug,Low,15.58,9.64,Update UI,14.47,56.53,24.36,1.31,1.33,1.09,Code cleanup,Critical bug,Performance,4.28,6.7,Alice,18.31
SP0046,35.86,62.46,72.41,4.89,55.3,0.14,5.95,0.49,Bob,46.62,49.5,36.39,1.26,0.69,123.04,0.65,ISS0538,Task,Low,6.85,6.36,Fix bug,13.64,30.71,19.81,1.03,3.42,0.51,Develop feature,Tech debt,Performance,13.64,5.18,David,6.43
SP0111,80.92,29.0,77.41,5.92,75.51,3.18,-0.62,0.32,David,19.74,46.24,33.46,5.86,2.21,50.91,-0.08,ISS0985,Story,Medium,8.92,9.84,Fix bug,26.4,46.97,30.29,1.87,4.47,0.72,Improve performance,User request,Bug,9.23,0.35,David,16.0
SP0075,76.29,37.82,50.25,1.73,34.18,1.76,-0.24,-0.15,Bob,34.01,14.67,44.97,5.71,0.4,145.88,0.31,ISS0044,Task,Low,12.3,3.22,Add feature,8.88,20.57,24.84,3.7,3.05,0.26,Improve performance,User request,Refactor,12.35,3.87,David,11.01
SP0142,20.11,21.47,67.72,3.31,25.64,4.03,6.28,0.17,Carol,39.49,52.38,35.71,2.25,2.24,153.64,0.96,ISS0711,Task,High,7.23,6.13,Fix bug,6.07,54.87,34.0,4.94,4.75,-0.12,Improve performance,Critical bug,Feature,11.56,4.25,Carol,11.92
SP0946,37.33,19.14,81.5,4.56,55.91,2.76,5.47,0.56,David,27.35,51.84,42.91,7.69,2.97,113.06,1.05,ISS0520,Story,Medium,10.11,0.66,Fix bug,22.5,53.95,35.0,0.66,2.83,0.8,Fix bug,User request,Refactor,10.18,9.17,Carol,20.24
SP0459,61.32,30.59,64.54,5.14,33.75,2.02,6.15,-0.23,David,29.54,65.97,24.54,1.9,5.08,89.38,0.2,ISS0824,Bug,Low,6.98,12.44,Refactor code,11.86,44.49,29.49,0.02,1.29,0.59,Fix bug,Critical bug,Bug,23.7,4.44,Carol,9.36
SP0903,67.91,22.04,40.6,-1.47,60.39,0.38,16.06,0.24,David,25.75,52.54,19.78,1.71,0.94,75.66,-0.19,ISS0319,Story,Low,14.03,8.65,Update UI,17.29,50.06,26.27,3.67,-1.72,0.11,Fix bug,Tech debt,Feature,12.97,12.86,Bob,13.43
SP0220,82.69,38.9,103.91,4.42,63.37,0.58,5.35,0.19,Alice,57.13,29.48,38.3,8.03,3.7,107.77,1.13,ISS0599,Story,High,5.27,3.22,Fix bug,8.49,48.32,24.23,0.16,4.12,-0.19,Improve performance,Tech debt,Refactor,12.04,9.14,Bob,8.17
SP0306,44.5,25.62,83.93,5.22,74.81,2.67,10.55,0.17,Carol,42.1,28.58,45.4,6.59,1.49,134.23,0.2,ISS0792,Task,Medium,11.51,9.86,Add feature,16.49,35.59,30.24,0.63,-0.68,-0.17,Develop feature,Critical bug,Performance,21.35,14.64,David,12.32
SP0372,60.42,50.51,81.35,3.83,56.88,2.92,1.96,1.22,Bob,39.07,54.01,34.34,1.86,3.3,3.79,-0.45,ISS0864,Bug,High,3.5,5.7,Add feature,17.81,47.31,38.42,0.92,0.57,1.1,Fix bug,User request,Refactor,10.31,5.19,Bob,13.46
SP0199,60.83,18.38,88.96,4.19,50.15,1.46,2.58,0.39,Bob,38.92,49.94,26.19,5.81,4.55,141.08,1.7,ISS0170,Bug,High,12.43,5.15,Fix bug,8.21,27.94,29.78,-0.62,2.98,0.06,Fix bug,Critical bug,Bug,23.07,2.14,Bob,10.25
SP0148,22.51,32.9,97.16,0.87,72.32,3.57,1.47,0.23,David,18.03,34.04,34.95,4.33,0.81,-11.23,0.53,ISS0914,Bug,Medium,17.65,8.13,Add feature,8.38,72.97,13.35,3.08,1.11,0.19,Fix bug,New module,Performance,10.02,7.92,Alice,8.43
SP0508,51.14,73.09,46.62,1.13,52.13,3.92,-3.69,-0.41,Bob,38.21,68.97,30.58,4.08,3.34,118.25,0.23,ISS0116,Task,Medium,12.55,14.43,Fix bug,9.94,41.36,40.05,0.53,0.78,-0.37,Code cleanup,Tech debt,Feature,15.07,4.96,David,16.85
SP0669,25.39,24.13,87.46,2.48,39.63,2.13,2.2,-0.15,Alice,37.03,54.0,15.38,3.02,1.02,187.85,0.97,ISS0138,Story,High,3.49,13.56,Add feature,15.25,12.59,27.21,-0.8,0.39,0.17,Code cleanup,New module,Performance,15.26,6.04,David,11.81
SP0902,30.53,30.49,50.17,2.04,60.63,0.96,1.52,0.04,David,53.13,38.62,23.01,4.26,0.69,139.04,0.49,ISS0769,Bug,Medium,13.96,4.04,Fix bug,10.39,27.13,29.51,2.05,0.26,-0.54,Develop feature,New module,Feature,6.88,10.58,Carol,6.89
SP0503,51.85,37.23,56.55,8.47,22.4,4.71,-0.2,0.78,Carol,37.71,60.73,24.71,3.47,1.57,121.39,0.42,ISS0766,Bug,Low,8.33,6.92,Refactor code,13.77,25.13,21.54,0.61,0.42,-0.37,Improve performance,New module,Feature,14.45,8.54,Bob,9.86
SP0196,34.77,47.91,71.79,2.63,36.38,1.74,1.21,0.12,Carol,57.19,49.37,38.79,7.9,1.87,161.86,0.37,ISS0611,Story,Medium,12.03,1.41,Fix bug,25.08,31.27,24.24,3.11,2.26,0.67,Develop feature,Critical bug,Refactor,16.12,7.75,Carol,31.44
SP0416,57.19,34.61,69.33,1.97,25.52,1.98,-5.39,0.26,Alice,51.78,62.92,15.1,5.62,0.7,67.88,-0.1,ISS0640,Bug,Low,5.97,12.3,Fix bug,16.75,34.2,33.16,2.85,1.66,-0.05,Code cleanup,New module,Performance,12.89,3.96,Carol,14.75
SP0629,60.06,33.95,52.77,5.54,48.0,3.76,-0.54,0.56,David,42.21,31.02,43.99,6.71,1.19,143.98,1.14,ISS0349,Bug,High,-0.34,6.0,Add feature,6.2,43.77,25.43,3.74,3.1,0.3,Improve performance,New module,Feature,13.85,4.24,Carol,10.76
SP0888,24.26,46.63,75.36,5.09,54.71,1.8,-5.49,0.35,Bob,33.91,54.61,21.17,7.07,1.74,139.55,-0.0,ISS0960,Story,Medium,12.02,8.09,Update UI,17.23,56.0,44.86,4.0,2.94,0.73,Improve performance,User request,Refactor,6.48,6.43,David,17.43
SP0543,27.79,23.14,43.57,8.51,62.92,2.64,-4.53,0.23,Carol,37.11,48.64,26.4,2.87,2.38,134.22,0.38,ISS0885,Bug,High,16.03,5.29,Fix bug,17.29,28.22,26.92,2.35,2.38,0.83,Fix bug,New module,Feature,13.85,-0.47,David,16.29
SP0108,49.73,18.59,88.54,9.86,13.35,4.54,-4.52,0.03,David,48.17,41.94,37.38,3.26,2.31,190.46,0.27,ISS0155,Bug,Medium,8.39,5.48,Fix bug,20.95,30.22,23.69,2.33,4.05,0.18,Code cleanup,Critical bug,Performance,12.93,4.82,Alice,13.41
SP0144,47.48,26.47,65.67,3.68,41.14,1.72,-0.8,-0.25,Alice,28.7,26.42,22.95,6.18,4.39,77.54,-0.6,ISS0210,Story,Low,8.11,2.43,Refactor code,8.69,64.16,38.57,3.47,1.88,0.3,Improve performance,Critical bug,Refactor,6.0,0.83,Alice,14.66
SP0713,69.56,58.18,84.51,6.59,27.0,1.33,-1.76,0.25,Alice,38.49,60.67,44.44,10.49,-0.99,155.79,0.83,ISS0379,Story,High,9.89,7.7,Update UI,16.08,40.09,19.5,1.95,4.48,0.34,Fix bug,User request,Performance,0.95,9.04,Alice,19.57
SP0525,51.16,64.26,58.44,3.2,44.1,0.3,1.62,0.24,Carol,32.66,49.37,28.7,3.52,3.21,111.42,0.72,ISS0061,Story,Low,7.39,10.18,Fix bug,15.52,31.36,27.37,0.02,3.43,0.9,Develop feature,Tech debt,Refactor,10.55,8.42,Carol,24.79
SP0822,36.17,21.66,77.54,3.68,49.99,1.86,6.2,1.11,David,43.7,46.61,37.17,6.74,2.61,53.97,0.69,ISS0431,Bug,Low,0.07,10.21,Refactor code,16.85,41.35,18.36,4.16,2.69,0.65,Fix bug,User request,Performance,12.69,2.9,David,9.18
SP0134,31.07,48.91,79.28,6.34,43.66,2.72,-2.01,0.71,David,40.02,26.46,18.36,6.29,2.68,174.83,0.47,ISS0956,Story,High,8.72,6.78,Refactor code,14.44,41.4,36.54,3.65,1.86,-0.23,Develop feature,User request,Bug,10.76,4.2,Alice,7.48
SP0469,48.99,47.19,48.14,2.08,19.43,1.6,-7.93,-0.4,Alice,56.18,49.62,37.78,2.53,4.47,107.95,-0.36,ISS0388,Task,Low,8.7,1.04,Add feature,12.85,31.74,17.15,1.16,2.04,0.67,Code cleanup,Critical bug,Performance,18.56,6.38,Carol,13.52
SP0227,57.38,30.97,91.0,4.28,45.96,2.7,5.36,0.39,Alice,33.18,9.51,36.95,2.85,2.18,51.66,0.13,ISS0194,Bug,Low,-3.97,1.21,Refactor code,20.82,60.55,33.01,1.49,5.03,-0.04,Fix bug,New module,Bug,15.46,7.38,Carol,6.96
SP0716,33.3,56.28,64.78,2.51,18.17,2.15,1.93,0.27,Alice,37.5,60.45,29.51,6.32,1.56,219.99,1.13,ISS0853,Task,High,15.29,5.51,Fix bug,19.72,24.49,24.7,0.24,1.5,0.12,Develop feature,New module,Refactor,3.65,4.28,David,16.31
SP0026,73.47,84.55,35.16,6.64,22.18,1.4,8.94,0.98,Carol,47.61,42.07,42.23,6.31,3.4,207.4,-0.23,ISS0416,Bug,High,14.0,3.28,Refactor code,24.14,44.71,28.61,2.93,1.36,0.43,Develop feature,User request,Performance,7.09,7.69,Bob,23.4
SP0234,51.44,50.5,74.34,5.38,21.54,2.79,-2.99,0.55,Alice,27.68,44.93,34.41,5.46,0.95,54.72,0.48,ISS0129,Bug,Medium,10.69,9.13,Fix bug,15.26,31.3,28.79,2.03,1.63,-0.22,Fix bug,User request,Refactor,14.45,4.7,David,11.92
SP0493,44.16,42.37,80.24,9.58,68.98,2.28,4.13,0.67,Alice,25.83,62.55,31.94,4.77,-0.36,192.59,-0.3,ISS0685,Story,Medium,15.07,2.39,Update UI,8.56,56.54,27.43,1.95,1.46,-0.14,Fix bug,Critical bug,Feature,13.39,-2.37,Alice,17.75
SP0056,37.22,29.25,75.62,9.33,46.49,1.91,1.87,-0.09,Carol,26.62,22.44,50.55,6.14,3.23,243.62,1.04,ISS0844,Bug,High,11.96,8.42,Refactor code,19.34,24.99,29.54,2.19,3.62,0.63,Develop feature,Critical bug,Performance,3.48,19.91,Alice,7.74
SP0481,59.59,47.35,56.64,10.79,63.88,1.84,-6.09,0.44,Carol,42.6,65.5,38.2,1.81,2.12,125.91,0.48,ISS0228,Story,High,-0.22,3.32,Add feature,9.47,50.98,27.67,4.31,1.95,0.98,Fix bug,New module,Performance,15.35,7.92,Bob,19.45
SP0755,69.46,57.52,72.49,8.31,68.85,2.65,4.21,0.83,David,47.44,37.26,33.26,6.22,2.19,36.63,0.09,ISS0050,Bug,Low,10.44,3.0,Refactor code,18.7,34.92,40.07,0.85,4.09,0.23,Code cleanup,New module,Performance,18.32,9.28,David,11.64
SP0607,68.48,40.15,79.05,6.39,42.07,2.32,-1.73,1.02,Bob,27.46,59.11,46.18,3.79,1.31,217.19,0.55,ISS0360,Task,Low,18.98,4.37,Update UI,2.69,47.75,30.7,0.06,4.82,0.26,Fix bug,User request,Performance,18.78,-2.21,David,16.99
SP0732,40.41,8.46,98.38,3.75,43.77,-1.73,13.91,-0.36,Carol,42.29,26.22,29.89,4.75,2.76,155.05,1.34,ISS0248,Task,High,11.12,7.19,Update UI,15.36,62.37,21.0,0.63,1.47,0.13,Improve performance,Critical bug,Bug,10.58,4.72,Alice,7.85
SP0374,61.33,26.41,59.84,3.48,74.94,2.54,1.21,0.34,Bob,38.93,27.31,32.81,7.57,1.14,216.96,-0.13,ISS0713,Story,Medium,10.95,7.67,Fix bug,27.15,25.41,22.2,1.81,2.18,0.44,Develop feature,Critical bug,Performance,12.82,15.16,David,8.43
SP0743,9.9,59.26,93.57,5.15,47.45,-0.55,0.9,0.82,Alice,21.87,58.88,36.66,5.96,-1.03,233.97,0.83,ISS0534,Story,High,11.42,7.16,Add feature,19.24,21.26,38.61,1.53,3.45,0.63,Code cleanup,Tech debt,Refactor,11.94,7.71,Bob,6.59
SP0484,58.93,37.51,41.57,3.22,29.97,1.04,-7.7,0.41,David,32.82,38.04,14.65,9.81,1.96,192.21,1.2,ISS0972,Story,Medium,11.36,6.22,Update UI,9.15,43.76,40.02,2.17,0.25,-0.17,Fix bug,User request,Performance,14.51,4.63,David,6.35
SP0987,44.03,17.66,61.68,5.93,72.1,2.92,-4.08,0.43,David,36.88,67.78,40.64,7.0,-1.77,81.6,0.09,ISS0478,Story,Medium,8.38,12.22,Add feature,18.86,35.75,19.35,4.9,-1.0,-0.04,Improve performance,New module,Refactor,19.37,12.48,Bob,15.56
SP0940,34.23,39.76,76.16,1.96,48.21,1.12,-4.24,1.01,Bob,35.72,55.09,31.63,8.08,2.3,90.34,1.49,ISS0691,Task,High,19.51,8.58,Fix bug,8.61,37.39,26.62,3.11,4.66,0.64,Fix bug,Tech debt,Feature,20.45,0.73,Alice,18.13
SP0984,48.8,60.61,59.73,7.58,37.63,2.41,4.89,0.51,Carol,41.79,34.04,29.63,6.74,1.03,151.52,0.75,ISS0177,Story,High,18.5,4.83,Fix bug,10.54,53.92,19.92,2.36,2.51,1.12,Improve performance,Critical bug,Performance,4.06,8.23,Alice,12.23
SP0980,44.2,68.96,56.46,6.56,51.75,0.28,1.66,0.29,Alice,34.83,60.66,37.74,2.82,2.07,139.93,0.97,ISS0494,Bug,Low,15.29,15.89,Update UI,22.62,44.11,26.83,1.4,-0.06,0.56,Develop feature,Tech debt,Bug,12.43,4.55,Alice,0.44
SP0336,28.85,31.19,65.99,3.92,50.59,2.36,-6.81,0.4,Bob,24.98,46.63,32.62,5.5,0.76,159.7,0.79,ISS0855,Task,Low,15.01,10.57,Fix bug,20.41,38.69,28.52,1.44,1.14,0.37,Code cleanup,Critical bug,Refactor,2.6,11.42,Carol,7.98
SP0033,65.1,11.97,49.05,2.16,38.76,1.84,7.32,0.74,Bob,46.85,43.95,31.49,11.36,2.52,142.23,1.35,ISS0553,Task,Medium,9.74,3.82,Add feature,4.46,40.89,21.58,0.64,1.81,0.04,Develop feature,User request,Bug,16.78,5.92,Alice,10.64
SP0463,50.69,38.51,73.1,3.97,33.34,2.01,-1.14,0.25,Alice,32.14,39.18,34.54,6.72,-0.33,67.82,0.26,ISS0935,Task,Low,12.14,10.98,Add feature,19.31,23.88,24.08,0.36,2.22,-0.34,Code cleanup,Tech debt,Performance,7.36,7.13,Bob,17.52
SP0303,53.45,48.52,61.9,3.89,56.78,4.16,0.07,0.27,Alice,23.92,44.08,31.41,7.66,0.35,238.97,0.21,ISS0012,Story,Low,13.3,8.24,Update UI,19.71,43.03,29.88,1.67,0.98,0.04,Fix bug,User request,Refactor,18.01,11.45,Carol,12.68
SP0841,75.43,20.34,84.69,9.27,43.76,2.4,6.24,0.17,Carol,14.06,32.25,33.64,8.59,-1.18,139.76,1.09,ISS0229,Task,High,4.51,14.97,Add feature,16.36,35.16,44.64,1.63,1.68,0.14,Develop feature,User request,Refactor,16.89,6.12,David,14.45
SP0334,65.8,46.98,69.48,2.69,37.69,0.87,-0.87,0.02,David,40.91,65.75,38.46,4.14,2.31,121.61,0.82,ISS0052,Bug,Medium,17.33,4.25,Fix bug,11.7,35.43,36.92,-1.46,0.62,0.69,Develop feature,Critical bug,Feature,8.19,8.42,David,4.88
SP0303,69.47,18.44,66.99,-1.07,54.96,2.5,8.85,0.04,Bob,66.87,53.44,42.67,4.32,1.02,58.81,0.61,ISS0119,Bug,Low,1.7,4.62,Add feature,15.12,27.6,32.88,1.54,4.73,0.17,Improve performance,User request,Performance,10.5,13.21,Carol,10.27
SP0195,68.86,33.19,64.36,2.12,66.3,1.13,0.2,-0.38,Alice,30.14,66.61,39.78,2.74,2.22,146.07,0.18,ISS0162,Story,Medium,10.51,4.35,Refactor code,22.85,26.68,32.4,0.43,0.02,0.08,Fix bug,User request,Performance,20.55,9.49,Carol,13.24
SP0252,31.35,53.32,46.26,2.2,61.46,1.49,7.12,0.15,David,30.86,23.45,30.79,6.73,0.47,345.88,0.94,ISS0854,Bug,Medium,14.0,7.9,Refactor code,5.33,33.72,21.2,0.75,3.52,0.25,Fix bug,User request,Feature,5.63,12.91,Bob,18.27
SP0146,45.76,55.98,91.24,4.95,71.95,1.09,4.5,-0.23,Alice,48.2,26.42,23.37,7.68,2.91,-14.39,0.6,ISS0856,Story,Low,3.53,11.44,Add feature,9.05,34.09,18.61,1.81,2.33,0.22,Fix bug,New module,Refactor,5.87,1.96,Alice,7.26
SP0825,32.25,11.67,103.35,2.0,51.04,3.0,8.7,-0.03,Bob,55.9,30.74,27.73,6.71,1.47,159.45,0.46,ISS0354,Task,High,10.91,5.67,Add feature,14.8,52.72,29.44,1.61,2.83,0.65,Fix bug,Critical bug,Refactor,9.46,6.63,Alice,14.26
SP0690,53.36,17.48,65.71,4.72,41.18,3.3,2.0,0.31,Bob,42.67,36.1,25.66,5.48,1.95,94.85,0.12,ISS0404,Story,Medium,4.87,9.73,Refactor code,5.8,36.39,31.12,2.99,2.81,-0.32,Improve performance,New module,Refactor,9.83,-0.54,Bob,12.45
SP0034,38.58,40.25,72.35,7.5,88.64,2.46,2.51,-0.25,Carol,54.52,26.47,37.56,3.6,2.09,113.92,1.25,ISS0491,Bug,Medium,-0.45,4.78,Fix bug,7.19,38.75,26.1,0.4,2.61,0.02,Improve performance,Critical bug,Bug,11.08,7.84,Bob,7.76
SP0878,44.77,24.62,36.16,9.41,49.98,1.03,2.95,0.34,Carol,23.27,35.17,29.29,5.05,0.65,100.77,0.63,ISS0528,Story,Low,5.37,8.2,Fix bug,19.13,47.38,10.62,2.95,0.01,0.75,Develop feature,New module,Bug,9.95,10.23,Bob,16.21
SP0420,53.25,33.1,62.88,2.91,45.16,-0.26,-6.25,-0.08,Carol,27.07,36.24,34.66,3.26,2.93,176.75,0.43,ISS0184,Task,High,5.43,6.99,Update UI,17.69,36.78,26.56,1.38,4.83,0.52,Develop feature,Tech debt,Performance,5.6,8.38,Bob,15.65
SP0853,44.59,35.89,75.78,4.33,58.54,2.87,6.16,-0.4,Carol,14.49,59.61,31.66,4.87,1.66,195.47,-0.04,ISS0195,Bug,High,11.2,11.22,Update UI,13.08,41.32,33.05,3.58,4.15,0.53,Code cleanup,User request,Refactor,13.48,4.19,David,18.37
SP0596,46.2,53.95,66.41,1.09,25.66,1.84,-0.58,0.42,Bob,22.74,23.59,36.84,6.81,3.04,124.22,0.69,ISS0254,Story,Medium,3.29,7.62,Refactor code,16.25,48.49,38.23,1.86,4.01,0.18,Fix bug,Critical bug,Performance,7.16,8.07,David,19.24
SP0083,27.93,0.31,81.37,2.09,9.78,0.74,1.6,0.66,Bob,38.12,45.14,46.32,9.62,4.62,99.45,0.93,ISS0480,Bug,High,10.41,10.01,Refactor code,16.23,22.12,21.58,3.59,3.31,0.6,Develop feature,User request,Refactor,4.55,4.07,Carol,0.68
SP0787,57.59,52.85,58.18,6.47,54.81,3.35,-0.92,0.53,Alice,43.24,21.81,31.4,2.35,2.09,214.07,0.55,ISS0322,Task,High,16.01,4.38,Update UI,19.16,39.24,31.01,3.34,3.23,0.31,Fix bug,New module,Refactor,10.51,6.71,Bob,13.38
SP0065,71.1,47.51,75.9,2.27,30.51,3.54,-1.44,0.27,David,24.01,29.39,30.62,2.74,-0.22,34.18,0.11,ISS0008,Bug,Low,11.86,5.0,Update UI,14.29,30.23,20.27,2.69,3.84,0.06,Code cleanup,User request,Refactor,3.6,6.02,David,20.68
SP0391,45.57,65.25,81.65,7.63,31.78,4.81,0.73,0.91,Bob,36.22,56.76,28.58,3.17,2.45,228.47,1.39,ISS0041,Story,Medium,16.86,4.57,Update UI,14.68,23.5,29.34,2.37,3.77,0.04,Develop feature,Tech debt,Bug,-2.77,6.86,David,17.21
SP0089,50.84,13.92,78.16,6.4,48.62,-0.05,5.81,-0.1,David,12.71,56.71,25.42,5.54,0.57,173.93,0.03,ISS0086,Bug,High,9.02,10.08,Fix bug,15.35,43.65,18.55,-0.45,0.69,1.21,Fix bug,Critical bug,Refactor,15.84,6.62,Carol,11.3
SP0035,54.4,26.97,58.33,3.08,25.81,3.06,9.66,0.62,Carol,36.99,60.08,37.36,4.63,2.12,262.07,1.3,ISS0548,Task,Low,17.15,12.02,Refactor code,9.9,20.15,30.96,0.7,-0.59,-0.68,Code cleanup,New module,Refactor,12.16,6.33,David,21.09
SP0795,37.73,34.22,75.97,2.64,33.84,1.9,3.76,-0.17,Alice,29.27,26.01,15.94,0.14,1.91,135.58,0.9,ISS0745,Task,Low,1.2,8.02,Fix bug,15.18,42.22,25.01,1.16,-0.14,0.46,Develop feature,Tech debt,Performance,17.45,17.26,Carol,9.66
SP0363,13.29,41.6,39.09,4.34,75.06,3.36,1.91,-0.1,Alice,27.02,52.14,37.89,5.27,-0.53,262.81,0.49,ISS0681,Story,High,15.77,5.94,Update UI,12.12,43.8,32.82,0.3,1.68,0.8,Develop feature,New module,Performance,11.5,16.57,Carol,9.22
SP0140,42.31,20.27,64.65,1.7,16.28,3.47,7.36,1.25,Bob,37.28,55.84,35.13,6.59,0.94,123.75,0.41,ISS0456,Task,Low,12.6,0.36,Refactor code,20.29,19.78,23.82,1.84,1.97,0.82,Fix bug,Tech debt,Performance,21.26,9.19,Bob,13.46
SP0763,14.44,10.26,72.39,4.85,69.57,3.08,6.0,-0.04,Bob,46.85,44.4,36.14,5.3,2.39,95.22,1.53,ISS0778,Task,High,8.81,4.57,Update UI,12.49,39.14,34.41,2.65,2.51,-0.22,Fix bug,Critical bug,Bug,14.02,9.83,Alice,18.26
SP0909,51.22,42.93,63.29,-1.01,77.22,2.79,-3.32,0.7,Bob,58.69,35.52,38.14,3.73,3.37,196.38,1.08,ISS0126,Bug,High,14.52,9.2,Refactor code,26.24,61.56,22.75,0.03,0.53,-0.4,Code cleanup,Critical bug,Refactor,15.61,4.56,Alice,0.5
SP0477,75.32,-14.71,81.86,1.07,51.13,1.35,0.91,0.25,David,54.94,36.91,35.15,3.48,-0.27,157.71,0.77,ISS0705,Story,Medium,21.25,8.25,Refactor code,13.16,36.53,31.38,3.32,4.7,0.2,Improve performance,Critical bug,Bug,9.7,8.81,David,8.72
SP0244,29.31,53.41,91.46,9.25,44.57,1.67,-4.09,-0.16,Bob,37.08,34.47,29.45,5.38,0.11,114.16,1.08,ISS0795,Task,Medium,10.07,6.79,Fix bug,19.76,37.85,28.8,2.51,2.36,0.72,Code cleanup,User request,Refactor,20.02,8.38,Alice,9.07
SP0112,61.74,47.97,62.25,8.4,65.08,3.8,-6.0,-0.24,David,16.16,28.71,44.52,5.75,2.48,140.73,-0.37,ISS0668,Bug,Low,22.07,12.63,Fix bug,12.08,33.06,28.12,4.85,-0.25,0.45,Code cleanup,New module,Bug,15.97,12.27,David,16.05
SP0551,51.94,47.08,31.26,6.38,47.43,0.41,5.51,0.79,Alice,51.5,32.11,31.29,5.84,1.62,241.56,-0.16,ISS0635,Story,High,7.58,5.54,Fix bug,19.04,44.84,28.69,0.55,0.34,0.03,Code cleanup,User request,Performance,13.44,7.34,David,15.53
SP0343,22.4,22.64,61.87,1.91,59.48,0.89,-0.55,-0.0,Carol,52.69,48.76,27.32,-0.14,4.76,29.79,0.87,ISS0933,Bug,Low,10.38,7.15,Fix bug,13.32,11.94,16.89,3.47,3.11,-0.53,Fix bug,New module,Feature,18.99,10.31,Alice,19.46
SP0290,55.81,18.48,91.42,7.26,33.42,1.41,5.45,0.2,Alice,19.61,47.62,25.15,5.51,-0.43,111.84,1.09,ISS0292,Bug,High,20.09,4.95,Update UI,16.33,50.77,35.05,1.22,1.01,0.24,Develop feature,Tech debt,Performance,10.76,8.41,Bob,5.79
SP0663,73.08,18.7,63.24,4.58,46.56,0.93,7.93,0.2,Carol,10.5,53.65,36.92,3.88,3.54,54.93,0.74,ISS0270,Story,High,10.08,2.64,Add feature,15.57,11.91,24.46,4.5,0.86,0.22,Improve performance,New module,Performance,17.82,3.57,Bob,22.57
SP0157,27.85,29.79,56.72,6.84,64.76,2.11,1.46,-0.17,Bob,17.97,59.71,45.29,4.61,1.58,101.63,1.63,ISS0178,Task,High,10.89,11.49,Fix bug,12.55,36.2,31.44,2.04,0.58,0.36,Develop feature,Critical bug,Feature,15.33,5.62,David,17.76
SP0838,28.9,47.92,39.17,7.37,53.94,0.29,3.95,0.33,Alice,47.49,46.02,42.84,4.75,2.38,106.83,-0.08,ISS0795,Task,Low,18.81,9.13,Fix bug,10.03,22.28,34.0,0.2,3.53,0.08,Fix bug,Critical bug,Bug,5.75,9.88,David,10.06
SP0136,7.34,28.07,71.22,0.28,24.61,2.45,0.18,-0.09,Alice,50.12,37.85,24.63,2.56,3.17,181.83,0.53,ISS0952,Task,Low,14.49,3.75,Update UI,10.46,11.08,21.26,0.99,1.28,0.26,Fix bug,User request,Refactor,6.74,0.49,David,2.78
SP0420,52.82,42.42,87.6,1.89,69.63,3.46,1.12,-0.03,Bob,43.69,55.6,38.1,5.46,3.27,202.08,1.32,ISS0922,Story,Medium,14.78,2.78,Update UI,-2.42,23.77,39.77,1.71,1.72,0.34,Code cleanup,New module,Bug,12.14,1.84,Carol,13.43
SP0039,69.05,16.47,85.6,4.91,46.98,0.64,-6.53,-0.23,Carol,30.42,43.29,26.78,5.39,2.3,161.57,0.82,ISS0333,Bug,High,16.0,0.51,Fix bug,17.41,30.45,22.75,3.09,2.69,0.09,Improve performance,New module,Refactor,13.81,8.64,Carol,23.25
SP0711,59.22,30.85,57.45,10.8,49.65,1.07,-0.87,0.48,David,34.36,37.75,42.88,8.67,3.68,125.0,0.36,ISS0620,Bug,Low,14.32,9.65,Fix bug,9.12,36.68,19.76,0.41,-0.46,-0.13,Improve performance,Critical bug,Feature,7.59,6.84,Bob,19.15
SP0268,50.64,29.2,88.18,6.65,31.61,-0.86,-5.48,0.31,Carol,30.1,18.26,28.24,5.4,1.08,182.48,0.59,ISS0258,Bug,Low,17.24,5.99,Add feature,14.19,54.45,24.89,2.85,0.3,0.61,Code cleanup,User request,Bug,4.91,4.6,David,11.36
SP0471,74.33,1.39,84.14,3.05,48.5,0.33,-0.07,0.5,Alice,30.71,54.26,30.28,5.26,3.47,85.46,0.25,ISS0565,Story,High,12.76,1.4,Add feature,16.95,26.21,27.57,5.92,2.46,-0.56,Develop feature,New module,Refactor,14.15,10.95,Alice,3.27
SP0148,55.28,39.96,62.5,3.55,64.64,0.39,7.88,0.34,Alice,33.97,22.98,28.34,4.62,2.4,56.8,0.42,ISS0910,Bug,Medium,15.57,4.62,Fix bug,6.06,45.86,31.54,0.85,1.05,0.57,Fix bug,Critical bug,Bug,10.58,4.59,David,13.92
SP0348,49.54,23.22,86.48,5.47,50.77,4.51,2.88,0.47,David,53.51,38.69,39.45,8.33,2.95,152.33,1.21,ISS0237,Task,High,13.35,5.09,Fix bug,12.21,18.1,20.68,2.64,2.15,-0.02,Code cleanup,New module,Bug,-2.09,0.95,Alice,14.5
SP0051,65.84,4.43,73.8,-0.16,56.73,2.88,-2.74,-0.18,Carol,40.07,64.02,35.42,5.65,3.0,195.38,0.84,ISS0430,Story,Medium,10.61,8.86,Update UI,23.17,21.53,25.96,1.79,3.9,-0.34,Code cleanup,Tech debt,Feature,13.4,6.48,Bob,9.97
SP0261,64.96,43.24,41.21,0.6,42.89,0.85,-0.03,0.18,Alice,27.7,27.95,50.59,4.21,2.36,207.16,0.64,ISS0954,Bug,High,12.86,8.62,Fix bug,16.24,32.53,30.44,1.0,3.73,-0.29,Develop feature,User request,Bug,10.4,-1.26,Bob,12.2
SP0384,44.91,29.99,39.04,5.59,60.33,2.34,8.95,0.45,Alice,39.86,43.9,51.36,4.22,1.58,187.89,0.72,ISS0551,Bug,High,6.31,7.13,Update UI,13.56,35.94,21.3,1.59,1.73,0.25,Improve performance,New module,Refactor,15.13,9.62,Alice,3.36
SP0439,43.86,51.68,57.29,-1.65,73.77,0.49,5.25,0.67,David,40.14,57.48,49.21,2.78,1.48,138.55,1.05,ISS0822,Task,Low,18.3,-3.51,Refactor code,16.98,31.57,39.98,0.85,4.61,0.8,Fix bug,New module,Performance,1.59,7.13,Alice,8.29
SP0766,64.68,28.4,24.3,2.73,50.55,0.95,-1.74,-0.17,Carol,37.02,42.17,41.22,6.65,2.55,194.13,1.03,ISS0986,Bug,Low,10.76,0.22,Add feature,16.38,21.0,15.18,0.18,1.38,0.75,Code cleanup,Tech debt,Feature,5.76,2.29,Carol,13.73
SP0939,28.48,34.58,62.96,4.81,47.68,3.34,6.43,0.54,David,39.83,61.82,33.06,8.24,1.52,74.35,0.52,ISS0277,Story,High,12.04,3.1,Refactor code,21.25,44.18,26.05,4.35,2.08,0.8,Code cleanup,New module,Refactor,13.4,0.78,Bob,27.13
SP0872,36.83,58.55,83.62,5.06,52.29,4.05,-5.1,0.64,Carol,33.95,34.1,38.58,7.76,0.84,166.27,0.36,ISS0549,Task,High,12.5,3.07,Update UI,15.23,49.93,31.8,1.22,2.54,0.19,Develop feature,New module,Bug,10.83,13.76,Bob,10.99
SP0102,50.79,3.88,32.42,-0.47,62.06,1.64,5.9,-0.47,Bob,33.69,57.59,32.98,10.38,2.57,126.86,0.93,ISS0149,Bug,High,12.09,-0.23,Refactor code,16.2,63.49,16.71,2.58,2.32,-0.43,Improve performance,Critical bug,Refactor,13.89,6.49,Carol,10.4
SP0043,48.79,34.47,65.8,3.07,53.53,0.81,2.55,0.17,Alice,44.4,60.69,42.32,2.75,2.92,185.9,0.43,ISS0083,Bug,Low,12.2,6.22,Refactor code,17.23,32.94,21.46,4.79,0.28,-0.9,Improve performance,New module,Bug,8.86,5.9,Carol,16.4
SP0267,39.14,38.61,71.96,4.15,54.06,1.18,3.27,0.46,Carol,45.33,51.42,38.07,5.85,1.62,156.01,0.43,ISS0534,Bug,Low,4.55,3.53,Add feature,21.05,47.91,30.72,0.99,1.39,0.51,Fix bug,User request,Refactor,14.3,8.41,David,5.56
SP0560,55.57,17.51,102.11,4.23,50.63,3.9,5.8,0.04,David,26.4,71.96,32.93,5.31,4.12,120.23,0.34,ISS0129,Task,Medium,18.69,4.44,Update UI,7.3,31.9,28.54,2.09,2.89,-0.16,Fix bug,New module,Feature,4.05,7.8,Carol,17.82
SP0589,74.99,43.99,71.77,3.92,52.85,3.74,1.09,0.48,Bob,54.65,46.59,31.57,5.62,2.58,147.21,0.94,ISS0339,Story,Medium,14.08,5.13,Update UI,7.05,46.07,17.16,3.49,1.72,0.05,Code cleanup,Tech debt,Bug,6.32,4.67,Bob,22.72
SP0320,51.57,33.83,91.39,0.94,32.55,1.03,5.77,0.14,Alice,42.78,45.85,23.07,3.57,2.67,-16.66,0.34,ISS0370,Task,Low,15.59,5.09,Refactor code,27.24,23.13,34.44,1.4,4.16,0.83,Improve performance,User request,Bug,8.68,10.01,Alice,22.31
SP0701,56.37,17.96,80.52,0.33,57.28,1.12,3.69,0.8,Carol,49.24,57.13,30.11,2.31,4.19,129.12,0.69,ISS0503,Story,Low,13.99,6.05,Update UI,15.47,45.34,18.97,2.84,2.01,-0.18,Improve performance,New module,Refactor,12.92,5.99,Alice,12.85
SP0550,39.78,37.59,69.99,5.86,82.56,2.18,5.4,0.27,David,32.41,70.65,56.25,5.42,3.83,58.02,-0.07,ISS0901,Bug,Medium,8.35,5.47,Fix bug,24.11,38.11,29.02,3.0,0.91,0.14,Improve performance,User request,Bug,8.33,10.49,Carol,10.5
SP0568,20.87,41.74,60.05,6.74,23.54,3.69,2.03,0.09,David,34.72,48.86,46.07,3.95,1.75,102.63,1.19,ISS0067,Bug,Low,7.88,0.68,Fix bug,6.6,32.53,24.5,1.97,2.14,-0.24,Code cleanup,Tech debt,Performance,11.03,3.75,Bob,12.45
SP0972,19.53,29.05,77.28,6.95,48.31,-0.81,0.79,0.07,David,29.36,56.37,29.33,0.76,0.61,79.66,0.16,ISS0041,Bug,Medium,-4.02,6.25,Add feature,18.1,35.89,28.1,1.79,2.7,0.1,Fix bug,Tech debt,Refactor,7.86,2.73,Bob,17.73
SP0597,77.83,5.7,56.49,4.72,65.05,5.41,-1.91,0.82,David,30.44,30.87,28.05,8.22,1.62,98.8,1.37,ISS0608,Story,Medium,13.1,6.24,Add feature,20.42,45.29,30.98,1.65,0.49,0.79,Improve performance,New module,Performance,8.66,3.47,Carol,15.6
SP0022,68.54,24.51,55.07,5.12,71.52,2.85,10.25,0.56,David,39.12,47.68,44.1,5.79,1.07,196.22,-0.32,ISS0124,Story,Low,16.58,1.27,Add feature,8.75,55.48,23.26,1.9,1.01,-0.03,Code cleanup,User request,Feature,12.2,3.76,Alice,14.96
SP0426,74.18,36.15,79.3,1.33,48.36,2.1,3.48,-0.07,David,31.18,30.25,32.34,-0.08,1.79,203.76,0.08,ISS0929,Story,Low,4.88,6.62,Add feature,17.04,54.91,24.45,2.75,0.54,0.91,Fix bug,Critical bug,Performance,8.9,5.49,David,16.64
SP0762,20.41,41.69,48.03,0.11,46.81,0.72,1.7,0.92,Alice,35.14,41.65,38.47,8.98,4.18,71.7,-0.41,ISS0465,Story,High,14.78,8.47,Fix bug,22.45,35.09,29.34,2.7,3.53,0.6,Develop feature,User request,Refactor,-0.58,10.23,Carol,11.84
SP0399,57.67,29.71,62.31,6.45,64.2,2.49,11.44,0.01,David,39.07,28.72,29.36,4.63,0.73,117.88,1.16,ISS0265,Task,High,1.11,9.46,Update UI,0.47,41.07,24.67,1.32,3.95,0.3,Improve performance,Critical bug,Bug,14.8,6.13,David,10.88
SP0828,62.05,42.16,56.14,-0.29,50.63,-0.72,1.46,0.65,Carol,29.21,49.34,34.45,7.57,1.89,56.6,1.35,ISS0014,Task,Low,9.2,8.11,Refactor code,20.19,42.71,19.97,3.12,2.11,0.16,Code cleanup,Critical bug,Bug,-0.29,2.19,David,14.17
SP0150,41.96,61.82,96.81,5.46,65.79,1.74,-3.59,-0.61,Carol,63.06,17.02,39.12,11.27,2.52,144.4,1.28,ISS0886,Task,Low,1.42,5.3,Fix bug,8.83,34.41,26.1,0.5,3.08,0.19,Code cleanup,Tech debt,Refactor,13.66,7.92,Carol,28.86
SP0045,47.63,46.63,65.72,5.9,30.7,-1.21,-2.89,0.76,David,29.24,28.25,34.75,4.9,-0.36,167.67,0.46,ISS0936,Bug,Low,9.95,11.2,Add feature,24.55,36.59,32.94,3.49,-0.84,0.31,Code cleanup,Tech debt,Bug,-1.44,9.97,Alice,1.96
SP0927,48.89,28.98,70.81,5.71,75.26,-2.91,0.01,0.47,Bob,36.97,28.34,41.67,6.6,1.37,195.46,-0.22,ISS0125,Bug,Low,13.59,4.89,Add feature,12.32,55.42,38.81,3.12,4.75,0.59,Develop feature,New module,Feature,15.08,9.25,Bob,3.34
SP0013,58.4,60.07,85.14,2.52,89.32,1.03,2.43,-0.3,Carol,39.36,21.23,33.36,8.27,0.4,21.76,1.25,ISS0799,Story,High,6.76,7.0,Fix bug,21.33,26.03,30.43,3.16,2.24,0.13,Improve performance,Critical bug,Refactor,-0.39,5.76,Alice,13.38
SP0609,69.83,33.99,97.58,3.0,27.06,2.24,3.52,-0.45,David,35.81,43.74,11.01,3.59,0.82,15.37,0.21,ISS0349,Task,Low,8.54,11.58,Refactor code,26.82,25.41,31.38,1.87,1.92,0.15,Code cleanup,Tech debt,Refactor,16.93,4.89,Bob,17.43
SP0041,74.93,40.63,52.42,5.13,53.43,-0.19,-1.51,1.15,David,47.32,36.91,27.55,2.07,-0.0,136.3,0.11,ISS0350,Story,Medium,7.92,10.69,Refactor code,26.22,30.01,28.12,1.47,2.08,-0.29,Improve performance,Critical bug,Feature,5.96,9.09,David,3.82
SP0266,63.39,33.56,97.86,2.21,33.87,2.3,-0.13,0.36,David,63.34,51.43,38.2,6.11,3.1,208.6,0.88,ISS0875,Task,Medium,13.32,9.24,Update UI,11.59,55.26,24.93,-0.42,3.12,0.57,Improve performance,User request,Feature,21.15,8.46,Alice,9.31
SP0709,65.89,42.84,65.4,4.34,59.26,0.61,0.35,0.31,Carol,27.85,59.08,44.81,4.39,2.52,147.99,1.02,ISS0486,Story,Low,17.51,7.39,Add feature,16.09,42.22,24.52,4.44,3.82,0.62,Improve performance,New module,Refactor,16.76,4.03,Alice,1.02
SP0372,57.57,13.07,49.99,1.32,58.94,2.88,1.7,0.41,David,25.79,58.18,49.98,-3.07,2.98,169.8,1.86,ISS0045,Task,Low,1.26,8.1,Refactor code,13.02,61.68,18.28,0.64,0.97,0.98,Code cleanup,User request,Feature,18.47,5.22,Alice,21.62
SP0129,18.48,40.6,55.25,6.39,53.86,2.87,2.65,0.16,Alice,30.98,45.3,40.37,5.38,1.38,111.48,0.8,ISS0602,Task,High,14.39,8.38,Add feature,6.73,48.01,37.11,5.53,2.46,0.34,Code cleanup,New module,Refactor,7.11,4.64,Alice,8.29
SP0834,69.66,43.13,59.91,5.93,68.47,0.05,2.87,-0.87,Bob,38.01,23.81,42.15,1.3,3.97,202.56,0.57,ISS0599,Task,Medium,16.01,9.42,Fix bug,15.98,37.16,17.89,3.35,1.07,-0.56,Develop feature,Tech debt,Refactor,18.81,3.18,Carol,12.2
SP0832,44.51,75.11,84.81,7.23,49.31,2.76,7.05,0.93,Alice,46.4,17.21,17.26,5.03,3.14,54.0,0.24,ISS0521,Bug,Low,3.22,7.56,Update UI,16.77,44.15,23.48,1.28,2.91,0.47,Fix bug,Tech debt,Performance,5.14,3.74,Alice,13.04
SP0697,57.37,39.54,60.55,6.02,26.61,-0.1,8.81,0.57,Alice,40.25,39.98,26.62,3.03,2.51,185.28,1.83,ISS0699,Task,Medium,9.1,2.36,Update UI,17.95,37.32,35.54,3.47,3.89,0.12,Code cleanup,User request,Refactor,8.86,10.74,Bob,9.49
SP0696,19.76,31.31,91.11,6.28,69.2,2.26,10.81,0.22,Bob,47.11,60.65,46.86,2.51,-0.04,171.41,0.33,ISS0313,Story,Low,16.21,13.79,Update UI,8.75,22.56,28.52,0.25,-0.36,-0.43,Improve performance,User request,Bug,5.83,8.03,David,9.89
SP0488,36.61,30.23,42.4,5.37,58.81,0.76,3.98,0.48,Carol,16.48,41.21,26.22,5.3,1.7,142.24,0.7,ISS0565,Bug,Medium,-4.12,6.38,Add feature,17.32,28.08,26.58,2.44,2.59,0.11,Develop feature,Tech debt,Bug,6.82,5.31,David,5.43
SP0538,45.13,40.12,82.59,5.8,67.56,2.56,1.34,0.47,Bob,30.42,53.49,29.91,3.88,6.08,98.67,0.09,ISS0487,Bug,High,11.28,5.92,Update UI,12.06,7.11,31.23,2.03,2.58,1.23,Code cleanup,New module,Feature,13.94,2.05,Bob,29.07
SP0265,21.72,35.31,81.97,8.62,55.55,4.21,0.71,-0.18,David,54.83,53.81,43.19,5.23,0.42,204.64,0.66,ISS0742,Story,Low,20.99,4.21,Update UI,13.9,53.99,25.04,2.05,1.47,0.68,Develop feature,New module,Bug,14.11,6.14,Bob,19.29
SP0785,33.82,26.34,45.24,4.77,56.97,0.44,-1.58,0.85,Alice,43.18,43.86,30.16,9.67,0.22,65.13,-0.56,ISS0261,Bug,Low,4.96,5.66,Fix bug,17.41,29.62,23.98,3.5,1.96,-0.07,Fix bug,New module,Performance,13.46,0.42,David,9.19
SP0265,72.52,54.08,57.25,2.25,76.53,0.73,3.37,0.01,Alice,44.12,41.67,31.75,5.31,2.89,120.38,1.44,ISS0114,Task,Low,-1.43,2.38,Refactor code,16.71,42.76,30.92,2.64,2.14,0.62,Improve performance,User request,Feature,23.05,4.23,Carol,13.48
SP0281,64.26,16.78,112.58,6.47,15.19,2.47,-4.05,0.19,Bob,33.29,65.44,26.89,6.62,1.6,183.76,1.31,ISS0569,Task,Medium,9.57,2.33,Update UI,9.96,38.6,31.79,4.79,-0.23,0.87,Code cleanup,Critical bug,Performance,9.85,4.73,Bob,11.43
SP0782,75.06,56.93,28.79,3.69,47.54,2.92,3.83,-0.08,Alice,39.43,41.0,37.7,8.1,2.88,-4.17,-0.13,ISS0468,Bug,Medium,10.35,5.22,Fix bug,17.08,28.72,23.14,4.18,4.84,0.26,Fix bug,Tech debt,Performance,5.23,3.48,Alice,12.2
SP0369,50.4,39.87,67.67,3.38,44.27,0.15,2.92,0.09,Bob,53.49,48.95,28.93,5.1,2.8,65.64,-0.65,ISS0499,Story,High,13.08,3.83,Fix bug,10.78,30.08,13.39,1.51,2.15,0.33,Fix bug,Tech debt,Refactor,9.26,3.25,David,9.16
SP0562,44.21,27.74,54.52,7.67,40.9,-0.37,10.16,1.1,David,58.3,39.72,25.01,3.22,2.16,116.93,0.63,ISS0216,Task,High,9.41,3.98,Fix bug,19.03,27.57,30.31,4.42,3.8,0.34,Code cleanup,User request,Performance,11.4,7.42,Alice,12.48
SP0377,18.26,43.79,58.64,4.25,70.71,2.03,6.87,0.43,Carol,31.04,56.95,26.77,4.62,2.29,126.81,0.35,ISS0842,Story,Medium,2.88,8.26,Fix bug,12.56,46.09,28.83,3.15,3.79,1.02,Develop feature,Critical bug,Refactor,4.68,9.25,David,4.52
SP0452,53.14,28.59,65.74,4.17,9.84,0.76,2.41,0.24,Carol,65.73,42.64,33.78,1.73,2.57,124.21,0.71,ISS0544,Story,High,16.96,7.6,Add feature,26.35,53.97,23.3,1.35,3.38,0.47,Develop feature,Critical bug,Feature,5.67,6.77,Carol,18.7
SP0389,59.8,63.06,70.63,-0.51,41.45,1.29,12.18,-0.05,Alice,36.6,66.52,36.17,2.86,3.8,73.92,-0.16,ISS0029,Task,Medium,6.82,2.67,Fix bug,7.33,60.04,24.57,-0.15,2.65,-0.09,Code cleanup,New module,Feature,13.11,11.02,Bob,17.55
SP0620,70.23,54.27,85.59,4.85,54.43,1.96,2.26,0.75,Alice,27.68,54.43,19.35,7.11,3.09,132.28,0.85,ISS0123,Bug,Low,11.16,3.21,Add feature,16.04,54.49,33.6,0.33,0.56,0.47,Develop feature,Tech debt,Refactor,2.37,6.57,Carol,15.46
SP0134,52.33,31.72,47.25,3.21,42.53,3.21,4.71,0.21,Carol,37.93,52.5,42.31,5.0,0.12,50.27,0.87,ISS0967,Bug,Low,16.9,10.07,Update UI,5.43,30.15,29.97,2.22,0.43,0.44,Code cleanup,Tech debt,Performance,10.69,9.16,Alice,7.13
SP0419,43.78,44.51,49.24,-0.56,56.83,2.52,0.78,0.45,David,21.43,43.48,39.0,5.26,1.42,245.88,0.5,ISS0363,Story,Low,18.09,4.5,Update UI,9.04,47.99,30.16,2.82,0.01,0.06,Develop feature,New module,Bug,-5.24,3.68,Alice,22.75
SP0059,43.59,12.58,68.44,7.51,37.21,2.0,4.09,0.09,Bob,38.88,40.78,38.53,5.51,4.52,203.86,0.12,ISS0088,Bug,High,14.04,4.23,Refactor code,20.33,34.73,36.73,0.57,0.58,0.81,Improve performance,Critical bug,Feature,12.4,3.36,Bob,10.12
SP0854,57.23,28.44,66.04,-2.3,56.84,2.08,2.74,0.39,David,40.2,51.13,38.09,2.89,2.14,80.87,-0.12,ISS0686,Story,Low,9.85,7.67,Update UI,14.11,18.75,21.55,1.18,3.63,-0.44,Code cleanup,Tech debt,Performance,16.77,6.55,Bob,19.75
SP0593,74.6,31.16,78.8,3.35,64.72,0.53,7.95,-0.13,Bob,43.98,48.13,20.93,-0.75,2.04,72.48,0.29,ISS0653,Story,Medium,13.73,5.34,Add feature,26.25,48.6,26.67,1.86,0.35,0.5,Develop feature,New module,Feature,3.68,-0.07,David,11.8
SP0398,15.04,13.67,98.58,3.62,55.81,0.09,3.79,-0.01,Carol,43.45,37.94,49.5,5.7,4.75,173.95,-0.39,ISS0037,Story,Medium,6.52,10.91,Add feature,7.21,67.89,31.15,3.52,2.34,-0.14,Code cleanup,New module,Feature,4.53,3.84,Alice,23.58
SP0646,42.39,30.07,62.75,4.17,68.73,2.83,-0.66,-0.01,David,38.24,55.59,32.11,3.36,1.25,188.24,0.88,ISS0489,Bug,Medium,12.96,8.53,Refactor code,11.56,44.69,29.62,2.57,1.05,-0.28,Fix bug,User request,Bug,10.29,7.05,Alice,16.02
SP0551,61.45,47.84,61.04,5.46,63.4,3.15,1.35,-0.19,Carol,26.84,39.44,28.58,5.04,-1.71,224.25,1.14,ISS0720,Story,Medium,9.42,5.97,Refactor code,10.27,63.64,32.73,1.55,2.01,-0.03,Develop feature,New module,Feature,3.99,10.55,Alice,12.97
SP0436,36.1,44.51,81.93,6.99,49.85,0.87,2.75,-0.49,Alice,40.46,79.44,44.2,1.1,3.26,115.27,0.44,ISS0741,Task,High,6.95,15.96,Fix bug,14.47,51.35,38.37,1.8,0.89,0.08,Code cleanup,Critical bug,Feature,6.91,7.93,Carol,12.72
SP0605,39.44,46.62,59.51,8.43,47.82,-0.5,4.44,0.36,Carol,41.62,46.68,41.19,6.28,1.42,158.28,0.41,ISS0341,Bug,High,0.29,5.89,Add feature,11.79,38.17,23.63,1.74,1.51,0.59,Improve performance,Critical bug,Bug,18.64,-0.07,David,12.84
SP0367,29.59,23.19,59.77,6.41,42.59,-0.58,-1.12,0.25,David,70.91,48.66,33.32,10.25,3.52,242.86,-0.04,ISS0963,Task,High,5.51,7.59,Update UI,12.43,17.81,31.45,1.92,1.73,0.29,Improve performance,User request,Refactor,10.49,7.46,Carol,7.92
SP0398,24.8,24.96,59.27,0.46,71.19,-0.93,7.18,-0.04,Carol,51.97,56.58,40.68,3.12,0.65,257.5,0.05,ISS0266,Task,Medium,0.91,9.4,Add feature,11.85,43.04,16.52,0.75,0.98,0.21,Develop feature,Tech debt,Performance,-0.65,9.45,David,14.3
SP0676,42.46,31.57,50.46,3.51,49.75,0.43,5.33,0.17,Bob,51.17,53.92,30.56,8.94,3.12,138.51,0.82,ISS0300,Bug,High,-3.01,7.04,Refactor code,14.93,49.17,27.88,2.31,-1.39,0.58,Code cleanup,Critical bug,Feature,4.46,7.07,Bob,14.79
SP0533,50.5,59.88,48.49,8.22,50.8,3.07,8.14,-0.24,Carol,17.19,25.27,54.74,3.26,0.61,141.23,0.92,ISS0819,Task,Medium,3.72,11.03,Fix bug,13.16,33.62,22.13,2.19,2.87,0.59,Code cleanup,User request,Refactor,6.36,6.42,Carol,21.48
SP0461,47.1,28.23,83.86,6.32,63.68,2.24,12.26,0.18,Carol,52.09,50.83,24.43,2.69,2.46,184.85,0.92,ISS0954,Task,High,15.28,4.44,Update UI,11.42,50.03,33.05,3.3,1.65,0.63,Develop feature,User request,Performance,2.36,7.1,Alice,4.73
SP0210,60.71,41.49,79.77,3.74,73.29,3.67,2.11,-0.76,Carol,41.01,38.55,25.69,9.22,0.62,95.1,-0.25,ISS0878,Story,Low,14.8,10.21,Update UI,23.0,55.44,28.37,-0.08,1.05,0.13,Improve performance,Tech debt,Bug,9.56,8.96,Bob,3.84
SP0027,68.31,17.27,37.66,1.84,55.06,1.94,-3.09,-0.06,David,34.77,63.22,23.51,7.02,2.73,197.07,0.27,ISS0787,Task,High,12.51,3.76,Refactor code,3.16,39.58,27.36,2.65,1.09,-0.19,Improve performance,User request,Refactor,14.29,4.97,Alice,7.25
SP0154,50.99,35.34,35.55,10.72,54.38,2.93,-1.51,0.79,Carol,37.33,78.33,31.42,6.47,0.65,8.26,0.8,ISS0421,Task,Medium,4.93,6.09,Update UI,6.72,41.88,27.34,1.5,0.17,0.42,Code cleanup,Tech debt,Feature,4.24,10.19,Carol,7.89
SP0910,65.92,54.62,83.09,1.87,84.64,-0.87,-2.26,-0.26,David,33.03,49.55,37.69,5.54,1.79,122.78,0.19,ISS0064,Story,Low,19.28,11.11,Add feature,18.47,24.37,33.68,4.43,2.99,0.62,Improve performance,User request,Feature,5.3,1.1,David,18.08
SP0202,39.68,39.62,67.67,6.3,59.16,1.03,7.42,0.38,Carol,42.31,21.77,37.06,3.42,2.22,203.13,-0.06,ISS0146,Task,Low,10.29,6.28,Add feature,15.33,44.84,22.63,1.3,3.05,-0.41,Improve performance,New module,Feature,17.93,9.89,Bob,15.36
SP0770,66.63,34.68,51.52,2.09,55.68,2.08,0.55,0.2,Carol,48.47,45.56,34.0,2.26,1.17,185.24,1.0,ISS0563,Bug,Medium,11.78,10.9,Update UI,17.21,11.67,22.05,2.69,2.8,0.33,Code cleanup,User request,Feature,8.15,8.89,Alice,7.96
SP0627,47.75,16.44,75.86,7.79,43.74,1.61,4.77,-0.36,David,13.02,42.83,28.22,10.17,1.62,193.58,1.53,ISS0002,Story,Low,9.73,4.85,Update UI,4.91,38.03,26.01,2.05,-1.15,0.29,Fix bug,New module,Bug,16.4,2.02,Bob,13.27
SP0583,46.95,35.21,19.81,2.85,49.64,1.41,9.05,-0.18,Carol,51.15,21.12,37.83,4.06,0.69,123.05,0.25,ISS0114,Story,Low,0.38,6.1,Update UI,9.19,46.21,10.57,0.87,1.79,0.27,Code cleanup,Tech debt,Refactor,6.36,0.36,Carol,10.13
SP0435,28.05,44.36,65.36,3.91,43.63,0.79,1.49,0.6,Alice,42.5,50.45,33.72,4.68,1.6,120.13,1.32,ISS0198,Bug,High,9.66,8.89,Refactor code,18.63,30.0,31.74,1.25,2.83,0.15,Improve performance,New module,Bug,4.85,8.51,Alice,11.8
SP0938,41.0,33.25,101.11,4.5,30.68,2.59,9.61,0.12,Alice,30.31,36.58,43.45,8.54,3.04,85.81,0.37,ISS0728,Story,Low,9.26,2.07,Update UI,12.41,27.23,29.13,0.52,1.63,0.71,Develop feature,Critical bug,Bug,12.44,4.57,David,12.68
SP0848,88.04,38.81,98.78,5.35,63.09,2.01,10.76,0.2,David,35.0,36.46,17.93,0.29,0.19,140.03,0.57,ISS0551,Story,High,9.1,3.69,Add feature,1.51,38.42,7.34,0.27,2.48,-0.11,Code cleanup,User request,Performance,3.65,3.1,Carol,14.77
SP0883,25.48,28.36,78.61,1.44,54.08,2.78,-0.33,0.3,Carol,35.91,37.53,40.39,2.56,-0.11,66.34,0.81,ISS0394,Bug,Medium,9.78,0.88,Fix bug,21.91,39.03,17.27,4.02,4.45,0.2,Develop feature,User request,Feature,15.66,7.39,Alice,3.59
SP0875,88.09,66.0,65.28,6.63,47.96,3.28,4.95,0.4,David,31.83,63.08,38.05,2.43,-0.2,104.55,0.28,ISS0097,Bug,High,2.94,-1.23,Refactor code,10.99,30.75,27.8,4.08,0.47,0.03,Fix bug,New module,Performance,9.7,5.67,Alice,14.47
SP0579,34.82,26.33,61.2,0.53,70.0,1.31,17.11,-0.21,David,23.37,51.56,40.13,9.41,3.23,97.03,-0.23,ISS0819,Task,High,18.18,7.26,Update UI,12.44,20.68,16.97,-0.19,-1.03,0.4,Develop feature,User request,Performance,7.81,3.01,David,13.2
SP0224,67.13,24.01,60.31,6.69,45.66,4.2,-2.68,-0.2,Alice,13.85,53.04,52.48,5.13,2.8,109.56,0.5,ISS0443,Bug,Medium,13.94,5.29,Add feature,6.49,67.49,35.55,-0.44,1.09,0.91,Fix bug,New module,Refactor,15.25,8.73,Carol,11.55
SP0916,57.39,40.03,83.56,4.19,70.34,1.15,3.02,-0.25,David,43.08,57.81,33.3,4.68,2.79,183.41,0.46,ISS0101,Task,High,6.34,7.63,Fix bug,17.37,47.03,29.17,1.56,2.31,0.42,Develop feature,New module,Feature,11.84,-0.09,Bob,12.93
SP0425,44.54,7.91,72.54,6.81,42.79,4.33,7.39,0.31,Alice,43.8,40.27,45.7,0.94,3.19,150.07,1.36,ISS0177,Bug,Low,6.53,5.73,Update UI,17.15,55.66,32.88,1.09,5.49,0.18,Code cleanup,New module,Refactor,-5.04,5.06,Bob,9.25
SP0314,50.9,30.16,88.82,5.76,43.48,2.45,7.87,-0.15,Bob,43.19,84.41,25.91,2.92,1.87,68.36,0.3,ISS0476,Story,High,12.04,3.85,Fix bug,30.58,26.3,24.99,2.38,1.87,1.17,Develop feature,Critical bug,Refactor,9.27,5.38,Alice,1.45
SP0059,16.41,62.84,96.21,9.72,59.79,2.02,1.78,1.22,Bob,21.43,49.6,47.19,6.32,1.37,113.41,0.62,ISS0269,Task,High,6.18,6.13,Refactor code,10.99,31.24,15.29,2.9,-0.38,0.07,Develop feature,Critical bug,Feature,6.94,6.28,Alice,9.41
SP0955,54.73,-1.26,62.64,5.09,56.14,0.73,-2.47,-0.57,Carol,50.78,36.85,33.4,3.32,4.66,172.95,0.31,ISS0249,Task,Medium,16.75,7.02,Fix bug,15.28,30.09,21.07,3.78,1.03,-0.33,Code cleanup,New module,Refactor,-3.57,5.72,Carol,12.94
SP0809,70.11,65.09,66.65,4.58,54.2,4.64,5.22,0.09,Alice,43.63,57.18,22.03,7.15,4.82,103.33,0.22,ISS0757,Bug,High,15.55,10.89,Add feature,17.3,39.75,35.54,2.67,0.93,0.57,Develop feature,New module,Refactor,18.07,8.33,Bob,13.02
SP0932,40.26,45.22,48.4,0.85,46.86,0.03,3.35,0.51,Alice,51.72,4.6,34.01,3.87,0.74,310.65,1.29,ISS0832,Story,Low,17.57,5.21,Add feature,7.6,31.96,26.65,3.22,1.79,1.06,Code cleanup,New module,Bug,2.46,2.34,Bob,13.2
SP0942,71.93,31.1,82.53,3.72,70.12,-0.35,-0.07,-0.07,David,32.07,32.8,42.65,1.05,3.36,55.7,1.41,ISS0108,Bug,Medium,12.57,8.49,Refactor code,9.74,65.11,18.12,2.39,0.97,0.28,Improve performance,Tech debt,Bug,5.55,6.37,Alice,15.92
SP0446,60.85,52.86,76.7,0.06,71.23,2.83,-0.01,-0.18,Alice,45.2,38.2,25.04,-3.52,3.18,167.96,-0.01,ISS0098,Task,Low,10.95,4.91,Add feature,21.72,22.4,31.08,0.26,2.42,-0.68,Fix bug,New module,Refactor,1.03,11.4,Alice,6.84
SP0082,68.92,34.69,72.58,3.58,41.62,3.46,-0.38,-0.02,Alice,54.87,1.13,30.37,1.29,1.45,144.23,-0.23,ISS0174,Bug,Low,13.04,4.59,Refactor code,13.98,22.37,39.56,4.27,1.86,0.21,Code cleanup,Tech debt,Refactor,9.75,12.26,Alice,18.98
SP0397,53.18,52.4,59.89,6.73,37.31,1.53,11.79,0.37,Carol,46.56,59.83,19.61,1.15,2.14,130.38,1.21,ISS0403,Story,Low,8.23,6.73,Add feature,16.76,23.99,30.2,2.06,2.68,-0.19,Fix bug,Tech debt,Performance,11.08,2.95,David,17.55
SP0086,58.01,50.24,98.34,3.41,45.14,0.3,9.69,0.36,Carol,30.0,75.03,42.07,-0.32,1.12,134.87,0.12,ISS0763,Task,Low,8.87,7.57,Update UI,21.3,33.11,32.65,1.0,0.39,1.32,Improve performance,Tech debt,Feature,5.1,7.49,Bob,6.17
SP0258,30.91,25.35,60.61,9.54,66.71,1.25,5.59,0.19,Bob,43.71,23.23,9.26,5.25,0.98,214.75,1.27,ISS0199,Bug,High,3.17,6.89,Refactor code,24.23,33.55,21.53,2.03,1.19,0.57,Improve performance,Tech debt,Bug,5.77,10.35,David,22.83
SP0958,50.48,17.1,53.1,1.11,46.38,-0.29,9.29,0.21,Carol,33.56,36.16,55.83,-1.12,2.64,226.33,0.22,ISS0368,Bug,Low,21.94,9.67,Refactor code,4.8,58.06,31.11,2.79,2.98,0.62,Improve performance,User request,Feature,10.72,5.66,David,22.8
SP0853,55.81,11.44,90.3,5.59,43.57,2.82,6.68,0.48,Carol,61.98,28.71,39.6,7.05,1.52,144.92,0.01,ISS0625,Task,High,15.41,0.05,Refactor code,6.74,31.6,26.6,1.29,-0.07,-0.17,Improve performance,Critical bug,Performance,15.4,10.86,Bob,8.66
SP0751,31.83,43.55,61.7,2.23,46.31,1.47,-4.85,0.06,Alice,68.52,45.7,48.63,10.1,3.33,-5.98,1.56,ISS0228,Bug,Medium,16.4,4.14,Fix bug,14.63,26.85,21.48,3.66,3.21,0.72,Improve performance,Critical bug,Bug,4.59,6.49,Bob,-6.38
SP0567,24.78,63.51,82.19,3.89,60.18,2.63,2.11,0.14,Alice,28.26,29.26,30.81,2.19,0.52,118.89,0.94,ISS0538,Story,High,4.08,5.68,Update UI,10.88,46.96,27.1,3.18,3.21,0.58,Improve performance,Tech debt,Performance,-5.31,7.98,David,13.32
SP0214,56.51,62.44,8.44,4.54,38.65,3.82,5.69,0.28,Carol,33.11,53.26,31.46,3.53,-1.04,135.48,0.49,ISS0354,Bug,Medium,11.7,4.92,Update UI,18.16,34.32,11.0,2.95,3.47,0.69,Improve performance,User request,Performance,19.53,1.34,David,20.48
SP0750,6.31,30.2,94.7,6.2,31.39,3.69,8.91,-0.73,Carol,52.73,75.28,32.15,7.23,1.57,69.66,0.9,ISS0532,Bug,Medium,11.03,3.4,Update UI,22.88,61.24,15.07,0.91,0.69,-0.18,Fix bug,User request,Bug,7.84,3.0,Alice,11.66
SP0287,36.21,23.71,115.08,6.44,56.36,1.7,-3.84,0.31,Alice,43.48,65.53,25.61,0.03,0.75,67.17,0.09,ISS0731,Story,Low,11.19,5.2,Fix bug,14.36,27.44,43.25,2.56,4.15,0.07,Improve performance,User request,Performance,8.61,13.8,Carol,6.23
SP0273,25.32,8.61,68.09,4.05,21.39,0.21,7.51,0.43,Alice,36.81,41.68,29.29,2.78,1.35,56.44,0.18,ISS0644,Story,Medium,10.92,10.13,Refactor code,9.97,25.66,16.81,3.61,3.32,0.34,Fix bug,New module,Refactor,8.68,8.89,Alice,25.69
SP0360,60.59,22.24,97.8,-0.41,33.77,4.96,11.25,0.48,David,25.13,40.88,23.45,3.33,3.1,153.86,0.47,ISS0261,Task,Low,9.36,12.31,Fix bug,8.99,46.24,35.57,0.07,1.37,0.1,Improve performance,New module,Feature,10.52,2.05,Alice,20.24
SP0527,33.13,61.03,49.24,4.93,72.82,3.09,13.53,-0.8,Alice,28.34,78.97,27.86,6.09,2.48,159.47,1.18,ISS0209,Story,Medium,14.63,7.49,Update UI,15.07,53.12,37.78,0.62,0.97,-0.29,Code cleanup,User request,Performance,19.83,8.84,Carol,15.17
SP0816,51.94,28.66,70.93,4.16,50.61,2.3,3.14,-0.83,David,29.07,26.42,27.01,9.73,0.62,137.95,0.91,ISS0567,Story,High,7.14,5.83,Update UI,16.16,32.97,30.82,2.27,0.95,-0.04,Code cleanup,Tech debt,Refactor,9.97,9.64,Alice,14.57
SP0584,37.45,36.3,79.22,3.49,50.84,1.04,-0.12,-0.28,Carol,32.0,40.92,41.12,3.32,1.8,201.18,1.2,ISS0323,Bug,High,16.27,10.02,Refactor code,23.65,32.86,12.65,3.65,2.29,0.43,Code cleanup,New module,Feature,7.67,6.21,Carol,14.92
SP0047,88.85,41.36,47.14,7.2,81.46,2.02,7.02,0.76,Alice,39.3,58.58,15.44,6.86,2.21,158.89,0.52,ISS0789,Story,Medium,6.58,10.53,Fix bug,8.31,35.7,25.42,0.03,4.79,0.2,Improve performance,Tech debt,Bug,7.13,7.35,David,3.09
SP0621,31.99,-9.17,68.6,5.0,60.24,1.68,2.67,0.07,Bob,37.34,38.33,34.39,6.19,-0.43,233.5,1.35,ISS0114,Story,Medium,9.89,3.48,Add feature,13.95,33.39,36.36,3.34,1.07,0.46,Develop feature,User request,Feature,7.09,7.5,Carol,3.78
SP0394,39.19,76.69,80.82,5.23,27.58,-1.66,6.7,0.54,Carol,28.77,61.49,46.45,5.29,3.44,103.27,0.85,ISS0386,Bug,Low,10.37,9.56,Fix bug,6.23,39.4,36.53,2.11,0.64,-0.37,Fix bug,Tech debt,Feature,7.84,-4.42,Alice,18.09
SP0768,49.73,64.28,90.45,2.26,58.29,2.23,5.54,0.17,Bob,25.19,39.83,48.35,10.36,2.19,161.56,0.73,ISS0656,Task,Low,7.21,8.71,Fix bug,15.39,35.26,25.53,1.3,2.87,0.14,Code cleanup,User request,Performance,9.82,6.75,Bob,8.8
SP0179,30.24,12.54,61.53,4.1,52.91,1.67,2.98,0.86,David,34.72,43.56,37.2,2.11,1.72,61.56,0.68,ISS0489,Task,Medium,11.32,3.95,Update UI,11.7,46.58,16.27,3.49,1.77,-0.02,Improve performance,New module,Bug,11.7,6.07,Carol,1.28
SP0978,92.34,19.43,69.42,6.49,29.95,0.89,2.53,0.5,Alice,55.36,27.6,16.23,5.96,0.92,109.87,1.27,ISS0205,Task,Low,14.86,4.99,Fix bug,17.73,17.77,24.43,1.3,0.66,0.46,Develop feature,User request,Performance,5.53,5.03,Carol,12.58
SP0213,52.89,54.56,45.92,7.2,68.35,1.23,6.8,-0.43,Bob,42.42,28.46,48.32,3.8,2.47,145.92,0.46,ISS0647,Task,High,20.32,10.53,Refactor code,17.8,50.3,35.1,-0.21,4.03,0.94,Improve performance,New module,Refactor,9.24,10.47,Carol,14.07
SP0992,41.05,53.25,64.02,8.84,46.88,2.61,2.01,0.07,David,22.62,31.92,33.99,6.84,1.33,149.09,0.31,ISS0785,Bug,High,15.26,10.73,Refactor code,15.47,44.43,17.71,1.35,2.05,0.33,Develop feature,New module,Refactor,13.83,12.47,Carol,22.29
SP0012,63.95,35.15,25.37,2.59,66.3,1.91,2.34,0.99,Carol,29.39,48.93,29.42,5.35,3.54,80.91,0.64,ISS0291,Story,Medium,9.12,6.32,Refactor code,26.24,37.11,25.38,1.47,3.57,0.31,Develop feature,Critical bug,Performance,4.54,16.97,David,19.48
SP0982,66.69,10.7,69.9,4.04,19.53,5.86,-1.15,0.06,Alice,41.0,32.59,24.07,1.02,1.74,110.76,0.74,ISS0345,Bug,Medium,10.26,2.05,Update UI,18.94,46.43,28.17,2.07,2.16,0.55,Fix bug,User request,Bug,9.49,5.66,Alice,21.71
SP0471,71.1,39.52,65.86,4.88,64.5,-1.45,5.68,-0.69,David,36.13,19.68,48.93,6.56,2.9,222.37,1.2,ISS0820,Story,Low,10.31,11.72,Refactor code,18.93,29.83,19.84,3.11,3.45,0.2,Fix bug,Tech debt,Feature,13.02,4.35,Alice,8.55
SP0794,26.85,15.65,79.56,5.09,65.22,1.98,-1.48,0.05,Carol,30.02,39.72,30.97,5.05,1.59,159.19,1.03,ISS0750,Task,Medium,9.45,4.28,Add feature,12.33,49.34,23.88,3.57,2.92,0.65,Fix bug,Critical bug,Bug,14.08,8.18,Carol,19.88
SP0154,40.76,28.12,54.25,3.31,33.41,2.89,1.67,0.28,Bob,20.87,34.42,22.23,7.22,1.22,98.02,0.16,ISS0875,Task,Medium,15.97,7.11,Update UI,7.15,36.34,26.03,1.6,0.7,-0.46,Develop feature,Tech debt,Performance,8.5,6.55,Alice,16.95
SP0449,58.87,21.08,29.25,1.81,24.43,1.52,-5.78,-0.15,David,26.88,52.95,40.31,2.94,1.1,87.44,0.51,ISS0355,Bug,High,13.63,2.73,Refactor code,17.09,33.47,29.51,3.38,3.38,0.47,Fix bug,Tech debt,Bug,16.82,-0.1,Alice,18.03
SP0222,56.89,6.47,61.73,2.79,50.81,1.81,5.0,0.07,David,56.85,23.44,49.6,6.95,0.54,139.73,1.22,ISS0121,Story,High,13.28,7.79,Fix bug,16.06,27.93,24.65,1.91,2.15,-0.03,Improve performance,Tech debt,Refactor,16.65,1.56,David,9.22
SP0880,60.29,10.28,119.13,-0.18,66.44,1.8,2.74,0.17,David,54.3,54.04,30.13,7.85,1.78,182.74,1.68,ISS0729,Task,High,7.02,4.45,Update UI,19.02,36.76,32.03,2.43,2.37,0.07,Improve performance,New module,Refactor,9.67,9.69,Bob,9.06
SP0826,47.36,32.09,46.93,7.22,36.93,-0.98,2.14,1.13,Alice,27.32,56.89,44.29,7.28,1.44,64.94,0.91,ISS0411,Bug,Medium,14.6,10.65,Add feature,13.76,55.09,30.55,2.24,1.95,1.43,Code cleanup,User request,Performance,0.41,8.42,Carol,6.91
SP0922,53.88,31.01,76.83,1.61,46.84,1.76,3.54,0.04,David,-7.21,62.95,30.43,5.7,1.14,204.42,0.25,ISS0935,Story,High,8.28,11.02,Refactor code,20.88,29.56,29.44,4.46,1.39,0.63,Develop feature,User request,Performance,3.34,3.71,Alice,18.28
SP0871,53.92,35.88,50.07,5.73,42.19,-0.08,9.56,0.77,Carol,53.66,42.48,36.0,3.41,0.18,118.49,0.38,ISS0787,Story,Medium,4.44,8.43,Add feature,10.95,45.91,22.26,0.93,0.21,0.12,Fix bug,User request,Performance,13.57,3.89,David,16.4
SP0044,48.21,48.6,66.81,3.92,52.01,2.09,7.61,-0.73,Bob,44.03,31.01,45.12,1.74,0.01,141.94,0.56,ISS0440,Bug,Medium,5.12,8.3,Add feature,9.63,13.08,13.81,2.12,3.56,0.07,Code cleanup,Critical bug,Bug,1.98,3.53,Carol,6.34
SP0116,61.38,48.82,78.91,7.29,30.19,3.12,0.72,0.08,Alice,26.15,37.04,39.42,6.18,4.07,197.84,0.68,ISS0626,Story,High,5.77,12.09,Fix bug,9.5,33.51,28.13,-0.3,2.52,-0.66,Fix bug,Critical bug,Bug,-3.04,2.67,Alice,14.79
SP0880,51.22,38.75,84.17,5.46,44.11,1.02,-0.74,0.32,Alice,38.79,54.38,29.13,1.09,2.48,151.07,-0.33,ISS0426,Task,Low,20.57,8.9,Update UI,7.96,58.48,30.26,1.82,-0.56,0.35,Improve performance,Tech debt,Performance,24.43,9.03,Carol,8.52
SP0123,52.94,14.56,98.16,0.47,59.48,1.16,7.72,0.31,David,41.16,48.64,28.24,9.43,1.61,105.1,0.24,ISS0897,Story,High,13.42,8.75,Update UI,21.54,26.6,33.81,0.91,1.86,0.42,Code cleanup,Critical bug,Refactor,10.31,8.78,Bob,2.66
SP0830,62.82,42.03,68.88,8.96,47.3,0.47,-3.38,0.02,Alice,54.88,65.38,53.76,0.37,1.35,73.74,0.1,ISS0528,Story,Low,16.43,6.77,Refactor code,8.56,41.4,26.57,2.31,1.66,0.02,Code cleanup,Tech debt,Bug,15.9,0.96,Alice,17.18
SP0607,82.85,28.81,48.32,6.91,40.0,1.63,5.99,-0.14,Carol,24.92,25.64,32.66,0.98,2.41,150.44,0.49,ISS0080,Bug,High,0.16,6.33,Add feature,15.0,23.66,50.05,2.1,2.48,-0.42,Fix bug,New module,Bug,17.13,4.21,Bob,17.75
SP0552,53.71,45.32,63.55,4.26,57.41,1.64,7.11,0.66,Bob,35.94,43.17,39.31,5.35,-1.12,263.39,0.58,ISS0390,Bug,Low,2.97,9.27,Fix bug,18.07,29.1,23.45,3.13,1.58,0.27,Fix bug,Critical bug,Bug,5.57,5.81,Bob,7.64
SP0920,36.83,31.7,61.26,2.41,25.17,1.13,1.12,-0.33,Bob,48.31,60.77,44.12,1.68,2.64,118.82,0.76,ISS0568,Task,Low,5.74,5.13,Update UI,13.19,51.23,26.98,2.16,4.8,1.46,Fix bug,New module,Bug,18.52,2.63,David,20.49
SP0181,49.67,21.56,48.6,8.24,19.09,1.73,-0.56,-0.22,Bob,44.57,8.49,21.32,8.79,1.02,167.22,1.25,ISS0532,Story,Low,11.3,9.14,Refactor code,17.72,39.28,18.98,1.79,1.93,-0.29,Fix bug,Tech debt,Feature,10.71,4.55,Bob,18.07
SP0618,69.73,16.48,77.35,5.25,80.07,2.15,4.88,0.16,Alice,49.65,38.21,37.83,6.75,4.87,185.5,0.09,ISS0355,Bug,High,13.66,4.31,Update UI,7.68,29.69,25.47,1.34,3.98,-0.51,Develop feature,Critical bug,Feature,11.47,8.26,David,12.5
SP0370,36.06,34.48,89.96,4.35,24.48,1.85,7.13,0.18,Carol,39.64,38.85,33.75,4.82,1.83,116.25,1.5,ISS0953,Story,Low,7.35,6.14,Fix bug,12.95,39.73,27.7,0.23,0.73,0.92,Fix bug,Tech debt,Performance,9.58,7.94,Bob,11.88
SP0364,53.7,49.3,42.49,2.37,51.06,3.58,8.3,-0.01,David,34.63,47.31,48.9,9.18,4.12,186.01,-0.26,ISS0735,Bug,Low,11.98,4.89,Update UI,5.43,62.45,33.28,-0.28,4.17,-0.1,Code cleanup,Critical bug,Bug,-4.22,10.72,Alice,9.24
SP0905,67.5,49.65,81.06,4.56,54.65,1.59,-4.17,1.06,Carol,34.24,50.41,29.83,-1.23,0.95,88.55,1.0,ISS0713,Story,Low,10.36,0.07,Refactor code,16.03,30.72,24.77,2.04,4.26,0.8,Code cleanup,Tech debt,Feature,12.14,4.24,Alice,3.55
SP0388,65.18,25.81,89.22,-0.39,42.1,3.84,4.26,-0.26,Alice,44.82,34.4,26.4,-4.75,2.95,112.77,1.46,ISS0936,Task,High,6.84,1.98,Add feature,7.55,38.13,39.05,2.95,0.77,0.07,Develop feature,Tech debt,Performance,13.53,11.75,David,-0.45
SP0877,41.14,52.74,60.38,1.07,4.13,4.75,2.62,0.46,Carol,38.15,61.11,49.73,-1.45,2.21,88.61,0.52,ISS0461,Story,Medium,12.38,8.22,Add feature,16.71,63.56,31.92,0.79,1.39,0.01,Fix bug,User request,Performance,12.19,3.88,David,20.37
SP0703,43.91,29.49,53.59,1.41,63.09,1.28,4.61,0.18,David,29.27,63.24,28.8,2.64,0.33,178.64,0.36,ISS0875,Story,Medium,22.43,6.49,Add feature,16.67,43.14,21.92,0.0,3.18,0.35,Develop feature,User request,Bug,8.44,2.02,Alice,7.1
SP0547,55.61,40.01,56.51,3.12,56.19,1.39,7.59,0.16,Alice,47.8,29.49,36.4,2.36,0.85,82.55,0.24,ISS0186,Bug,Medium,7.52,2.77,Add feature,18.33,36.86,26.88,1.0,4.2,-0.54,Code cleanup,User request,Performance,11.85,3.74,Bob,19.95
SP0994,33.01,46.15,58.5,6.88,87.5,2.99,7.56,0.54,David,47.46,57.19,14.09,1.42,2.29,169.41,1.14,ISS0075,Story,Low,11.62,4.78,Add feature,16.52,42.35,35.66,0.24,1.85,-0.26,Develop feature,Critical bug,Refactor,13.11,9.8,Carol,13.36
SP0032,44.06,57.66,102.76,7.57,75.18,3.61,2.82,0.47,Bob,42.47,15.63,18.53,-0.76,1.32,214.9,1.04,ISS0840,Story,Medium,13.38,13.09,Add feature,16.04,17.51,46.12,1.64,1.8,-0.19,Code cleanup,Tech debt,Performance,10.6,12.34,Alice,19.95
SP0091,37.02,45.68,53.1,5.34,62.7,0.39,-1.73,0.43,Alice,50.66,28.47,41.41,8.45,1.08,128.36,0.51,ISS0234,Story,Low,6.2,3.16,Fix bug,16.01,47.04,31.35,3.9,-0.13,0.3,Code cleanup,User request,Refactor,18.64,13.57,Bob,11.7
SP0968,24.55,15.37,64.94,2.68,41.79,2.84,5.64,0.18,Alice,55.42,72.95,26.14,1.15,2.31,266.85,0.6,ISS0169,Story,Medium,7.68,5.39,Fix bug,13.37,65.34,26.88,2.89,2.97,0.22,Develop feature,Tech debt,Feature,1.37,10.84,David,11.69
SP0943,52.62,25.12,71.59,2.88,56.99,1.69,-0.64,0.02,Bob,33.19,54.18,37.04,9.66,1.83,111.77,1.14,ISS0423,Story,High,3.73,6.73,Refactor code,21.12,47.65,26.22,4.32,1.21,0.81,Improve performance,User request,Bug,16.35,6.15,Bob,17.15
SP0569,40.2,38.87,85.96,3.7,52.16,4.11,6.25,0.61,Carol,32.23,45.4,39.61,4.08,0.53,101.95,1.17,ISS0977,Task,High,13.78,6.29,Update UI,20.25,37.95,30.34,3.05,1.99,0.06,Improve performance,User request,Performance,10.31,1.79,Carol,19.29
SP0927,30.44,3.4,63.39,5.19,59.07,2.33,5.63,0.15,David,44.74,28.13,43.06,-0.93,1.0,187.18,0.57,ISS0075,Story,High,0.59,10.34,Fix bug,10.41,58.83,33.14,0.5,3.32,-0.16,Code cleanup,New module,Feature,9.66,7.88,Carol,19.05
SP0276,50.83,13.56,41.52,5.49,52.27,1.43,1.51,0.64,Carol,54.3,49.07,28.67,7.32,3.87,113.32,0.84,ISS0622,Bug,Medium,16.04,2.12,Refactor code,9.16,54.28,33.22,0.48,2.58,0.78,Fix bug,Tech debt,Performance,9.11,4.72,David,9.36
SP0380,70.73,66.53,63.15,7.65,42.09,3.03,5.6,1.12,Alice,21.18,39.63,39.46,5.26,0.65,105.52,0.96,ISS0719,Story,High,9.13,7.98,Fix bug,16.89,48.86,23.5,1.77,2.37,-0.16,Improve performance,Tech debt,Feature,9.17,-0.71,Bob,15.26
SP0909,38.52,34.41,65.81,5.8,47.0,4.34,-2.96,-0.35,Alice,37.42,59.86,46.18,3.57,2.8,170.38,0.13,ISS0364,Task,Low,9.53,3.4,Refactor code,4.24,26.39,23.13,1.04,1.51,-0.36,Improve performance,New module,Feature,13.54,4.74,Alice,28.73
SP0109,42.45,31.62,66.64,7.09,71.21,-0.5,4.86,0.76,Bob,47.4,42.07,30.25,3.1,0.75,89.43,1.05,ISS0994,Bug,High,15.16,4.93,Fix bug,12.85,22.77,32.17,3.02,1.63,-0.22,Fix bug,User request,Performance,10.87,5.12,David,10.19
SP0489,64.19,43.81,95.03,4.3,72.04,2.52,12.72,-0.12,David,62.23,-0.63,38.31,2.96,2.06,148.26,0.3,ISS0949,Bug,Low,10.25,6.66,Fix bug,20.58,42.64,23.2,2.44,2.98,1.18,Improve performance,New module,Bug,15.11,10.1,Bob,12.86
SP0469,59.83,16.09,53.18,4.74,38.39,1.64,1.83,0.5,Bob,34.76,35.77,37.84,4.99,2.49,108.0,0.5,ISS0126,Story,High,12.04,10.28,Add feature,15.6,39.28,32.38,2.19,2.34,-0.67,Improve performance,Critical bug,Refactor,6.21,-3.09,Alice,9.57
SP0864,46.4,30.39,102.05,3.97,47.85,0.76,0.12,0.34,Bob,48.05,42.09,39.15,3.28,1.25,70.63,0.89,ISS0674,Bug,High,13.92,8.86,Add feature,22.6,40.83,27.77,2.26,3.95,-0.32,Improve performance,Tech debt,Feature,0.79,8.63,David,0.38
SP0820,34.44,42.35,70.11,5.12,79.18,1.44,4.96,0.44,David,47.14,41.9,39.88,5.59,-0.59,186.65,-0.08,ISS0149,Story,Medium,11.68,5.17,Add feature,4.47,36.7,29.39,-0.17,3.78,0.84,Code cleanup,Critical bug,Feature,9.79,5.63,Carol,11.38
SP0814,52.91,55.04,48.66,2.61,47.9,-0.26,-3.06,-0.35,Carol,42.8,38.85,33.5,1.45,1.85,152.82,-0.0,ISS0942,Story,High,20.25,5.28,Fix bug,24.23,60.54,19.18,2.14,2.97,-0.82,Develop feature,User request,Performance,8.71,10.6,David,4.89
SP0733,83.89,12.8,53.84,5.98,65.68,1.23,-1.57,0.04,Carol,52.53,25.34,26.59,8.68,2.1,118.1,0.44,ISS0070,Task,Medium,10.98,7.62,Update UI,3.67,50.47,18.59,1.34,3.0,0.68,Develop feature,Critical bug,Refactor,4.28,6.66,Bob,21.37
SP0012,45.3,47.13,62.38,2.63,32.44,2.54,3.48,0.26,David,41.62,25.8,31.99,7.09,2.37,24.65,0.35,ISS0639,Task,Medium,8.63,14.21,Update UI,15.85,54.96,22.93,-0.24,1.98,0.03,Code cleanup,User request,Performance,4.53,7.7,Alice,17.85
SP0460,42.96,26.97,53.87,0.17,15.47,3.86,-1.34,0.08,Alice,38.7,62.5,24.61,3.97,1.41,124.1,0.65,ISS0497,Bug,Low,13.08,6.14,Refactor code,17.66,39.79,26.06,1.95,2.59,0.81,Code cleanup,New module,Refactor,7.05,0.18,Bob,15.43
SP0301,68.78,50.09,71.92,9.67,59.31,1.96,0.4,-0.11,Alice,40.43,33.48,27.44,0.13,1.69,181.6,1.3,ISS0488,Task,Low,11.98,9.87,Fix bug,5.93,35.1,36.52,-0.15,1.94,-0.32,Develop feature,User request,Bug,12.2,9.5,Carol,19.59
SP0797,50.14,43.09,68.86,7.18,55.85,0.9,-0.83,0.14,Carol,41.31,30.7,38.26,5.97,2.47,111.22,0.68,ISS0146,Bug,Low,16.68,6.02,Refactor code,17.4,22.03,31.22,1.06,-1.83,0.42,Develop feature,User request,Refactor,10.65,3.21,Carol,0.78
SP0655,61.14,44.48,33.26,3.18,64.93,1.68,0.75,-0.19,Bob,44.62,29.15,29.41,5.28,1.48,158.43,1.16,ISS0347,Task,Low,10.11,6.21,Update UI,11.12,57.27,34.59,0.17,1.9,-0.11,Code cleanup,New module,Performance,16.3,7.85,David,5.33
SP0531,73.05,43.04,77.01,5.88,33.02,0.07,6.62,0.59,David,45.18,38.03,38.91,4.52,3.15,169.57,-0.08,ISS0624,Bug,Medium,8.5,8.31,Add feature,13.75,50.05,14.58,2.22,1.64,-0.26,Fix bug,Tech debt,Performance,13.87,1.2,Bob,16.39
SP0248,48.28,53.02,95.47,3.55,46.6,2.41,3.65,-0.98,Carol,35.01,41.88,31.76,3.68,3.97,130.09,-0.99,ISS0061,Task,Medium,14.79,8.85,Add feature,15.75,38.45,22.13,2.42,-1.73,0.45,Improve performance,Critical bug,Performance,3.28,10.24,David,15.22
SP0638,40.49,30.08,71.6,3.82,72.37,1.56,3.54,0.65,Carol,53.75,51.68,38.24,3.41,-0.43,149.41,0.83,ISS0394,Bug,Low,8.67,3.95,Refactor code,8.36,28.9,31.96,3.55,3.1,0.93,Develop feature,New module,Performance,9.45,8.05,Bob,7.12
SP0717,38.02,42.11,35.1,4.6,52.48,4.31,6.76,0.4,Carol,37.32,24.82,24.79,10.0,2.46,76.08,-0.24,ISS0070,Task,High,10.5,8.46,Update UI,18.81,34.1,38.62,-0.73,-1.23,0.57,Fix bug,Tech debt,Feature,8.01,3.57,Carol,12.99
SP0783,75.33,36.83,106.49,6.54,37.11,4.05,3.74,0.46,David,36.89,15.84,49.69,0.5,4.56,256.03,0.84,ISS0255,Bug,Medium,11.24,1.83,Add feature,18.36,42.74,36.9,0.73,4.95,0.07,Develop feature,User request,Feature,16.49,10.9,David,19.11
SP0597,45.16,45.79,84.35,6.64,51.01,1.34,8.77,-0.13,Carol,43.51,46.87,28.4,3.97,3.07,164.1,0.59,ISS0999,Task,High,9.04,8.76,Add feature,5.74,29.35,31.25,-1.62,1.13,0.82,Code cleanup,New module,Refactor,0.96,5.22,David,10.21
SP0787,66.76,36.43,91.35,4.27,58.36,2.72,-1.06,0.34,Carol,50.88,50.32,51.04,8.66,-0.79,154.58,0.86,ISS0678,Story,Low,11.73,6.04,Refactor code,18.45,28.2,32.5,1.7,-0.36,0.07,Code cleanup,New module,Refactor,9.98,9.88,Carol,17.71
SP0382,57.54,24.53,46.72,5.04,57.41,2.19,7.89,-0.31,David,34.45,69.08,39.56,2.78,-1.25,150.21,1.22,ISS0514,Story,Medium,12.84,9.18,Update UI,12.57,37.48,30.98,0.41,0.98,0.65,Develop feature,New module,Refactor,5.66,8.43,Carol,9.65
SP0847,14.68,38.4,76.2,10.2,41.35,0.81,-0.31,-0.56,Carol,42.63,41.14,31.68,8.03,0.81,140.22,1.05,ISS0612,Bug,Medium,15.49,7.08,Refactor code,17.23,27.69,32.48,3.64,0.85,0.1,Fix bug,User request,Performance,10.86,0.48,Bob,4.17
SP0423,70.67,51.97,62.23,0.82,11.58,4.92,2.43,-0.13,Bob,39.4,11.58,35.58,3.24,2.32,124.6,1.0,ISS0353,Task,Medium,-0.32,2.82,Update UI,16.88,30.95,30.4,1.43,2.13,-0.5,Develop feature,Critical bug,Performance,10.48,0.12,David,18.22
SP0276,70.98,38.02,70.91,0.64,75.84,-0.05,2.61,0.0,Alice,54.52,35.08,43.72,5.7,2.05,49.43,0.13,ISS0028,Story,Low,7.22,6.83,Fix bug,11.72,57.84,18.09,3.27,2.88,1.02,Fix bug,New module,Feature,11.1,5.48,Alice,11.09
SP0367,26.2,11.43,62.62,0.64,52.05,0.38,4.91,-0.48,David,29.69,39.81,34.72,7.53,3.5,308.65,-0.3,ISS0291,Bug,High,4.72,2.65,Refactor code,15.08,45.16,21.3,1.75,0.56,-0.14,Improve performance,User request,Feature,5.13,6.09,David,13.31
SP0519,68.68,32.91,94.28,0.86,46.18,2.8,7.87,0.59,Bob,9.22,50.13,24.07,2.97,2.66,133.32,0.32,ISS0443,Task,Low,6.73,6.91,Update UI,11.0,36.9,30.75,1.14,1.59,0.19,Improve performance,Critical bug,Refactor,7.62,3.96,David,21.2
SP0787,61.91,6.77,60.03,3.38,37.84,-0.6,1.59,-0.0,Bob,49.33,47.49,34.67,2.64,2.15,251.82,0.75,ISS0307,Task,Medium,20.62,7.51,Fix bug,9.67,51.01,22.62,-0.96,-0.44,0.5,Fix bug,User request,Bug,16.37,2.39,Bob,10.87
SP0384,36.33,67.52,67.97,7.88,78.33,1.08,0.26,0.02,David,46.92,49.02,34.3,8.51,4.71,119.22,-0.13,ISS0877,Story,Low,18.45,9.67,Add feature,14.65,23.9,38.53,-0.24,1.44,0.65,Develop feature,User request,Refactor,19.06,7.49,David,11.61
SP0933,72.8,47.23,74.83,9.16,38.6,5.12,2.92,-0.01,David,55.5,50.11,25.91,4.94,-1.49,185.58,0.55,ISS0252,Story,Medium,5.33,9.91,Add feature,-0.12,24.83,26.88,1.61,3.7,0.38,Improve performance,User request,Bug,14.74,11.89,David,11.05
SP0548,67.62,32.33,74.75,6.54,59.99,2.77,0.78,0.79,Bob,38.4,22.77,28.96,8.13,1.72,123.71,0.56,ISS0638,Bug,High,20.57,5.58,Fix bug,8.31,49.2,15.02,4.73,2.01,0.33,Develop feature,New module,Bug,10.26,8.64,David,15.14
SP0926,32.83,19.79,94.87,5.68,34.52,3.82,0.62,0.08,Alice,29.19,39.03,43.33,3.36,2.3,116.31,-0.23,ISS0715,Task,Medium,17.32,4.67,Fix bug,9.88,50.61,23.55,1.29,-0.05,0.13,Develop feature,User request,Bug,15.42,9.57,Alice,10.02
SP0234,44.43,42.19,68.8,1.66,73.99,2.54,5.86,0.2,Alice,40.2,39.46,25.38,4.89,1.51,110.29,0.07,ISS0878,Story,Medium,10.79,7.99,Refactor code,1.4,44.69,20.51,1.35,1.38,0.6,Fix bug,New module,Refactor,20.77,0.3,David,12.89
SP0856,38.96,27.96,77.13,10.05,65.28,2.15,-1.14,-0.59,Carol,43.55,47.68,38.96,3.24,1.86,-2.98,0.96,ISS0636,Story,Low,12.48,4.18,Fix bug,9.76,43.86,29.94,1.76,1.85,0.02,Code cleanup,New module,Bug,16.42,4.1,Carol,7.44
SP0807,7.71,37.99,71.93,3.05,32.23,0.86,-0.01,1.02,Carol,16.35,51.19,24.72,3.94,3.92,237.06,0.05,ISS0735,Bug,High,2.66,3.49,Update UI,5.57,50.31,21.81,0.72,3.48,-0.06,Improve performance,Tech debt,Refactor,13.23,4.95,David,13.96
SP0344,31.41,23.03,67.13,0.11,18.72,1.86,4.31,0.62,Carol,45.96,69.35,38.12,5.81,2.86,136.68,0.34,ISS0396,Task,Low,12.68,6.8,Update UI,8.41,51.17,39.61,0.58,1.49,0.37,Fix bug,Tech debt,Feature,14.36,2.23,Alice,12.59
SP0949,38.78,45.71,102.9,6.53,58.12,0.99,-1.63,0.86,Bob,36.81,59.65,20.49,4.62,1.54,88.89,0.07,ISS0192,Bug,High,15.31,1.31,Update UI,18.73,28.38,29.28,1.82,5.17,-0.18,Improve performance,Tech debt,Performance,7.33,8.16,Carol,18.14
SP0555,24.96,36.65,106.47,3.85,70.83,-0.68,12.44,-0.13,David,19.71,73.89,20.69,1.31,2.02,214.26,0.21,ISS0953,Story,Medium,6.53,11.04,Update UI,17.25,41.63,32.52,0.07,-0.12,0.53,Code cleanup,User request,Refactor,19.49,7.27,Bob,21.28
SP0646,61.22,41.82,57.28,8.31,60.65,-1.35,6.57,0.68,Alice,43.2,52.67,32.43,7.88,-0.29,202.54,1.28,ISS0068,Story,Medium,-6.45,7.88,Add feature,15.17,70.6,32.83,1.55,2.89,0.23,Code cleanup,New module,Refactor,8.95,2.58,Alice,18.1
SP0129,22.22,37.97,94.4,-0.94,55.51,2.83,1.96,0.46,Bob,34.65,43.1,22.06,8.59,2.02,132.7,-0.5,ISS0347,Story,Medium,17.08,13.95,Add feature,9.26,31.86,19.16,1.64,1.83,0.17,Improve performance,User request,Feature,9.99,8.05,David,23.97
SP0689,49.03,44.94,79.85,9.06,34.79,2.04,0.47,0.24,Carol,51.58,38.77,28.0,3.31,2.82,128.81,0.63,ISS0884,Task,Low,11.63,4.39,Fix bug,18.29,37.78,35.11,3.26,2.66,0.43,Fix bug,Critical bug,Performance,2.95,6.6,David,6.64
SP0351,53.88,26.91,71.36,8.3,63.67,0.73,1.27,0.1,Alice,37.33,33.69,27.36,5.45,0.6,115.68,0.25,ISS0825,Bug,Medium,14.35,5.95,Add feature,6.09,31.67,41.02,1.85,3.92,0.38,Code cleanup,User request,Bug,12.8,8.29,David,15.88
SP0892,35.25,1.89,65.66,7.19,20.48,5.44,4.59,0.13,Bob,55.21,58.21,35.37,5.49,3.47,104.12,-0.24,ISS0468,Task,Medium,8.01,3.49,Add feature,8.3,30.51,39.45,2.67,1.93,0.6,Code cleanup,New module,Performance,12.85,5.78,Carol,23.53
SP0573,59.74,44.87,89.46,7.25,52.93,1.46,-0.2,0.2,David,22.47,49.95,44.15,5.34,1.25,138.02,0.53,ISS0241,Task,Low,12.39,6.82,Fix bug,12.98,46.59,22.18,1.55,0.31,0.27,Code cleanup,New module,Bug,6.87,7.79,David,7.6
SP0179,46.1,18.29,64.97,8.23,37.63,0.89,-3.77,0.28,Alice,31.78,54.62,39.99,9.26,1.0,119.9,0.36,ISS0994,Story,High,8.08,8.08,Add feature,1.09,31.86,26.3,2.44,0.56,0.05,Code cleanup,Tech debt,Refactor,2.78,2.58,Bob,16.56
SP0647,14.24,39.98,53.73,7.42,63.09,-0.81,-3.38,-1.05,Bob,32.9,67.87,22.72,8.38,2.55,106.34,0.41,ISS0923,Task,High,10.67,10.08,Update UI,22.34,30.34,9.03,1.55,1.24,0.55,Code cleanup,Critical bug,Bug,17.2,6.44,Bob,19.67
SP0608,30.74,36.51,65.53,7.29,81.8,2.01,5.9,0.78,Carol,42.1,71.21,52.93,6.6,-0.23,213.01,0.79,ISS0477,Story,Medium,5.94,5.61,Fix bug,10.68,59.29,27.52,2.13,1.71,0.06,Develop feature,User request,Refactor,8.39,6.96,Bob,19.04
SP0804,38.13,47.57,76.09,1.18,50.79,2.5,-6.46,0.37,David,41.81,42.36,12.34,1.39,0.67,150.58,0.87,ISS0378,Bug,High,0.47,11.9,Add feature,7.67,23.9,13.2,1.39,2.15,1.17,Improve performance,User request,Refactor,7.54,8.21,Carol,11.73
SP0731,68.81,15.43,78.69,7.27,48.96,0.78,8.95,0.45,Bob,61.21,49.25,51.04,4.69,2.3,217.8,0.29,ISS0057,Bug,Medium,13.82,1.66,Fix bug,14.44,34.9,29.25,2.22,1.15,0.11,Code cleanup,Critical bug,Refactor,13.32,2.97,Bob,20.7
SP0151,47.26,16.75,64.44,3.91,60.61,4.31,-4.66,-0.54,Carol,11.36,64.01,37.29,2.04,1.65,220.39,0.09,ISS0127,Bug,Medium,21.32,0.93,Add feature,12.27,47.56,22.45,-0.27,0.73,-0.63,Fix bug,User request,Refactor,11.35,13.88,Alice,16.66
SP0091,55.44,32.47,49.94,-0.32,53.49,0.44,3.75,-0.46,Bob,31.28,44.86,35.95,5.11,3.32,133.12,1.24,ISS0574,Story,Medium,14.17,7.22,Add feature,5.1,43.86,33.8,4.0,0.86,0.21,Code cleanup,Critical bug,Performance,2.72,6.78,Bob,1.26
SP0610,62.71,29.6,52.47,-0.02,66.7,0.48,2.96,0.41,Carol,32.43,57.48,43.94,5.46,3.58,170.16,0.51,ISS0662,Task,Low,20.62,8.06,Fix bug,15.76,31.86,29.42,1.4,3.39,-0.46,Fix bug,User request,Feature,8.35,4.47,Carol,21.78
SP0784,38.23,15.45,48.95,3.15,54.95,2.35,9.4,-0.36,Alice,51.83,42.91,24.5,3.78,0.9,99.56,0.35,ISS0386,Bug,High,1.13,8.01,Fix bug,10.83,53.92,32.79,2.27,3.32,0.53,Fix bug,Critical bug,Bug,11.38,7.61,David,13.67
SP0892,70.99,18.62,54.24,2.1,65.92,2.19,-6.1,0.73,Bob,38.21,54.73,22.94,10.29,2.66,195.69,0.38,ISS0270,Bug,High,3.03,10.98,Refactor code,6.49,55.02,36.54,0.87,0.18,0.04,Fix bug,Critical bug,Bug,14.86,5.21,Bob,8.36
SP0217,53.26,55.48,68.49,1.81,31.72,1.51,-5.86,0.04,Alice,18.45,36.93,37.84,0.12,1.02,185.92,0.66,ISS0409,Story,Medium,4.91,13.89,Update UI,23.1,63.01,24.25,-0.18,1.26,0.61,Improve performance,Tech debt,Refactor,22.93,7.56,Carol,21.71
SP0355,54.88,6.77,101.8,11.26,49.92,0.43,0.34,0.98,Alice,45.26,36.36,33.08,5.81,1.76,135.02,0.66,ISS0633,Task,Medium,8.76,8.53,Update UI,3.7,40.17,18.4,3.54,1.88,0.01,Code cleanup,User request,Feature,19.55,7.45,David,5.97
SP0119,58.46,32.84,65.15,1.88,43.83,-1.33,3.82,0.37,Bob,23.32,38.59,22.73,3.83,3.63,139.81,1.2,ISS0099,Story,High,13.19,2.53,Fix bug,4.46,49.12,30.67,2.68,2.6,-0.04,Code cleanup,New module,Refactor,10.53,9.12,Bob,18.56
SP0923,61.54,39.48,77.89,6.47,60.02,1.58,0.32,0.29,Carol,42.68,35.48,41.91,4.58,0.84,175.73,1.37,ISS0566,Bug,Low,20.77,12.63,Update UI,16.65,39.39,37.57,0.32,0.12,-0.3,Code cleanup,User request,Bug,14.26,8.21,Bob,12.03
SP0908,69.86,54.08,77.8,6.25,31.19,2.47,10.8,-0.34,Alice,44.67,41.17,23.59,5.5,0.69,151.74,-0.5,ISS0796,Task,Low,7.65,7.64,Refactor code,10.74,29.78,17.21,2.61,1.29,0.37,Fix bug,New module,Bug,4.48,4.7,Bob,13.67
SP0432,41.88,28.72,75.83,1.77,48.28,3.23,-0.16,1.15,Bob,49.11,41.4,33.38,5.19,1.47,126.52,1.28,ISS0150,Story,Medium,10.9,6.43,Add feature,8.14,49.37,17.54,3.2,1.45,1.1,Improve performance,New module,Bug,19.73,5.29,Carol,9.89
SP0014,71.67,38.85,85.36,5.43,55.7,1.5,-6.57,0.12,Bob,35.05,33.27,35.26,4.58,2.09,149.83,0.86,ISS0424,Story,Low,9.98,3.04,Fix bug,24.92,43.57,17.93,2.68,2.0,0.19,Fix bug,New module,Performance,16.36,7.84,Carol,9.94
SP0020,62.8,26.14,85.77,2.54,44.08,0.89,2.06,-0.38,Carol,32.87,45.32,33.75,3.54,0.04,140.7,1.17,ISS0120,Bug,Medium,13.95,7.66,Refactor code,22.7,58.33,16.66,0.39,2.21,0.22,Fix bug,Tech debt,Feature,14.72,4.76,David,24.23
SP0376,52.26,18.24,66.42,4.55,76.84,4.54,2.88,0.11,Alice,31.88,66.62,39.07,2.05,0.62,127.87,0.41,ISS0382,Task,High,1.92,10.12,Add feature,10.32,46.72,21.97,3.54,4.8,0.32,Fix bug,Critical bug,Performance,6.82,4.95,Bob,21.25
SP0154,67.58,49.9,66.08,1.11,70.54,2.16,0.49,0.07,Bob,54.22,63.54,37.18,4.84,1.85,174.04,0.63,ISS0963,Bug,High,20.19,9.67,Fix bug,15.94,46.68,30.76,0.89,1.56,0.38,Fix bug,Critical bug,Performance,7.06,6.08,Alice,8.92
SP1000,45.92,17.8,57.86,1.71,42.2,2.26,6.43,-0.08,Carol,50.47,46.9,36.78,1.62,0.46,-8.77,1.13,ISS0301,Task,Medium,9.26,10.77,Refactor code,15.08,45.88,31.52,3.66,2.17,-0.05,Code cleanup,User request,Refactor,12.26,10.21,David,17.3
SP0675,4.34,43.22,37.18,6.02,57.89,0.79,3.61,0.26,Carol,30.56,57.17,20.65,9.61,0.81,32.18,0.87,ISS0809,Task,Low,6.19,7.0,Fix bug,20.87,46.75,22.27,1.24,1.53,-0.25,Develop feature,User request,Refactor,4.51,8.42,David,3.54
SP0218,45.92,17.09,71.1,7.22,7.74,1.57,7.89,-0.17,Bob,28.84,18.01,27.07,6.77,0.69,78.58,0.78,ISS0536,Task,Medium,11.16,4.74,Fix bug,18.63,35.71,24.09,0.0,1.61,0.63,Fix bug,User request,Refactor,14.51,12.08,David,4.68
SP0367,52.39,45.07,54.67,4.92,79.61,2.36,1.44,0.43,Bob,45.9,57.73,25.16,3.04,2.56,134.92,1.42,ISS0967,Task,High,15.41,10.57,Refactor code,21.4,48.0,18.32,-0.41,3.45,-0.17,Improve performance,User request,Performance,6.77,4.91,David,6.35
SP0388,34.86,8.01,61.69,7.42,49.35,-1.7,-5.44,-0.1,David,32.01,25.68,43.98,6.15,4.42,83.13,0.72,ISS0986,Task,Low,11.99,3.68,Refactor code,4.89,39.74,24.98,2.64,2.5,0.78,Code cleanup,New module,Feature,11.26,6.99,Carol,10.4
SP0428,31.59,39.8,71.58,3.64,47.56,1.64,11.12,1.01,Alice,26.43,56.21,27.25,6.94,3.3,18.15,1.29,ISS0213,Story,Medium,16.62,3.69,Update UI,15.98,18.24,32.02,2.29,4.88,0.6,Code cleanup,New module,Refactor,1.68,7.18,Carol,12.45
SP0058,41.92,43.57,54.13,-2.1,32.88,1.15,10.91,0.36,David,44.33,46.05,51.89,3.46,2.4,106.51,0.02,ISS0014,Story,Low,15.15,7.6,Add feature,7.56,48.09,29.12,4.4,-0.49,-0.38,Fix bug,User request,Performance,7.66,8.96,Alice,17.96
SP0673,30.32,76.28,58.97,7.2,34.68,3.23,6.43,0.64,Carol,35.67,51.73,34.55,8.82,-0.01,119.07,0.86,ISS0044,Task,High,5.23,3.61,Update UI,13.36,44.66,29.5,4.07,3.44,0.37,Develop feature,New module,Refactor,14.51,4.72,Carol,9.63
SP0245,55.91,42.93,67.3,5.99,70.93,3.22,-0.7,0.7,Carol,49.01,41.02,28.02,5.27,2.83,44.27,0.2,ISS0780,Story,Low,9.63,5.74,Update UI,14.18,38.84,23.07,1.02,-0.83,-0.3,Fix bug,New module,Performance,16.42,4.39,Bob,11.27
SP0306,44.0,31.03,37.04,8.13,33.24,1.6,8.96,-0.06,David,38.5,38.43,52.22,7.22,3.17,125.89,0.94,ISS0688,Bug,High,10.0,11.1,Add feature,23.32,46.1,33.02,1.97,2.04,0.29,Develop feature,New module,Performance,5.52,10.04,David,4.03
SP0877,46.11,47.65,63.69,7.51,44.48,1.79,7.32,-0.29,Bob,45.72,32.74,26.82,2.98,1.53,184.33,0.63,ISS0196,Task,Medium,12.95,8.77,Add feature,13.24,41.45,26.56,3.53,1.58,0.88,Develop feature,New module,Refactor,3.42,8.79,Alice,25.31
SP0854,59.2,51.59,60.15,7.96,60.99,3.0,-5.99,0.65,Carol,30.77,34.02,44.76,0.6,0.26,91.75,0.63,ISS0953,Task,Medium,7.53,13.52,Add feature,10.85,40.88,32.98,2.35,0.92,-0.05,Fix bug,User request,Refactor,7.02,14.86,Bob,14.76
SP0383,50.98,61.72,57.52,3.91,23.94,1.36,6.62,0.98,Carol,26.46,75.59,44.77,5.07,-0.26,114.77,0.22,ISS0853,Task,High,10.27,4.66,Update UI,11.24,39.92,30.76,4.94,0.98,-0.19,Code cleanup,New module,Performance,18.16,3.9,Alice,2.14
SP0906,27.53,26.14,68.81,3.28,38.53,2.29,-0.62,-0.11,Carol,49.45,55.94,26.16,6.12,2.1,83.14,0.32,ISS0252,Task,High,13.12,7.51,Update UI,5.59,28.07,21.63,2.63,2.43,0.51,Fix bug,Critical bug,Performance,3.33,11.98,David,11.8
SP0675,60.7,39.44,81.68,7.74,31.95,0.85,-6.42,0.6,Carol,41.88,38.99,41.04,3.85,3.88,158.38,0.6,ISS0910,Story,Medium,7.8,12.75,Add feature,17.33,49.36,25.53,5.6,2.86,0.74,Improve performance,New module,Bug,13.72,-0.12,Bob,23.47
SP0855,24.77,24.23,40.51,6.9,47.94,2.71,-2.91,0.65,David,55.23,50.21,39.77,4.56,0.99,48.12,0.5,ISS0059,Task,Low,1.98,5.46,Add feature,16.3,40.56,25.93,1.38,0.36,-0.19,Improve performance,User request,Bug,18.35,7.82,Bob,13.2
SP0111,58.3,38.02,75.36,5.34,51.35,2.48,10.36,0.2,Alice,50.11,33.46,38.72,6.6,0.28,148.71,-0.12,ISS0128,Bug,Low,5.16,5.23,Update UI,16.5,59.71,21.02,1.7,3.1,0.51,Code cleanup,User request,Refactor,7.88,10.88,Carol,5.71
SP0566,37.88,15.55,13.51,8.75,55.53,1.12,6.9,0.35,Alice,52.95,58.64,38.33,1.46,-0.11,177.33,1.35,ISS0735,Task,Low,5.77,6.62,Add feature,17.33,38.34,19.0,0.96,1.61,0.55,Develop feature,New module,Performance,12.2,9.51,David,3.43
SP0810,26.42,19.85,69.1,3.99,17.16,1.75,0.57,0.35,David,20.86,33.11,32.34,4.15,1.49,103.72,0.69,ISS0203,Bug,Medium,19.02,9.51,Add feature,13.7,53.27,26.78,3.17,2.9,-0.38,Code cleanup,User request,Bug,7.34,4.4,Alice,22.56
SP0703,36.18,54.1,48.11,2.94,38.98,1.87,-3.48,0.43,Carol,36.01,41.92,31.12,9.3,0.5,100.5,1.08,ISS0694,Bug,Medium,5.73,5.89,Add feature,11.56,26.72,17.96,1.14,3.96,-0.06,Code cleanup,Tech debt,Feature,14.24,8.08,Carol,13.55
SP0564,46.8,35.02,71.28,4.23,57.73,2.08,9.17,0.38,Bob,33.86,16.51,15.66,7.06,4.64,114.78,0.84,ISS0777,Story,Low,8.8,7.07,Update UI,16.78,36.83,22.85,0.11,4.74,0.2,Code cleanup,User request,Refactor,4.38,-1.22,Bob,19.17
SP0446,59.89,25.39,68.84,0.46,44.91,0.61,-0.57,1.06,Bob,31.51,53.19,21.86,3.03,4.12,110.85,1.09,ISS0499,Bug,High,-1.52,1.38,Refactor code,17.48,43.42,11.42,4.36,-1.69,0.32,Fix bug,Tech debt,Performance,9.51,8.59,Carol,7.9
SP0305,18.33,32.25,63.42,1.65,42.56,3.01,11.63,-0.1,Carol,35.39,15.15,44.67,5.96,3.92,16.04,0.99,ISS0941,Story,Medium,10.29,6.98,Update UI,4.33,36.95,33.46,2.59,1.52,0.29,Code cleanup,New module,Performance,19.09,8.14,Carol,7.12
SP0919,14.49,43.29,37.32,5.72,64.68,1.64,-5.35,0.43,David,45.52,43.98,34.69,7.66,-0.36,67.13,0.23,ISS0530,Bug,Low,8.88,12.31,Fix bug,21.51,47.97,34.78,2.28,1.94,-0.12,Code cleanup,User request,Performance,15.34,5.26,Carol,18.57
SP0363,66.73,1.66,96.87,11.67,63.62,2.51,3.57,0.54,David,45.0,27.64,32.05,7.45,1.9,214.44,-0.34,ISS0984,Story,High,10.94,3.45,Refactor code,12.98,39.65,30.38,2.45,2.26,-0.11,Fix bug,New module,Performance,15.82,4.03,Alice,14.6
SP0834,34.75,10.38,34.09,8.5,49.53,-0.34,2.09,0.11,David,43.77,43.77,36.57,0.77,3.15,191.38,0.46,ISS0927,Task,Medium,16.84,13.0,Fix bug,14.9,30.27,38.2,1.53,3.86,0.08,Develop feature,New module,Performance,16.33,8.01,David,5.71
SP0622,70.91,2.19,51.64,8.52,34.26,0.7,6.93,0.51,David,22.11,55.25,43.75,7.08,1.72,212.1,1.35,ISS0867,Task,Low,19.21,4.63,Refactor code,15.56,27.23,21.94,2.29,2.51,0.42,Develop feature,User request,Refactor,10.6,3.08,Carol,26.32
SP0452,13.16,29.73,61.92,3.32,54.05,2.34,9.27,0.73,Carol,36.97,55.16,39.03,8.01,2.25,115.4,1.79,ISS0981,Story,Medium,19.38,8.03,Fix bug,13.35,48.17,21.13,2.8,1.06,0.43,Develop feature,New module,Refactor,-4.77,9.15,David,17.74
SP0398,69.55,23.31,66.71,3.47,30.83,1.54,-4.43,0.71,Alice,56.95,24.8,32.33,3.46,0.1,102.43,-0.08,ISS0616,Task,Medium,4.21,6.99,Refactor code,16.67,36.28,20.33,0.52,0.91,0.12,Code cleanup,Critical bug,Performance,7.5,12.35,Alice,-1.18
SP0697,60.94,57.71,65.32,4.36,44.18,2.94,-2.31,-0.02,Alice,45.18,31.58,9.97,5.41,1.42,66.66,0.78,ISS0220,Story,Medium,14.69,5.91,Update UI,11.59,45.92,43.44,3.71,-2.34,0.27,Improve performance,New module,Feature,7.69,7.22,David,11.73
SP0890,52.44,45.06,96.42,7.45,62.96,3.09,5.95,0.3,Bob,32.49,42.18,36.9,10.23,1.19,100.66,-0.22,ISS0556,Bug,High,17.03,9.63,Refactor code,12.71,34.95,38.14,-1.66,3.99,-0.03,Develop feature,Critical bug,Bug,22.09,10.39,David,14.9
SP0835,63.49,21.58,70.11,4.64,26.86,3.75,-0.74,0.55,Bob,26.77,39.63,32.29,2.24,-0.61,113.45,0.53,ISS0143,Story,Medium,9.38,8.42,Update UI,11.42,40.88,45.46,2.39,0.11,0.15,Improve performance,Tech debt,Performance,13.96,5.5,Alice,9.54
SP0350,65.54,15.82,45.8,5.5,23.87,1.9,4.37,0.27,David,30.91,58.54,37.76,0.99,3.57,66.0,0.34,ISS0576,Story,Low,5.01,6.07,Add feature,11.06,48.18,35.29,2.83,-1.49,-0.59,Code cleanup,User request,Bug,17.06,7.21,Alice,18.68
SP0839,66.4,29.5,106.18,5.29,72.04,0.43,9.55,0.29,Carol,35.57,35.56,46.71,2.86,1.43,128.3,1.16,ISS0811,Bug,Low,2.22,7.93,Add feature,12.0,14.95,14.84,1.59,1.51,0.96,Code cleanup,Critical bug,Feature,13.18,7.17,Bob,17.1
SP0557,59.42,35.65,35.56,5.91,44.79,0.75,0.59,0.01,Alice,41.08,46.83,47.54,4.11,0.48,119.83,0.17,ISS0716,Bug,Medium,3.65,9.12,Update UI,6.15,40.64,15.24,1.15,2.95,-0.29,Develop feature,Critical bug,Performance,20.55,5.72,Alice,20.8
SP0008,17.04,56.87,63.48,0.03,48.0,2.33,-2.11,-0.12,David,53.31,62.41,39.22,1.79,0.88,153.49,0.26,ISS0145,Bug,High,6.65,6.11,Update UI,1.02,33.92,13.31,1.99,1.89,1.05,Fix bug,Critical bug,Performance,7.3,9.92,Bob,13.49
SP0122,48.52,24.62,72.75,2.85,56.99,0.7,-1.11,0.6,Bob,40.04,25.9,41.19,2.12,2.5,159.37,0.33,ISS0749,Task,Low,17.37,8.64,Update UI,19.16,22.4,20.02,1.34,1.69,0.33,Fix bug,User request,Performance,20.47,4.42,Bob,4.31
SP0792,56.83,41.29,89.04,5.04,44.66,3.69,5.48,0.09,Carol,50.31,30.21,51.18,9.7,2.14,190.07,0.12,ISS0630,Bug,Medium,11.62,8.66,Update UI,17.69,51.89,12.63,3.73,1.82,0.39,Improve performance,Critical bug,Refactor,8.79,6.23,David,-0.34
SP0487,75.01,52.18,93.21,7.01,26.6,-2.35,4.54,0.04,David,52.55,42.27,39.32,3.64,2.31,220.71,0.76,ISS0851,Task,Low,10.38,8.32,Refactor code,8.17,43.47,41.66,3.04,1.41,0.39,Code cleanup,Tech debt,Feature,14.58,6.68,Bob,15.91
SP0902,58.42,50.69,38.53,3.74,34.32,2.48,5.31,-0.03,Carol,37.24,77.78,37.22,6.47,1.81,216.2,0.54,ISS0206,Bug,High,17.05,12.04,Add feature,11.04,74.25,16.22,3.83,0.77,0.25,Develop feature,New module,Feature,-0.52,12.36,David,10.32
SP0440,85.26,41.29,45.38,1.05,64.94,0.99,0.61,-0.35,Alice,39.88,61.27,36.66,6.64,1.02,165.73,0.24,ISS0444,Bug,Medium,11.71,3.25,Add feature,7.52,21.83,30.12,1.91,2.03,0.12,Fix bug,Tech debt,Bug,14.54,3.5,Bob,10.96
SP0469,51.02,13.49,48.78,5.75,49.18,0.57,7.43,0.42,Carol,54.45,32.9,22.04,6.44,3.1,246.66,1.02,ISS0988,Task,Medium,10.96,5.58,Add feature,12.0,39.75,32.14,2.52,3.18,0.03,Fix bug,User request,Performance,16.06,4.86,Bob,8.24
SP0732,57.54,12.23,17.88,5.93,36.91,2.81,3.11,0.09,Bob,29.25,43.09,40.6,8.1,1.1,-0.43,0.98,ISS0512,Story,Medium,2.44,12.48,Fix bug,13.49,31.1,24.64,4.6,2.5,-0.34,Code cleanup,Tech debt,Feature,11.79,7.82,Alice,6.53
SP0665,2.73,45.98,58.04,9.04,40.68,1.52,-5.96,-0.09,Bob,34.53,52.73,34.73,4.44,-0.09,30.35,0.37,ISS0967,Bug,Medium,10.61,4.95,Add feature,19.51,46.97,28.07,2.02,2.56,0.95,Code cleanup,New module,Feature,15.18,8.35,David,10.13
SP0776,14.56,71.02,69.63,0.36,66.15,0.7,5.38,0.41,David,27.79,23.44,24.75,5.95,1.61,195.4,1.37,ISS0976,Task,Low,16.94,1.35,Add feature,13.7,47.21,24.69,4.98,0.72,0.39,Improve performance,Tech debt,Performance,8.54,3.54,David,12.04
SP0375,33.26,21.82,66.76,1.04,61.92,1.11,-2.21,-0.18,David,26.71,47.14,42.24,4.73,4.19,174.69,0.12,ISS0624,Task,High,4.73,4.49,Fix bug,9.55,47.68,32.31,-0.5,2.45,0.16,Fix bug,New module,Bug,13.32,4.44,Alice,15.36
SP0090,9.29,43.44,81.09,3.26,46.62,4.61,4.74,0.26,Alice,29.14,55.64,26.01,3.24,3.14,119.31,-0.24,ISS0333,Task,High,11.99,7.14,Fix bug,12.71,41.92,24.73,2.92,2.38,-0.51,Fix bug,Critical bug,Bug,6.84,10.22,Carol,18.65
SP0160,66.72,61.42,93.27,-0.48,59.65,0.75,1.26,0.08,Alice,56.1,62.23,29.32,7.57,0.24,224.52,0.22,ISS0082,Task,High,11.33,5.92,Add feature,16.7,52.01,28.02,-0.71,2.43,0.13,Develop feature,User request,Refactor,6.95,0.67,Carol,8.41
SP0785,51.74,33.69,59.5,4.56,53.3,1.63,-9.4,0.76,Carol,38.34,61.74,29.07,4.67,3.3,72.55,0.97,ISS0018,Bug,High,17.62,5.33,Fix bug,17.42,44.1,38.9,0.81,2.72,0.53,Develop feature,Critical bug,Refactor,13.81,11.37,Bob,13.58
SP0200,35.57,35.47,81.93,6.05,45.76,2.27,6.62,1.06,Carol,38.25,62.87,45.88,8.4,3.21,126.27,0.85,ISS0915,Task,High,10.94,7.36,Fix bug,17.53,29.76,27.4,2.18,3.25,0.38,Fix bug,Critical bug,Refactor,7.15,11.4,David,6.19
SP0612,13.4,38.56,51.47,8.8,38.55,0.99,0.7,0.02,Alice,26.99,57.61,42.11,4.45,4.61,113.26,0.45,ISS0634,Task,High,3.6,12.12,Add feature,23.75,20.39,16.43,1.85,1.27,-0.28,Improve performance,New module,Refactor,4.52,5.5,Carol,15.4
SP0235,38.67,42.54,83.7,11.13,51.36,2.26,-1.99,0.18,David,34.12,42.38,40.73,8.41,2.41,253.18,0.32,ISS0212,Task,Medium,8.9,4.36,Update UI,23.47,39.34,35.28,1.27,-0.49,-0.2,Code cleanup,Critical bug,Bug,14.04,4.98,Carol,2.39
SP0559,49.95,44.04,57.3,4.96,45.53,6.35,6.74,-0.13,Alice,24.45,38.03,32.32,1.02,2.59,207.07,0.36,ISS0987,Bug,Medium,14.2,3.02,Add feature,20.54,52.29,21.95,1.73,5.45,0.15,Develop feature,Critical bug,Refactor,15.23,4.11,Carol,9.76
SP0533,46.05,0.88,66.84,-0.81,37.78,-0.08,6.62,0.04,Bob,36.69,44.45,34.11,6.07,0.23,44.07,0.88,ISS0484,Story,Medium,11.99,11.93,Refactor code,13.04,41.54,19.36,-0.1,1.44,0.01,Improve performance,New module,Performance,6.91,1.66,David,15.6
SP0726,46.22,9.67,90.26,5.84,81.63,1.35,0.59,0.65,Carol,40.08,34.01,35.89,5.11,1.37,199.6,0.43,ISS0894,Bug,Low,6.26,3.58,Update UI,15.09,49.25,24.97,1.28,2.69,-0.23,Improve performance,User request,Refactor,12.11,-0.55,Carol,16.32
SP0157,38.15,0.01,59.33,2.23,58.77,2.01,3.85,1.02,David,36.8,47.78,37.89,6.59,2.73,68.06,0.56,ISS0391,Task,Medium,12.27,12.72,Update UI,10.98,37.83,25.15,1.68,3.68,-0.08,Improve performance,New module,Refactor,5.58,6.65,Alice,19.62
SP0076,52.73,26.33,29.43,6.85,60.93,0.72,7.64,-0.93,Carol,29.52,42.51,40.82,4.87,0.28,124.65,0.73,ISS0262,Story,Medium,15.51,4.16,Refactor code,20.65,45.29,20.89,1.85,2.67,-0.06,Improve performance,New module,Feature,12.43,11.02,Carol,9.66
SP0159,35.47,58.91,62.43,7.02,58.45,2.9,8.82,-0.03,Carol,17.93,25.0,21.94,2.88,4.32,104.9,0.02,ISS0391,Task,Low,15.72,7.21,Fix bug,11.91,38.59,30.12,3.32,3.17,0.91,Develop feature,Tech debt,Performance,13.05,8.55,Carol,14.0
SP0348,46.43,44.45,59.0,4.93,52.31,3.55,7.97,0.53,David,24.06,40.61,44.68,6.44,3.12,121.14,0.08,ISS0695,Story,Low,14.28,16.79,Add feature,6.37,32.41,21.23,4.24,3.31,0.23,Improve performance,Critical bug,Refactor,14.22,-0.75,Alice,17.14
SP0195,60.56,19.74,87.06,5.27,48.92,2.33,5.97,0.5,Bob,28.85,20.76,33.68,6.8,2.6,207.25,0.44,ISS0080,Task,Medium,7.49,3.19,Refactor code,15.56,39.0,29.38,0.37,1.55,0.77,Fix bug,User request,Performance,18.08,6.58,David,6.36
SP0025,57.74,35.48,81.6,1.81,27.99,0.86,4.11,-0.14,Carol,33.56,46.36,36.42,5.89,2.51,150.55,0.15,ISS0694,Bug,High,11.47,10.16,Add feature,25.08,37.94,40.43,2.38,1.74,-0.37,Code cleanup,Critical bug,Refactor,12.57,4.93,David,10.8
SP0385,50.7,51.42,86.42,6.74,51.45,2.79,-1.37,0.16,Carol,54.52,34.18,25.93,5.48,1.46,153.19,0.81,ISS0714,Story,Medium,10.46,6.24,Add feature,8.83,39.68,27.12,2.5,3.07,0.83,Improve performance,User request,Refactor,12.19,7.54,Alice,12.71
SP0741,54.98,20.3,89.37,4.11,19.93,0.73,5.3,0.01,Bob,36.69,37.79,35.32,1.19,3.37,134.87,1.01,ISS0510,Story,Medium,24.26,3.57,Update UI,25.14,34.98,15.79,2.54,3.45,0.2,Fix bug,User request,Refactor,15.4,2.66,Carol,13.86
SP0909,43.98,21.74,62.96,5.13,36.36,-0.99,3.42,0.02,Carol,37.88,46.92,39.59,4.75,2.48,148.39,0.1,ISS0569,Story,Medium,16.27,8.45,Fix bug,16.59,41.91,31.54,1.31,-0.83,-0.69,Develop feature,User request,Performance,8.51,9.84,Alice,19.34
SP0379,70.59,49.61,65.63,1.84,47.31,-0.05,-0.28,0.48,Bob,39.97,42.86,31.49,2.01,3.04,219.46,0.76,ISS0977,Bug,High,4.15,9.44,Update UI,3.23,35.48,36.12,4.12,1.85,0.71,Code cleanup,Tech debt,Bug,5.63,7.24,Bob,11.14
SP0713,44.55,39.59,59.85,8.11,45.31,-0.17,-2.54,0.49,David,38.35,36.06,33.18,2.09,4.09,210.84,-0.04,ISS0755,Story,Medium,6.72,5.29,Fix bug,16.57,24.55,29.65,1.57,1.02,0.18,Improve performance,Critical bug,Performance,3.01,7.82,David,6.65
SP0733,61.71,64.65,53.23,3.51,31.73,3.05,6.0,0.14,Alice,32.64,41.72,34.39,4.76,3.2,232.85,1.05,ISS0398,Story,Low,19.95,4.41,Refactor code,7.91,19.15,27.4,1.27,2.39,-0.36,Develop feature,User request,Bug,7.42,6.27,Bob,17.15
SP0778,64.71,31.1,96.8,3.23,53.91,4.87,7.27,-0.01,Bob,50.86,14.91,33.09,2.24,1.91,179.78,0.05,ISS0082,Bug,Medium,10.95,15.62,Fix bug,6.56,26.49,27.49,3.06,-1.07,-0.44,Improve performance,User request,Performance,10.51,7.2,Alice,3.52
SP0438,67.87,27.53,48.79,7.55,82.58,1.63,-0.3,0.51,Alice,35.27,55.57,28.58,8.28,2.94,68.58,1.85,ISS0683,Story,Low,7.61,9.86,Refactor code,24.44,29.21,31.94,2.07,3.38,0.66,Code cleanup,Critical bug,Feature,21.61,7.97,Bob,17.56
SP0458,61.1,78.18,84.4,4.89,55.49,4.55,2.21,0.75,Carol,29.71,19.51,31.75,3.79,1.62,82.41,0.93,ISS0218,Task,Medium,6.71,3.93,Refactor code,15.67,10.99,30.9,0.45,2.43,0.14,Develop feature,New module,Bug,2.77,10.77,Carol,17.19
SP0995,37.78,34.71,46.28,4.16,52.67,0.66,4.38,1.28,Carol,32.67,34.19,16.29,7.98,3.64,237.12,1.12,ISS0855,Bug,High,10.38,9.36,Fix bug,15.78,42.14,28.34,3.06,1.58,0.42,Code cleanup,Critical bug,Feature,18.26,-1.37,Bob,10.72
SP0608,37.24,34.84,70.8,4.4,92.38,1.95,0.51,0.44,Alice,55.95,41.57,19.27,4.51,1.49,143.26,0.76,ISS0869,Task,Medium,10.48,12.45,Refactor code,9.4,59.27,36.04,4.73,3.38,0.9,Develop feature,Critical bug,Feature,11.42,2.1,Alice,7.74
SP0295,34.87,46.6,57.52,5.24,43.45,4.67,6.55,0.53,Carol,39.61,69.74,47.2,3.87,-0.49,52.72,1.11,ISS0210,Task,High,4.74,7.54,Refactor code,13.5,32.7,23.35,1.15,2.19,0.19,Improve performance,Critical bug,Bug,10.62,2.72,Carol,10.07
SP0221,33.21,39.5,62.23,-0.68,46.96,0.63,-2.27,-0.34,Bob,11.04,59.27,20.85,6.85,1.68,130.1,1.61,ISS0388,Bug,Low,1.96,5.29,Add feature,13.95,43.99,22.21,0.63,2.71,-0.41,Code cleanup,New module,Feature,6.79,3.81,Alice,14.74
SP0984,74.33,38.22,59.69,9.81,22.32,0.9,3.95,0.31,Carol,35.23,39.12,36.25,7.94,-0.06,96.52,0.86,ISS0439,Task,High,7.18,8.78,Fix bug,3.09,38.42,31.42,1.04,2.76,1.05,Improve performance,New module,Performance,10.51,9.95,David,17.92
SP0910,55.26,44.15,66.37,2.7,32.49,-0.9,6.95,0.19,David,58.42,22.63,34.5,5.2,0.96,119.82,0.15,ISS0313,Bug,High,1.9,3.73,Fix bug,16.07,48.95,32.41,3.7,4.91,-0.11,Fix bug,Tech debt,Bug,23.78,8.86,Alice,13.92
SP0165,48.48,38.22,42.81,8.78,57.92,1.26,9.98,0.78,Alice,56.3,36.97,41.75,8.89,3.8,160.16,0.62,ISS0338,Bug,Medium,9.86,-0.59,Fix bug,22.09,44.71,26.19,1.67,0.4,0.45,Fix bug,Critical bug,Bug,18.91,8.46,Alice,14.76
SP0176,57.04,66.84,55.69,6.64,37.62,2.45,11.13,0.16,Alice,30.03,31.7,35.54,1.04,0.39,190.1,-0.16,ISS0137,Bug,Medium,16.48,8.6,Fix bug,16.83,21.01,18.38,0.52,2.37,0.23,Develop feature,New module,Performance,7.92,8.54,David,12.26
SP0073,1.77,52.28,59.3,-1.11,61.79,1.03,5.22,0.79,Bob,42.75,46.98,35.43,4.98,2.26,197.49,0.78,ISS0953,Task,High,14.34,9.16,Update UI,20.43,61.14,37.22,1.75,3.81,0.25,Fix bug,Tech debt,Bug,7.83,9.07,David,9.56
SP0461,68.3,38.75,86.49,8.35,56.19,0.77,3.37,-0.01,Carol,36.67,42.75,17.82,3.95,3.1,135.03,-0.46,ISS0721,Bug,Low,9.61,10.58,Fix bug,4.81,70.98,33.75,3.29,3.85,0.04,Develop feature,Tech debt,Bug,3.95,10.0,Carol,2.51
SP0864,38.31,32.6,84.84,-0.0,58.87,1.16,1.3,0.48,Carol,45.12,57.9,52.51,-0.62,1.27,156.81,0.26,ISS0904,Bug,Low,4.28,4.91,Refactor code,12.17,38.11,17.78,2.41,1.1,-0.25,Code cleanup,Critical bug,Bug,15.45,4.24,Alice,12.73
SP0320,80.29,39.46,88.05,6.94,35.95,0.49,-6.44,0.21,Bob,41.16,35.28,29.93,3.69,3.78,103.32,1.36,ISS0318,Task,Low,14.47,7.66,Add feature,9.82,27.27,13.46,1.72,3.53,-0.22,Fix bug,Tech debt,Performance,12.39,7.55,Carol,13.04
SP0218,74.44,35.76,63.85,6.42,69.04,1.53,4.1,0.48,Bob,36.93,43.88,30.14,5.37,0.36,155.18,0.39,ISS0616,Bug,High,9.16,7.09,Add feature,17.74,48.74,16.67,0.26,3.09,-0.04,Develop feature,User request,Feature,17.62,6.19,David,11.15
SP0912,39.47,33.18,65.97,1.66,51.83,-0.37,1.4,0.14,Carol,36.93,41.94,47.23,2.34,-0.19,193.51,1.2,ISS0771,Bug,High,23.94,7.56,Add feature,13.33,43.62,27.01,1.57,1.08,0.24,Develop feature,New module,Bug,12.07,8.84,David,12.29
SP0520,32.52,58.7,70.7,5.42,41.49,1.98,-1.98,-0.12,Bob,36.43,31.36,42.13,5.24,-1.0,96.36,-0.11,ISS0571,Bug,High,17.53,8.51,Refactor code,12.37,45.04,34.46,2.82,4.52,0.99,Code cleanup,Critical bug,Refactor,11.27,11.07,David,5.63
SP0015,40.12,43.82,65.71,2.4,78.26,1.8,6.54,0.29,Carol,30.78,21.79,48.88,4.67,0.22,72.43,1.45,ISS0562,Task,High,7.03,6.22,Fix bug,13.18,35.3,20.74,1.52,3.2,0.1,Fix bug,Tech debt,Feature,10.91,3.98,Alice,14.4
SP0899,22.83,31.22,77.42,5.21,57.48,1.64,1.41,0.04,Alice,70.72,34.29,33.86,4.91,1.75,119.55,0.47,ISS0104,Story,Low,14.88,7.88,Add feature,18.17,37.65,15.45,3.59,0.81,0.75,Improve performance,New module,Refactor,13.16,7.22,Carol,6.75
SP0514,53.7,17.58,71.08,6.54,45.89,2.93,0.7,-0.04,Alice,33.98,33.41,31.01,9.71,-0.01,98.83,0.55,ISS0177,Story,Medium,12.51,12.81,Update UI,16.98,37.6,12.99,-0.28,1.72,0.15,Improve performance,User request,Performance,13.24,8.1,David,13.19
SP0443,42.05,31.04,64.43,4.07,60.08,2.51,8.74,-0.46,Alice,50.85,47.15,39.34,6.95,1.76,190.51,0.95,ISS0904,Bug,Medium,14.96,8.25,Fix bug,1.9,34.95,22.7,4.39,2.11,0.22,Fix bug,New module,Refactor,7.55,4.48,Carol,8.53
SP0104,64.41,26.63,81.37,5.8,48.44,3.34,-1.98,0.8,Alice,19.11,48.99,27.97,2.98,2.3,149.22,0.26,ISS0573,Story,Low,15.12,6.26,Add feature,19.96,37.99,21.67,2.91,4.61,0.58,Code cleanup,Tech debt,Bug,5.92,1.05,Carol,5.09
SP0175,60.97,50.63,61.22,3.38,41.24,1.74,-3.93,0.42,Carol,39.29,62.67,40.97,3.78,3.45,105.44,0.29,ISS0304,Task,Medium,-1.46,6.01,Add feature,19.28,31.89,22.0,0.64,1.07,0.86,Fix bug,New module,Performance,14.43,4.9,Bob,20.59
SP0721,42.82,11.38,44.03,1.21,20.86,3.57,6.04,0.25,Bob,29.76,29.86,31.76,5.74,2.17,166.3,0.82,ISS0179,Bug,Medium,18.55,10.5,Update UI,12.55,26.12,14.95,0.79,2.26,-0.04,Code cleanup,User request,Bug,10.76,6.46,Carol,-0.47
SP0910,75.94,37.87,82.04,3.39,60.45,1.55,2.78,0.56,David,37.61,62.01,50.0,9.62,3.46,107.94,0.63,ISS0149,Task,Low,9.65,7.76,Fix bug,11.38,47.0,15.49,1.51,0.79,-0.21,Develop feature,Critical bug,Feature,21.67,5.11,David,17.1
SP0562,57.15,72.29,24.41,4.62,71.89,2.4,1.29,-0.21,Bob,39.06,48.45,29.72,7.84,-1.85,53.42,0.65,ISS0512,Story,Medium,14.91,5.17,Fix bug,26.69,51.88,27.86,0.41,2.82,0.58,Code cleanup,New module,Feature,9.62,4.88,David,12.42
SP0788,54.15,22.93,65.77,7.74,33.16,3.23,11.58,0.51,Bob,51.03,29.47,40.19,0.79,1.38,81.92,-0.32,ISS0543,Story,High,6.35,10.55,Update UI,15.26,41.93,36.08,4.71,3.66,-0.35,Fix bug,User request,Performance,13.09,4.68,Carol,11.85
SP0078,68.85,1.49,103.21,2.65,21.97,0.66,0.74,-0.27,Alice,43.13,60.57,31.62,5.59,0.64,186.3,-0.25,ISS0495,Story,High,4.59,7.79,Add feature,19.41,53.52,19.56,0.67,2.67,0.85,Fix bug,Tech debt,Bug,0.56,7.71,Carol,17.05
SP0718,43.19,51.33,50.45,3.05,45.87,3.32,-1.05,0.23,Carol,42.75,33.42,46.65,6.92,1.77,95.42,-0.1,ISS0058,Story,Low,18.83,3.9,Refactor code,21.84,45.56,32.21,3.83,1.42,0.15,Code cleanup,User request,Feature,4.74,7.95,Carol,19.54
SP0029,41.65,55.86,78.76,5.14,55.18,1.83,-2.97,0.57,David,57.85,42.75,38.43,4.62,0.12,258.94,0.75,ISS0049,Task,Medium,9.48,0.55,Fix bug,9.47,35.52,17.78,2.7,2.34,-0.01,Code cleanup,Critical bug,Bug,17.77,6.38,Alice,5.74
SP0594,27.67,45.06,66.69,2.97,51.72,1.52,1.83,-0.1,Carol,45.45,38.76,39.84,4.59,1.41,96.32,0.57,ISS0123,Story,Medium,12.85,5.85,Update UI,12.33,52.4,23.23,0.63,2.47,0.6,Code cleanup,User request,Performance,8.08,4.21,David,20.31
SP0126,13.87,73.99,73.68,6.39,39.22,1.46,1.77,-0.26,Alice,51.17,59.12,48.27,3.5,3.06,144.57,1.32,ISS0635,Bug,Medium,15.37,5.18,Add feature,21.31,35.17,26.94,2.22,-0.65,-0.28,Improve performance,Critical bug,Bug,11.51,9.91,David,19.51
SP0870,45.37,31.35,55.56,1.69,32.0,-0.02,6.43,0.13,David,41.11,56.16,36.13,8.34,0.69,177.14,1.29,ISS0150,Story,High,10.99,10.76,Fix bug,11.98,32.25,29.0,0.98,2.4,1.33,Improve performance,New module,Performance,10.66,3.0,Alice,9.29
SP0457,71.22,36.24,78.01,1.09,16.9,3.63,3.78,0.98,Alice,33.94,67.85,32.53,8.65,1.79,166.26,0.87,ISS0773,Bug,High,19.88,5.07,Add feature,6.19,28.89,26.19,4.41,0.77,0.88,Code cleanup,New module,Bug,18.01,7.8,Bob,12.32
SP0373,47.61,30.12,65.36,4.31,55.47,3.66,11.42,0.29,David,20.91,19.05,33.99,5.05,0.43,73.6,0.16,ISS0974,Task,High,18.65,4.67,Fix bug,23.41,32.82,17.51,2.55,2.69,1.01,Code cleanup,User request,Feature,10.82,2.5,Alice,11.05
SP0672,31.61,16.99,63.15,4.61,36.84,1.29,4.45,0.8,David,30.82,35.3,46.43,2.01,2.46,221.76,0.33,ISS0554,Story,Medium,17.89,8.05,Add feature,7.72,39.83,27.01,3.05,0.37,-0.64,Improve performance,Tech debt,Bug,13.37,11.68,Alice,13.42
SP0170,52.97,18.9,91.81,4.4,56.72,0.61,-2.32,0.53,Bob,57.1,63.66,29.65,7.94,5.27,222.59,0.23,ISS0914,Task,High,11.76,6.37,Fix bug,13.59,30.53,34.41,-0.24,2.04,0.45,Code cleanup,User request,Refactor,0.95,6.92,Bob,8.35
SP0623,40.41,28.54,63.05,6.39,46.7,2.64,9.53,0.25,Alice,37.98,34.72,30.63,0.15,0.78,174.49,-0.78,ISS0345,Story,Low,12.21,4.73,Refactor code,27.76,39.74,29.15,3.9,2.36,0.02,Fix bug,Tech debt,Feature,14.68,6.24,Carol,8.96
SP0752,47.02,23.21,68.59,6.75,50.3,1.29,4.26,0.22,Bob,27.58,57.33,30.95,2.65,3.21,60.59,0.45,ISS0550,Task,Medium,15.02,6.67,Update UI,20.11,36.35,22.33,3.41,-0.59,0.85,Improve performance,Critical bug,Bug,9.88,8.48,Alice,12.6
SP0249,31.56,26.96,55.58,9.7,56.6,2.51,13.81,-0.5,Bob,39.49,27.45,10.78,3.29,-0.67,117.92,0.2,ISS0563,Bug,Medium,12.28,1.05,Update UI,19.11,25.08,31.41,3.14,1.07,-0.7,Fix bug,Critical bug,Performance,7.54,-0.65,Bob,17.88
SP0307,30.11,36.71,64.0,1.11,65.56,4.76,-0.11,-0.29,David,45.66,46.44,28.32,2.83,0.27,203.57,-0.4,ISS0267,Task,Low,10.4,14.45,Add feature,6.61,48.16,11.0,2.12,0.61,-0.08,Fix bug,Critical bug,Bug,6.93,9.98,Carol,11.91
SP0850,48.27,23.52,70.17,3.45,50.39,1.85,-0.25,0.92,Carol,41.73,57.5,45.0,5.52,2.04,113.18,0.9,ISS0637,Task,High,4.62,5.57,Add feature,9.69,35.66,20.3,1.03,1.75,1.11,Fix bug,New module,Feature,7.74,7.85,David,16.37
SP0772,27.14,23.36,76.58,5.85,38.28,3.52,0.28,-0.34,Bob,48.04,35.67,40.24,1.83,4.07,195.4,1.26,ISS0239,Story,Medium,13.23,8.57,Fix bug,7.39,28.19,42.05,2.5,4.54,0.0,Code cleanup,Critical bug,Bug,11.64,6.36,Carol,6.14
SP0565,63.01,30.09,62.37,0.45,57.87,0.81,7.57,0.55,Carol,42.36,17.73,35.42,6.45,2.45,107.04,1.4,ISS0619,Task,High,19.39,0.41,Fix bug,29.53,26.36,24.41,3.76,4.06,1.02,Code cleanup,Critical bug,Refactor,10.47,7.33,Carol,10.56
SP0640,72.53,24.35,87.21,8.22,74.78,2.84,4.55,-0.27,Carol,42.75,40.68,41.65,4.19,-0.67,122.54,0.37,ISS0491,Bug,High,10.9,11.1,Add feature,24.89,49.29,21.56,0.53,2.87,-0.71,Code cleanup,Tech debt,Refactor,7.55,1.65,Bob,12.3
SP0847,22.26,37.6,67.18,6.31,75.95,1.87,3.49,-0.38,Alice,46.73,50.07,25.29,3.77,3.12,173.4,0.87,ISS0144,Task,Medium,9.68,14.92,Fix bug,10.91,21.27,29.61,4.33,1.65,1.24,Fix bug,Tech debt,Performance,13.63,7.76,Alice,6.12
SP0455,60.51,48.75,51.14,5.87,15.54,0.35,4.97,0.71,Bob,47.5,28.72,31.03,3.21,1.93,142.75,0.18,ISS0777,Story,Low,9.21,5.92,Add feature,6.22,54.76,15.61,3.47,1.28,0.3,Improve performance,New module,Refactor,16.7,7.29,David,0.94
SP0893,57.5,28.85,70.73,2.03,72.03,1.83,0.63,0.3,David,43.72,48.5,43.86,6.95,1.98,68.4,0.56,ISS0347,Task,Low,15.61,7.43,Refactor code,13.48,52.44,23.67,-0.57,1.91,0.73,Improve performance,Tech debt,Performance,8.62,5.69,Carol,12.65
SP0641,52.97,43.2,73.96,3.64,49.83,1.99,-2.19,0.82,Carol,15.44,34.46,30.61,8.83,1.54,95.65,0.39,ISS0640,Task,Medium,3.54,7.88,Refactor code,10.91,32.88,26.68,1.01,0.88,0.49,Fix bug,New module,Performance,10.21,13.6,Bob,17.23
SP0293,51.29,52.85,74.23,5.79,36.39,1.95,2.51,0.52,Alice,37.62,48.63,30.14,6.18,2.35,140.2,0.75,ISS0638,Story,Low,3.65,1.93,Add feature,13.32,26.4,31.58,0.92,3.88,0.67,Improve performance,Critical bug,Bug,17.92,5.09,Bob,20.52
SP0917,41.2,21.15,71.24,2.17,78.69,3.89,1.45,-0.1,David,24.71,40.77,28.57,3.86,1.18,152.81,1.22,ISS0856,Task,Medium,9.66,-0.35,Fix bug,17.94,64.71,22.7,3.46,1.72,-0.21,Develop feature,New module,Bug,9.93,4.26,Carol,11.98
SP0646,55.24,19.0,51.06,6.58,42.81,3.32,-0.74,0.82,Bob,31.5,33.89,23.97,5.96,2.01,160.71,0.45,ISS0717,Story,High,13.92,12.22,Add feature,22.25,29.9,38.76,4.95,1.14,0.39,Code cleanup,New module,Performance,9.12,-0.61,Carol,24.79
SP0120,73.24,31.1,86.55,8.96,32.41,3.37,-4.87,-0.63,Bob,50.82,50.65,48.78,1.76,3.08,137.61,0.94,ISS0802,Story,High,11.39,7.73,Update UI,10.28,47.49,27.62,1.92,-0.24,0.74,Code cleanup,New module,Bug,16.21,7.37,Bob,17.64
SP0053,40.89,45.82,109.13,2.54,66.77,2.79,-3.87,0.46,David,18.05,49.77,36.57,6.46,2.75,45.58,-0.0,ISS0976,Task,Low,17.37,3.13,Fix bug,21.56,39.52,34.35,-1.68,3.4,0.11,Fix bug,New module,Performance,0.48,3.54,Bob,18.9
SP0934,28.27,34.18,67.26,6.37,65.58,2.29,-0.99,-0.01,Bob,47.17,39.46,41.23,5.71,1.58,213.52,0.45,ISS0643,Task,Medium,3.36,12.59,Fix bug,3.11,41.93,38.32,2.78,4.21,0.02,Develop feature,Critical bug,Feature,19.51,12.27,David,18.01
SP0557,49.41,34.48,64.76,6.79,65.51,1.71,-2.32,0.15,Bob,22.92,45.02,38.8,4.48,0.53,129.81,0.18,ISS0319,Task,Medium,12.92,12.83,Add feature,18.03,24.72,15.7,2.06,1.47,-0.53,Develop feature,Tech debt,Performance,11.43,0.05,Carol,1.14
SP0381,35.11,31.88,86.19,4.96,20.02,1.25,-0.12,-0.24,David,32.29,62.29,29.57,9.54,1.39,106.77,1.73,ISS0010,Task,High,18.61,5.62,Add feature,6.83,37.21,32.21,2.18,1.15,0.24,Develop feature,Critical bug,Bug,10.73,3.8,Carol,12.28
SP0202,36.38,37.68,68.9,1.52,63.8,1.18,8.47,0.34,Alice,21.09,25.84,25.93,2.84,3.08,170.9,1.62,ISS0140,Task,High,9.2,0.8,Refactor code,25.4,44.56,31.97,0.58,3.41,-0.16,Fix bug,Critical bug,Feature,7.58,11.82,Alice,8.12
SP0014,48.06,31.39,66.3,5.87,44.61,0.11,11.05,0.62,Alice,21.63,51.08,23.34,4.52,0.09,202.32,0.28,ISS0627,Story,Low,9.55,3.92,Fix bug,15.81,30.28,27.06,2.92,1.66,0.22,Code cleanup,New module,Performance,2.36,11.5,Bob,9.67
SP0682,51.46,35.37,86.96,4.29,30.03,0.7,-0.01,-0.54,David,33.57,46.43,26.79,3.13,2.18,149.78,0.6,ISS0215,Bug,Low,15.76,9.8,Refactor code,16.53,34.33,32.61,0.09,2.11,0.25,Code cleanup,Critical bug,Feature,7.79,2.78,David,23.31
SP0745,74.1,25.41,100.13,4.47,56.88,2.14,3.42,-0.01,Bob,24.73,43.71,37.96,4.9,3.31,77.43,1.01,ISS0659,Bug,Low,13.97,5.58,Refactor code,11.01,7.38,28.31,2.07,5.52,0.41,Improve performance,Tech debt,Performance,4.28,7.38,Bob,10.73
SP0864,41.5,30.03,70.13,6.94,28.83,2.98,2.89,0.37,David,33.86,31.3,33.15,6.59,0.22,187.23,0.86,ISS0580,Task,High,7.54,6.9,Fix bug,15.17,44.84,23.89,3.01,1.72,1.24,Fix bug,New module,Bug,9.24,4.52,Alice,18.81
SP0454,43.57,29.51,79.48,3.88,34.77,-1.88,-2.68,1.09,David,27.79,34.99,47.16,2.32,2.6,145.17,0.18,ISS0982,Story,Medium,7.47,2.52,Fix bug,6.19,59.4,37.91,-0.07,-0.4,0.46,Fix bug,New module,Performance,15.7,5.29,Carol,21.15
SP0502,54.57,11.76,49.56,8.7,40.51,3.05,5.62,0.03,David,42.07,49.89,29.62,6.49,3.93,136.52,1.12,ISS0170,Task,Low,10.91,7.74,Fix bug,14.33,43.54,36.32,0.5,0.75,0.07,Fix bug,Tech debt,Bug,17.04,8.8,Carol,21.68
SP0295,74.87,54.5,56.72,5.17,81.93,3.15,6.57,0.27,Bob,43.24,49.12,18.79,6.71,1.41,120.39,0.02,ISS0799,Story,Medium,15.77,4.25,Refactor code,22.58,38.05,24.72,3.97,1.26,0.43,Develop feature,New module,Feature,12.05,-0.83,Alice,21.75
SP0647,56.65,22.33,40.76,-0.47,25.42,1.53,-0.52,-0.29,Carol,31.12,26.13,51.49,2.45,1.67,152.75,0.46,ISS0985,Task,Medium,5.38,4.37,Fix bug,14.11,40.37,45.36,0.91,-0.01,0.62,Improve performance,User request,Refactor,6.7,9.22,Alice,2.4
SP0614,72.68,19.08,76.88,1.55,52.49,3.13,6.86,0.53,Carol,51.86,43.56,41.92,3.01,3.04,186.25,-0.06,ISS0224,Task,Medium,6.96,12.99,Update UI,-3.62,37.57,20.42,1.45,1.92,0.09,Code cleanup,New module,Feature,7.35,1.22,Alice,18.92
SP0296,56.66,57.15,38.35,2.97,46.59,2.04,2.6,0.4,Alice,48.01,54.24,46.28,6.35,-0.06,180.77,0.38,ISS0009,Bug,Medium,6.19,7.01,Update UI,9.0,41.76,20.5,-1.37,0.87,0.86,Fix bug,Tech debt,Feature,-0.35,11.82,Bob,18.5
SP0503,43.94,13.04,62.84,3.55,33.28,1.32,-3.62,-0.23,David,43.84,37.78,20.04,9.6,4.93,84.38,0.82,ISS0323,Task,Medium,13.35,0.4,Refactor code,14.99,53.96,27.27,1.8,2.04,0.04,Develop feature,Critical bug,Performance,19.02,8.21,Alice,20.52
SP0722,21.3,39.61,55.88,6.5,46.23,2.82,2.88,-0.03,Bob,40.45,30.8,31.16,5.73,2.66,135.83,0.64,ISS0143,Task,High,7.18,10.02,Refactor code,15.53,51.1,30.78,3.44,0.64,0.37,Fix bug,New module,Performance,1.89,4.75,David,10.65
SP0034,56.87,19.74,24.18,3.09,52.88,3.35,8.23,0.83,Bob,33.15,51.45,39.68,4.01,3.0,230.37,-0.12,ISS0101,Task,Medium,0.17,4.72,Fix bug,5.35,16.14,30.34,4.38,4.22,-0.07,Develop feature,New module,Feature,12.88,6.04,Alice,11.1
SP0669,39.97,48.18,60.82,1.21,34.41,1.28,7.29,-0.1,Carol,52.62,43.81,30.93,6.07,1.18,98.86,1.12,ISS0898,Bug,Medium,11.75,1.33,Update UI,19.56,49.0,32.83,1.24,1.77,0.56,Code cleanup,Critical bug,Feature,12.36,8.15,David,6.38
SP0118,50.81,-10.41,78.46,2.62,54.79,3.01,0.23,0.04,Carol,46.81,39.97,41.8,3.94,2.88,171.23,0.55,ISS0992,Bug,Low,16.2,7.66,Update UI,13.23,39.69,31.09,5.55,4.99,0.6,Develop feature,Tech debt,Feature,11.83,6.25,Alice,21.54
SP0312,52.69,5.9,70.89,2.83,-1.86,3.67,1.91,0.46,David,38.61,46.15,35.4,8.26,-0.09,149.38,0.61,ISS0781,Bug,Low,17.1,12.18,Add feature,6.85,49.01,32.67,2.17,2.31,0.94,Fix bug,New module,Feature,10.44,7.85,Carol,9.67
SP0833,24.34,20.21,96.88,10.84,44.33,1.98,9.0,-0.67,Alice,18.76,38.36,25.4,8.54,1.77,88.29,0.92,ISS0282,Task,Low,25.77,7.74,Update UI,22.85,20.67,25.68,3.5,3.07,0.28,Fix bug,New module,Bug,9.64,4.04,Bob,12.62
SP0869,63.65,62.76,55.04,1.72,45.76,2.48,2.85,-0.2,Bob,27.2,67.6,38.82,3.39,-0.3,167.02,0.02,ISS0586,Story,Medium,8.1,5.23,Refactor code,22.09,20.18,20.97,2.05,5.13,0.01,Improve performance,New module,Feature,10.5,10.48,Alice,14.57
SP0028,50.75,60.01,43.21,1.89,64.63,1.11,3.24,-1.13,Bob,57.56,46.17,36.57,6.11,5.63,167.1,0.27,ISS0161,Task,Medium,19.88,11.47,Update UI,18.43,26.98,27.26,1.54,2.15,0.97,Code cleanup,New module,Refactor,6.43,7.46,Bob,12.66
SP0869,61.02,30.4,91.53,0.14,76.07,3.92,0.58,0.21,Carol,35.41,74.05,51.08,6.75,4.31,88.68,-0.26,ISS0201,Task,Low,13.57,8.91,Refactor code,16.47,21.98,13.99,1.15,1.85,0.47,Develop feature,New module,Feature,8.18,4.61,David,4.73
SP0240,41.82,19.62,46.28,7.66,71.91,1.93,4.7,-0.03,Carol,45.32,25.68,39.75,7.82,2.89,254.8,0.15,ISS0116,Task,High,1.18,5.65,Update UI,10.12,45.85,17.17,1.02,4.03,0.41,Develop feature,User request,Bug,5.22,1.47,Bob,6.39
SP0776,27.61,32.06,101.68,8.59,27.58,1.8,9.17,0.14,Alice,17.23,47.73,33.09,2.8,3.51,201.34,0.58,ISS0249,Story,Medium,14.72,7.11,Update UI,21.31,48.78,21.91,3.0,2.28,0.93,Fix bug,Critical bug,Performance,11.95,2.72,David,4.07
SP0938,24.1,31.6,60.2,11.97,54.36,4.45,6.51,0.77,David,27.96,50.43,42.22,5.26,0.91,139.82,0.07,ISS0240,Bug,Medium,11.25,7.2,Fix bug,14.32,40.67,29.48,-0.01,0.95,-0.3,Code cleanup,Critical bug,Feature,7.18,7.03,David,7.0
SP0160,62.91,30.79,64.51,8.26,41.84,2.26,12.04,0.42,Alice,45.79,53.72,46.6,4.33,1.38,143.98,0.37,ISS0372,Story,Medium,2.35,19.21,Update UI,12.44,22.4,26.28,1.11,2.71,0.51,Improve performance,Critical bug,Feature,8.78,5.15,Alice,16.1
SP0299,20.51,36.74,87.34,4.2,54.8,1.68,2.05,-0.4,Carol,38.48,56.64,39.91,3.07,1.23,260.69,-0.0,ISS0664,Bug,Low,27.86,4.12,Fix bug,18.39,37.21,16.84,1.1,-0.18,0.03,Improve performance,Tech debt,Refactor,15.74,7.0,Bob,5.57
SP0835,45.24,54.92,73.17,3.47,45.56,0.93,4.5,0.27,David,46.47,52.22,34.39,5.75,2.63,150.16,1.57,ISS0673,Story,Medium,13.8,6.19,Refactor code,14.56,46.96,33.72,4.81,1.24,-0.23,Code cleanup,Tech debt,Refactor,16.61,2.37,David,9.14
SP0528,57.08,17.8,74.58,7.21,50.08,2.65,13.15,0.73,Bob,29.57,56.37,20.57,4.1,0.26,100.99,0.2,ISS0199,Bug,Medium,6.48,7.29,Update UI,26.32,43.33,23.89,2.58,3.05,0.64,Develop feature,User request,Bug,12.27,5.85,David,4.56
SP0968,44.23,40.52,47.44,1.41,73.75,2.24,-4.58,0.86,Bob,41.13,45.73,25.74,5.63,3.18,136.77,1.3,ISS0666,Story,High,8.13,7.96,Fix bug,10.74,51.06,31.78,-0.08,4.01,-0.59,Fix bug,New module,Refactor,14.15,6.44,David,14.12
SP0873,64.82,55.45,61.49,2.62,66.85,0.95,2.12,0.46,Bob,50.16,53.92,37.79,4.09,2.68,121.74,0.17,ISS0470,Task,Medium,15.03,1.8,Fix bug,19.69,47.34,28.82,1.83,2.1,0.88,Code cleanup,User request,Refactor,3.45,6.84,Alice,21.46
SP0243,58.58,39.37,87.78,4.66,21.42,3.68,5.02,-0.09,Alice,37.68,37.86,34.88,1.19,4.62,188.5,1.36,ISS0419,Bug,Low,6.19,11.13,Fix bug,26.22,27.97,26.0,2.24,3.51,0.36,Improve performance,Tech debt,Bug,9.26,6.31,Bob,15.94
SP0307,87.23,46.09,74.3,2.55,53.86,-0.07,-6.06,0.11,Bob,45.08,43.61,35.93,10.18,0.95,126.69,-0.88,ISS0640,Task,High,10.5,8.73,Refactor code,5.2,17.06,29.96,2.53,2.69,0.65,Fix bug,Tech debt,Feature,14.55,16.43,Alice,28.88
SP0618,70.28,49.44,74.59,8.78,61.8,3.74,-0.41,0.55,Alice,32.61,72.3,36.69,7.73,1.21,117.58,0.25,ISS0998,Bug,Medium,11.11,4.33,Update UI,8.76,31.69,22.74,3.77,2.09,1.06,Develop feature,New module,Refactor,4.6,0.51,Alice,9.87
SP0784,58.97,28.7,83.9,4.37,62.64,1.67,7.42,0.05,Bob,40.4,72.56,49.69,2.7,-1.5,154.75,0.31,ISS0325,Bug,High,5.95,6.05,Refactor code,17.96,36.17,23.4,2.2,2.26,0.3,Fix bug,New module,Performance,7.03,6.03,Bob,19.97
SP0316,72.6,39.85,53.38,7.64,47.3,-0.44,4.91,0.32,Bob,16.27,73.71,42.86,3.47,2.62,60.92,1.04,ISS0300,Task,High,17.5,3.85,Update UI,18.71,47.39,30.48,2.2,1.43,-0.08,Improve performance,Critical bug,Feature,0.56,8.45,David,9.78
SP0250,40.01,23.27,105.13,3.56,55.15,-2.09,5.36,-0.16,Carol,29.69,55.17,30.97,6.79,1.76,145.78,1.78,ISS0820,Story,Low,10.29,7.13,Update UI,13.39,39.68,18.68,1.67,3.08,0.43,Develop feature,Critical bug,Performance,0.55,8.18,Alice,7.91
SP0759,45.82,19.28,49.18,6.7,52.14,-0.02,9.27,0.84,David,36.82,42.27,35.42,3.02,2.02,165.76,-0.14,ISS0105,Story,High,5.13,3.05,Refactor code,1.47,45.39,20.62,0.22,1.05,1.13,Improve performance,Critical bug,Refactor,5.0,7.34,David,21.24
SP0579,34.23,58.1,61.63,10.1,72.25,1.62,2.38,0.01,Carol,42.47,43.13,32.15,6.02,0.83,30.83,0.57,ISS0287,Story,High,16.07,2.84,Refactor code,9.91,39.59,29.33,4.97,1.91,0.21,Fix bug,Tech debt,Feature,17.23,5.14,David,13.6
SP0800,58.4,60.09,63.08,-2.47,6.12,0.8,-4.85,0.76,David,46.69,65.0,29.02,4.26,1.69,83.65,0.44,ISS0142,Story,Medium,14.29,5.35,Update UI,12.55,32.12,23.27,0.97,3.19,0.58,Code cleanup,User request,Feature,1.81,11.63,Carol,7.1
SP0157,41.63,3.17,47.78,3.18,11.43,1.32,7.2,-0.07,Alice,22.62,3.6,39.47,3.54,0.44,126.14,0.34,ISS0951,Task,High,9.02,3.19,Add feature,10.4,34.28,23.67,2.45,1.59,-0.14,Develop feature,User request,Feature,14.13,4.5,Bob,8.18
SP0077,60.65,27.59,97.09,1.67,50.64,-0.3,-5.93,0.19,Bob,44.09,41.24,39.43,5.34,1.48,100.76,-0.13,ISS0335,Task,Medium,16.21,9.84,Add feature,19.41,60.82,36.07,2.73,0.66,0.1,Improve performance,New module,Refactor,7.78,3.68,Carol,12.45
SP0612,54.89,54.65,61.3,4.35,62.53,3.34,6.97,0.61,Alice,32.17,52.19,26.58,4.06,2.44,166.81,-0.2,ISS0221,Task,Low,18.04,1.95,Add feature,13.66,32.45,27.93,2.74,1.23,-0.24,Fix bug,Tech debt,Feature,12.54,10.06,Alice,13.98
SP0041,62.98,1.0,85.13,4.65,13.94,2.3,2.77,-0.33,David,54.71,28.73,42.01,4.76,2.88,122.81,0.66,ISS0671,Bug,Medium,17.43,8.04,Add feature,16.67,40.99,30.49,2.22,0.66,0.57,Improve performance,User request,Bug,10.58,8.81,Alice,16.67
SP0955,76.87,48.65,50.54,4.13,47.59,1.47,4.1,-0.14,Bob,27.1,37.97,16.02,3.13,5.11,222.57,0.09,ISS0194,Bug,Medium,13.94,2.77,Add feature,14.36,68.17,25.5,3.68,1.22,0.35,Improve performance,User request,Feature,16.08,2.23,Carol,14.03
SP0230,30.46,34.2,62.42,4.02,39.64,0.7,-0.08,1.02,Bob,45.73,34.55,41.09,3.16,3.6,181.0,0.78,ISS0511,Story,High,10.86,6.87,Add feature,4.76,7.16,30.88,0.57,1.52,-0.15,Improve performance,Tech debt,Bug,6.23,2.82,Carol,9.36
SP0519,44.31,44.98,70.71,6.35,41.67,5.37,-0.7,0.99,David,33.56,57.63,26.94,5.17,2.75,86.37,0.53,ISS0567,Bug,Low,12.75,5.91,Fix bug,9.95,44.33,44.5,4.78,2.39,0.54,Improve performance,User request,Feature,8.52,5.26,Carol,1.52
SP0871,39.18,71.99,71.33,4.8,61.6,-0.26,-0.02,-0.4,Carol,56.67,29.32,30.49,1.56,-0.25,188.83,-0.36,ISS0531,Bug,High,19.06,5.14,Update UI,10.87,18.74,29.59,2.3,-0.27,0.24,Improve performance,Tech debt,Performance,16.26,11.5,David,10.92
SP0400,55.17,-6.23,60.31,6.32,61.77,0.13,9.01,0.4,Alice,40.2,23.01,28.52,5.26,0.74,167.3,-0.06,ISS0820,Task,Low,18.05,8.13,Fix bug,16.35,38.63,26.38,2.81,0.84,0.82,Code cleanup,Tech debt,Feature,12.86,6.69,Bob,15.32
SP0588,58.98,42.96,71.61,0.81,51.98,1.94,5.58,0.18,Bob,49.63,24.74,25.14,3.64,-0.95,155.94,0.45,ISS0513,Task,Low,14.45,4.68,Fix bug,10.9,55.23,28.47,3.28,-0.09,0.14,Fix bug,Tech debt,Performance,3.47,11.94,David,19.0
SP0070,10.34,42.22,71.08,3.06,9.77,2.29,0.84,-0.41,Bob,45.79,26.39,29.85,7.16,2.25,114.6,0.62,ISS0924,Bug,High,8.77,10.13,Fix bug,22.1,31.59,28.57,2.2,0.17,-0.0,Fix bug,New module,Feature,13.58,4.42,Bob,5.87
SP0552,57.73,56.35,68.5,-0.28,30.86,-1.71,8.34,0.49,Bob,21.09,67.11,36.03,5.78,0.19,107.63,-0.13,ISS0676,Bug,High,13.84,3.82,Refactor code,10.34,42.36,27.7,1.62,2.36,0.27,Fix bug,Tech debt,Performance,19.86,10.87,Alice,6.08
SP0105,53.39,26.85,47.83,1.65,37.12,2.09,1.42,-0.15,David,32.59,45.1,45.62,7.5,2.09,164.89,0.62,ISS0476,Task,High,1.28,9.46,Update UI,15.91,48.49,28.35,2.82,2.3,0.11,Code cleanup,User request,Feature,13.06,8.65,Bob,10.08
SP0763,41.43,31.03,67.47,4.52,18.26,0.86,-1.41,-0.26,David,30.93,54.33,21.68,3.22,2.85,-22.13,0.76,ISS0996,Task,Medium,0.67,3.55,Refactor code,13.54,35.35,16.99,-1.04,0.8,-0.25,Improve performance,New module,Bug,11.8,11.15,Carol,14.61
SP0648,47.62,32.97,105.58,1.72,36.24,4.09,0.28,-0.29,Bob,38.83,53.19,36.94,5.69,-0.05,96.87,0.74,ISS0346,Task,Low,8.49,12.52,Fix bug,12.48,12.37,32.47,2.71,1.28,0.01,Fix bug,User request,Refactor,13.75,5.66,Carol,15.74
SP0239,21.46,39.47,76.92,1.32,40.36,-0.37,1.18,0.1,Bob,47.17,28.35,22.53,4.38,1.6,122.55,0.19,ISS0701,Bug,Low,10.9,8.74,Fix bug,20.71,52.44,24.78,-0.38,2.53,0.82,Fix bug,User request,Feature,10.39,8.3,David,1.31
SP0730,75.81,19.1,67.58,5.64,30.89,3.01,7.52,0.34,Bob,38.99,42.73,29.87,7.61,5.36,184.48,-0.13,ISS0317,Story,Medium,17.16,0.55,Add feature,7.69,49.34,26.16,3.1,0.63,0.35,Code cleanup,User request,Refactor,0.78,7.55,David,16.82
SP0566,56.5,38.46,87.3,0.65,51.74,2.99,3.81,0.42,Bob,40.91,18.39,41.49,3.04,5.01,199.87,0.55,ISS0467,Task,Medium,17.53,9.28,Add feature,21.94,52.28,20.31,2.91,1.94,-0.07,Fix bug,New module,Performance,15.7,7.71,Bob,21.05
SP0436,24.07,45.72,85.49,4.02,39.94,0.64,7.12,0.22,Alice,37.31,66.76,24.45,6.67,0.72,173.86,0.9,ISS0632,Task,Medium,11.59,14.03,Fix bug,10.38,38.38,31.93,1.2,1.5,-0.68,Code cleanup,New module,Feature,7.52,4.96,David,-1.95
SP0680,34.03,49.36,80.52,5.83,34.97,2.35,2.16,0.2,Alice,43.28,57.7,32.89,7.99,-0.42,146.34,0.65,ISS0399,Story,Medium,6.49,6.42,Update UI,3.65,49.02,29.04,3.42,1.09,0.11,Improve performance,New module,Refactor,6.3,4.45,Alice,12.75
SP0423,47.78,48.09,115.66,10.59,34.99,2.86,6.27,0.36,David,56.86,34.54,19.0,3.23,1.63,150.57,0.24,ISS0874,Task,Low,10.92,8.87,Fix bug,9.63,36.52,11.65,1.5,3.76,0.07,Develop feature,Critical bug,Performance,15.54,6.79,David,13.04
SP0286,49.55,12.88,107.19,3.21,107.41,3.03,5.01,-0.22,Bob,46.68,38.85,24.74,3.58,1.35,102.22,-0.57,ISS0073,Task,High,12.62,6.68,Update UI,14.97,26.1,33.07,0.38,0.43,0.32,Code cleanup,Tech debt,Refactor,18.45,3.12,David,20.22
SP0907,42.21,46.22,57.91,2.18,58.97,2.35,14.02,0.18,Bob,49.99,48.05,21.53,5.79,1.82,318.79,-0.07,ISS0540,Task,Medium,17.56,11.0,Add feature,11.67,24.06,9.05,1.3,3.5,0.39,Improve performance,New module,Performance,17.3,7.42,Bob,6.98
SP0254,63.46,51.99,66.65,5.32,25.84,3.35,5.47,0.19,David,15.79,27.77,34.64,0.43,-1.53,129.49,0.31,ISS0654,Bug,High,22.95,5.85,Add feature,18.89,26.74,17.22,1.89,1.91,0.8,Improve performance,New module,Refactor,9.36,9.74,Alice,2.75
SP0453,46.2,28.71,67.76,6.7,53.95,2.66,4.07,-0.74,David,17.99,32.01,31.03,6.73,2.4,183.36,0.71,ISS0214,Story,High,6.83,9.58,Fix bug,6.9,51.24,26.9,1.9,2.34,0.89,Fix bug,User request,Feature,10.3,8.19,Bob,15.68
SP0470,49.66,48.74,77.59,2.83,48.42,2.29,10.55,0.33,Alice,38.19,28.08,31.93,4.06,0.79,93.75,1.04,ISS0435,Task,High,6.65,8.7,Update UI,16.2,25.29,31.96,3.03,2.37,0.12,Code cleanup,Tech debt,Refactor,11.18,9.72,Alice,11.52
SP0029,73.83,25.45,81.85,4.87,80.82,5.1,-0.81,0.59,Carol,27.27,6.27,22.39,5.73,1.13,195.8,1.29,ISS0722,Task,Medium,11.7,7.53,Update UI,18.42,30.85,31.73,-0.76,1.39,0.85,Develop feature,Critical bug,Feature,8.68,14.01,Carol,22.02
SP0828,50.16,38.23,78.0,3.45,31.38,-1.8,1.69,0.04,Bob,38.09,39.39,39.58,0.17,2.28,130.97,-0.12,ISS0526,Story,Medium,14.54,3.95,Fix bug,15.58,38.42,32.36,0.64,3.26,0.8,Improve performance,New module,Feature,13.55,2.83,Carol,27.64
SP0241,56.1,70.98,44.65,8.01,50.67,1.5,5.13,-0.02,Carol,55.8,50.29,58.28,4.02,2.35,193.99,0.31,ISS0366,Story,Medium,13.41,0.86,Add feature,10.45,44.86,21.74,3.76,2.12,-0.18,Fix bug,Critical bug,Performance,20.73,3.11,Alice,16.09
SP0805,27.01,42.4,69.39,-1.87,30.5,0.81,7.24,0.58,Bob,41.23,46.52,44.0,5.28,-0.69,49.88,0.56,ISS0050,Story,High,19.79,8.58,Add feature,30.3,25.44,25.12,0.59,5.06,0.74,Develop feature,New module,Performance,19.41,3.43,Bob,24.01
SP0025,45.15,29.87,73.37,4.03,26.5,1.15,5.26,0.77,Bob,58.31,54.63,38.77,5.33,3.37,219.78,0.68,ISS0768,Story,High,7.5,7.89,Fix bug,26.84,34.94,16.23,2.07,1.17,-0.29,Develop feature,New module,Feature,11.54,7.93,Alice,6.37
SP0286,55.78,3.03,72.0,5.5,38.85,4.15,5.81,0.78,David,49.15,18.61,36.17,5.81,3.35,125.17,0.97,ISS0572,Task,Medium,3.71,5.03,Update UI,17.21,35.75,37.45,2.17,2.79,0.6,Improve performance,Critical bug,Refactor,13.58,6.97,Alice,2.44
SP0768,37.15,1.8,52.59,3.94,76.14,2.97,4.39,-0.48,Alice,27.76,56.37,22.74,5.49,3.03,55.89,0.55,ISS0045,Bug,Medium,13.54,-1.91,Update UI,17.36,26.78,22.48,-1.49,3.18,-0.0,Code cleanup,User request,Performance,9.04,11.74,Alice,11.94
SP0367,48.31,43.41,105.41,2.63,34.53,1.5,8.33,0.88,David,41.83,48.82,46.57,8.39,1.58,157.43,0.38,ISS0748,Story,Medium,12.57,4.57,Fix bug,10.83,30.68,16.31,2.94,0.64,0.84,Fix bug,User request,Feature,10.47,7.43,Alice,18.69
SP0031,41.83,23.39,72.78,3.94,62.49,2.23,0.92,0.39,Carol,37.81,52.12,31.33,3.27,0.99,241.79,-0.46,ISS0389,Story,High,7.49,7.3,Add feature,8.91,48.48,32.63,2.39,5.67,0.33,Code cleanup,User request,Bug,3.09,9.91,Bob,19.64
SP0899,91.18,37.07,76.45,1.11,76.92,-1.34,2.27,0.28,Alice,32.81,15.47,50.63,6.72,2.41,274.04,0.78,ISS0985,Task,Low,4.18,5.17,Fix bug,11.37,60.56,22.45,3.63,3.2,0.56,Fix bug,User request,Performance,8.23,10.07,Carol,15.65
SP0161,54.55,40.42,64.86,-0.33,60.79,1.8,10.99,0.09,Bob,53.25,53.11,15.62,1.27,2.04,256.87,0.5,ISS0852,Story,High,3.85,6.45,Fix bug,14.52,33.07,21.73,2.63,1.64,0.13,Develop feature,Tech debt,Feature,8.68,5.6,David,3.64
SP0234,48.52,34.63,74.3,8.89,44.36,-0.3,2.87,-0.15,Bob,38.77,50.98,37.01,8.71,3.25,92.39,0.78,ISS0594,Story,High,10.1,3.87,Refactor code,22.24,42.76,13.07,1.68,1.7,0.26,Develop feature,Tech debt,Bug,21.68,5.64,Bob,19.8
SP0010,12.07,24.65,56.25,3.41,58.33,2.1,8.21,0.48,Carol,50.31,40.29,30.61,7.24,4.08,248.72,-0.05,ISS0601,Bug,Low,21.23,14.37,Add feature,30.27,42.43,26.47,0.59,2.01,-0.05,Code cleanup,Critical bug,Feature,7.43,5.27,David,5.82
SP0228,47.67,21.78,80.86,1.41,52.8,2.75,4.21,0.22,Alice,34.47,38.36,34.86,5.45,1.87,54.27,0.46,ISS0376,Task,Low,14.96,0.48,Refactor code,13.43,50.35,20.1,1.68,-1.29,0.11,Develop feature,User request,Feature,11.19,6.49,Carol,6.17
SP0393,65.91,31.89,79.69,5.38,61.0,2.91,0.84,-0.08,Alice,30.45,43.92,47.86,4.85,3.37,236.96,1.29,ISS0407,Bug,Low,4.34,8.02,Add feature,9.41,40.79,31.89,0.39,1.85,0.84,Improve performance,User request,Performance,13.5,5.69,David,13.92
SP0466,58.27,34.28,67.1,6.95,64.89,0.78,10.44,-0.06,Alice,31.28,38.29,28.84,8.43,2.06,206.78,1.19,ISS0956,Bug,High,11.68,6.49,Refactor code,10.22,35.9,27.02,0.62,3.3,-0.09,Develop feature,Tech debt,Feature,3.63,6.8,Carol,7.82
SP0248,27.7,30.39,46.86,2.78,35.58,3.63,-1.4,0.39,David,38.65,22.52,29.68,0.8,4.05,161.71,1.51,ISS0671,Story,High,12.63,10.95,Update UI,-2.31,40.12,19.84,0.57,0.62,1.65,Fix bug,New module,Bug,23.5,9.05,Alice,14.23
SP0847,32.41,28.98,81.98,10.42,50.03,2.22,-0.79,0.1,Alice,37.74,65.45,25.45,6.65,0.09,147.98,-0.0,ISS0475,Bug,Low,10.54,7.4,Update UI,10.68,47.71,23.1,1.15,3.79,0.86,Code cleanup,Critical bug,Bug,15.32,4.84,Bob,14.46
SP0687,49.67,26.78,75.37,6.96,62.48,1.03,1.35,0.75,Bob,41.87,53.17,29.82,1.78,1.93,120.1,0.47,ISS0055,Story,Medium,15.74,4.81,Update UI,6.27,52.4,20.89,2.14,1.42,1.5,Code cleanup,Tech debt,Feature,15.11,10.44,Carol,13.65
SP0952,65.11,37.18,61.25,2.17,51.14,2.9,2.45,0.3,David,52.77,65.4,43.59,7.19,3.46,79.12,0.78,ISS0663,Task,Low,12.5,5.33,Update UI,14.64,56.75,26.5,1.93,0.69,0.0,Code cleanup,Critical bug,Feature,17.88,1.89,Carol,23.32
SP0269,30.16,50.23,62.88,5.5,48.94,3.79,2.83,0.42,Carol,47.91,44.81,40.91,7.66,0.44,65.53,0.17,ISS0311,Task,Low,5.12,7.06,Add feature,18.9,37.12,37.34,2.16,4.0,-0.2,Fix bug,Critical bug,Feature,7.09,8.3,Alice,17.43
SP0612,55.79,27.4,59.74,6.16,53.58,0.57,10.32,1.12,Carol,29.32,19.8,25.12,9.85,-0.15,189.71,0.36,ISS0402,Story,Medium,10.44,9.8,Refactor code,13.15,38.41,20.27,2.66,1.87,0.74,Develop feature,New module,Feature,13.56,5.67,Alice,9.81
SP0763,63.78,21.81,91.11,5.77,53.34,1.01,2.47,0.29,Alice,50.1,60.18,32.53,7.05,2.82,121.0,-0.16,ISS0226,Story,High,9.74,10.67,Update UI,5.41,38.32,21.03,1.13,0.54,0.07,Fix bug,Tech debt,Feature,15.28,4.99,Alice,5.26
SP0652,54.39,15.56,45.13,2.57,45.84,-0.45,2.22,-0.86,Bob,33.03,36.1,35.86,6.03,1.23,238.46,0.49,ISS0060,Story,High,9.26,11.09,Refactor code,13.06,64.04,25.82,-0.01,2.76,-0.51,Fix bug,New module,Bug,10.97,9.27,Alice,10.29
SP0591,41.06,47.48,63.71,-0.18,67.3,1.57,8.63,-0.16,Alice,30.24,54.46,27.67,4.13,3.44,93.12,0.1,ISS0440,Story,Low,14.55,0.64,Update UI,13.51,46.45,38.03,0.77,-1.02,-0.0,Fix bug,New module,Refactor,12.81,6.14,Alice,24.62
SP0577,51.86,49.44,87.14,5.11,64.31,2.1,5.35,0.55,Carol,41.15,13.2,26.62,1.4,1.51,216.3,0.73,ISS0672,Story,Low,5.93,10.78,Fix bug,16.26,45.39,43.61,2.77,1.11,0.37,Code cleanup,Tech debt,Performance,10.7,5.41,Carol,8.37
SP0876,45.09,11.79,70.13,1.37,94.92,2.85,-1.83,0.32,Alice,16.65,24.26,46.14,7.15,2.24,203.3,0.42,ISS0169,Bug,Medium,6.88,14.21,Update UI,8.0,21.56,30.25,1.96,3.74,0.9,Develop feature,Tech debt,Refactor,5.93,8.69,Carol,12.13
SP0290,54.89,32.9,47.63,5.11,46.17,0.95,-5.1,0.99,Alice,36.52,45.2,36.01,3.34,-0.37,135.48,-0.63,ISS0345,Bug,Medium,11.5,12.39,Update UI,7.69,25.39,37.93,3.08,1.65,0.07,Improve performance,New module,Performance,11.22,4.8,Bob,4.71
SP0416,59.82,71.44,50.69,7.1,28.23,0.94,9.77,-0.7,Alice,41.36,45.01,41.52,3.18,1.01,127.81,1.47,ISS0530,Bug,Low,11.58,2.57,Update UI,13.46,38.69,42.65,0.4,2.49,0.82,Code cleanup,User request,Refactor,12.84,4.06,Carol,7.0
SP0677,50.0,29.28,63.34,2.56,39.02,3.98,6.56,-0.11,Carol,36.62,78.23,23.9,3.63,0.9,170.44,1.25,ISS0248,Task,High,3.33,14.67,Update UI,13.5,48.11,32.57,2.6,2.01,0.73,Develop feature,Tech debt,Feature,8.44,8.02,Bob,13.81
SP0122,54.51,46.58,63.78,-0.59,47.78,2.86,-2.33,-0.72,Carol,33.55,74.02,44.71,5.66,2.02,242.79,-0.01,ISS0694,Bug,Low,7.28,12.02,Add feature,19.13,49.93,31.67,2.94,-0.52,0.02,Develop feature,Tech debt,Refactor,9.53,7.29,David,14.63
SP0876,35.85,18.33,74.07,0.05,54.53,2.59,-3.35,0.36,Alice,48.62,48.06,19.43,0.76,5.0,259.7,1.11,ISS0919,Story,High,16.51,9.37,Update UI,17.22,47.0,37.02,1.41,-1.0,-0.34,Code cleanup,Critical bug,Refactor,21.38,6.52,Alice,15.26
SP0708,50.38,37.46,70.48,8.55,79.71,3.9,10.44,-0.49,Carol,32.88,25.13,38.56,3.84,3.17,221.98,0.07,ISS0732,Story,Low,2.31,5.7,Update UI,19.61,28.95,27.74,2.43,1.36,0.34,Fix bug,New module,Bug,1.79,1.97,David,16.73
SP0626,64.79,26.76,83.09,6.69,44.03,4.06,11.06,-0.55,Bob,45.11,44.91,47.2,9.2,3.08,155.62,0.54,ISS0335,Bug,Medium,17.14,0.58,Add feature,5.41,35.28,42.67,2.61,2.61,-0.07,Improve performance,User request,Bug,-0.68,11.95,Alice,1.76
SP0286,44.55,42.22,49.97,3.12,61.23,2.73,-2.89,0.8,Bob,48.98,38.92,37.49,2.6,3.05,131.17,0.6,ISS0361,Bug,Medium,8.37,1.8,Refactor code,11.43,49.42,32.09,0.77,1.09,0.91,Code cleanup,New module,Feature,13.15,9.5,David,9.63
SP0802,54.33,40.9,68.05,3.47,58.89,1.35,5.05,0.04,Bob,43.29,16.36,40.18,4.79,1.13,246.63,0.15,ISS0171,Story,High,14.04,7.22,Add feature,10.45,47.06,27.24,2.43,3.59,0.18,Develop feature,New module,Feature,10.71,8.93,Carol,14.69
SP0830,62.9,37.55,28.95,7.27,71.14,2.15,6.32,-0.27,Carol,41.93,43.77,22.53,10.49,3.04,143.15,0.97,ISS0509,Task,Low,6.55,-0.19,Fix bug,3.9,52.83,15.96,2.92,2.41,0.44,Improve performance,Tech debt,Performance,12.22,1.25,Bob,13.77
SP0605,63.01,14.65,78.7,6.41,29.77,1.22,3.45,-0.25,David,30.52,32.11,32.39,3.17,0.18,236.89,-0.01,ISS0237,Story,Low,4.69,12.48,Fix bug,18.16,25.11,30.31,0.82,1.93,0.14,Develop feature,Tech debt,Bug,-1.69,1.57,Alice,13.42
SP0742,59.27,29.76,68.82,-0.07,9.65,3.17,1.11,0.73,Alice,43.96,56.33,22.14,2.07,0.89,122.47,1.29,ISS0330,Task,Medium,12.72,4.62,Add feature,28.04,32.56,34.86,2.56,-0.49,1.04,Fix bug,Tech debt,Bug,10.96,6.74,Bob,18.03
SP0075,59.09,65.62,73.7,4.25,39.01,0.14,2.86,0.26,Alice,36.44,48.1,22.91,9.22,1.44,216.1,0.84,ISS0149,Bug,Low,13.05,6.84,Refactor code,24.18,33.2,33.27,3.3,1.22,0.9,Fix bug,Tech debt,Performance,14.64,6.02,David,8.15
SP0443,58.39,45.71,96.83,1.05,28.74,0.29,-1.53,-0.64,Carol,51.49,49.75,38.66,2.45,0.31,216.73,0.9,ISS0146,Bug,High,10.54,9.91,Update UI,13.76,51.68,37.26,1.27,-1.3,0.03,Fix bug,New module,Refactor,16.3,4.76,David,9.75
SP0789,88.45,38.75,64.3,3.21,42.16,2.76,3.87,-0.25,Alice,64.97,21.66,21.7,2.2,1.22,291.84,0.6,ISS0989,Story,Medium,12.54,5.73,Update UI,-0.52,48.27,34.53,2.36,0.53,0.1,Improve performance,New module,Feature,8.76,2.05,Alice,24.39
SP0534,72.01,29.66,21.5,11.12,74.14,0.8,-1.25,0.89,Carol,33.93,73.29,50.5,5.25,1.22,100.55,0.76,ISS0763,Bug,High,11.91,7.77,Refactor code,5.29,41.76,37.29,1.63,2.86,0.0,Code cleanup,User request,Refactor,11.96,13.63,Carol,11.26
SP0461,39.83,53.8,62.65,6.57,28.74,0.25,0.28,-0.07,David,31.45,20.69,46.99,10.26,3.66,155.33,0.15,ISS0252,Story,Low,21.25,3.85,Add feature,12.67,40.48,35.86,3.74,2.17,0.32,Code cleanup,New module,Performance,24.6,5.58,David,26.05
SP0167,38.59,18.95,74.92,1.73,67.76,2.78,2.2,0.04,Bob,57.38,21.25,29.59,6.24,2.88,113.73,0.19,ISS0895,Bug,High,7.56,8.71,Refactor code,15.68,31.44,21.98,1.69,2.9,-0.13,Fix bug,New module,Performance,8.05,5.86,Carol,13.85
SP0572,24.11,25.57,78.96,5.97,44.53,1.63,4.03,0.69,David,39.05,32.37,39.35,5.41,3.21,148.3,1.03,ISS0882,Story,Low,3.66,10.38,Refactor code,3.64,47.13,23.33,1.67,-0.48,0.93,Code cleanup,New module,Feature,12.4,7.66,Bob,18.06
SP0749,77.66,39.35,84.27,4.45,55.44,-0.22,9.35,0.86,Bob,39.96,51.45,38.78,4.39,2.08,137.17,1.15,ISS0074,Task,High,7.25,14.48,Refactor code,6.92,34.15,18.28,2.23,2.08,-1.0,Code cleanup,New module,Bug,7.43,4.35,Alice,0.75
SP0280,59.66,33.37,44.58,8.74,58.11,2.99,8.68,-0.19,Bob,46.39,18.9,30.03,11.03,-0.84,155.04,0.41,ISS0329,Bug,Low,12.42,5.24,Add feature,11.86,25.05,31.7,2.43,4.43,0.23,Code cleanup,New module,Refactor,6.36,7.74,David,10.52
SP0944,80.31,18.47,50.16,9.22,82.08,1.85,-3.7,-0.21,Carol,45.17,47.0,34.54,2.66,1.52,88.51,1.55,ISS0985,Story,Medium,9.08,-0.12,Update UI,16.86,54.22,22.88,3.63,2.06,0.37,Improve performance,User request,Bug,10.78,3.24,Carol,13.28
SP0605,34.96,20.21,99.22,0.26,56.78,1.82,7.83,0.87,Bob,39.26,22.36,20.73,6.96,3.33,200.1,1.14,ISS0555,Story,Low,9.99,2.71,Add feature,14.53,29.02,18.47,2.56,3.47,0.2,Fix bug,Critical bug,Refactor,14.16,2.6,Bob,11.99
SP0114,30.83,35.17,93.1,8.89,37.09,3.67,-2.86,0.2,David,28.64,51.36,44.16,9.18,2.16,87.93,0.53,ISS0704,Bug,High,14.44,4.48,Update UI,15.52,43.16,30.09,1.04,-0.45,-0.11,Improve performance,User request,Bug,7.61,7.68,Carol,5.44
SP0723,37.55,24.18,82.16,7.19,56.01,2.52,-1.36,0.74,Carol,29.61,16.65,22.44,3.84,2.1,16.69,0.64,ISS0986,Story,High,1.2,5.3,Refactor code,28.25,70.55,26.9,1.08,1.78,0.42,Develop feature,Tech debt,Refactor,13.43,10.74,Bob,7.23
SP0208,48.76,50.74,48.03,8.35,34.04,1.58,6.04,-0.79,Alice,56.09,34.52,32.77,8.05,1.58,95.0,0.64,ISS0281,Task,High,9.8,4.49,Refactor code,14.81,36.12,35.65,3.9,2.79,0.64,Code cleanup,User request,Bug,20.31,7.79,Alice,18.83
SP0511,51.85,32.26,42.44,5.33,50.17,2.63,10.15,0.62,Carol,36.67,29.51,37.23,5.28,-0.33,240.22,0.96,ISS0318,Task,Medium,17.93,3.99,Update UI,5.58,31.94,33.52,2.52,2.87,0.65,Fix bug,User request,Bug,11.16,6.36,Bob,6.06
SP0001,44.6,39.38,75.72,2.33,49.48,1.82,-2.87,0.02,David,49.72,32.34,53.74,2.41,0.87,160.68,1.08,ISS0906,Task,Medium,14.01,11.11,Refactor code,18.14,31.56,18.68,0.76,2.26,-0.05,Fix bug,Tech debt,Feature,13.74,9.3,Carol,11.32
SP0049,29.48,21.36,80.49,2.84,32.02,2.9,4.61,-0.46,Alice,33.8,35.56,32.37,5.65,0.3,126.51,-0.01,ISS0469,Story,Medium,11.75,4.5,Refactor code,9.49,49.99,23.56,1.67,0.62,0.46,Code cleanup,Tech debt,Performance,11.1,7.65,Alice,6.47
SP0801,33.95,20.65,56.04,7.86,56.46,3.06,3.3,0.49,Carol,27.02,34.55,20.19,9.17,1.93,181.28,0.25,ISS0928,Task,Low,12.07,1.68,Update UI,4.2,31.55,28.88,1.21,1.87,0.18,Code cleanup,User request,Feature,10.92,6.1,Alice,9.22
SP0841,60.8,31.64,53.83,8.51,54.58,1.3,-0.62,1.07,Carol,45.3,57.18,35.54,4.86,3.67,131.87,0.74,ISS0918,Story,Low,13.42,3.04,Update UI,12.95,36.41,33.81,0.28,2.64,0.58,Develop feature,Critical bug,Feature,14.24,9.67,Carol,16.32
SP0487,60.28,24.79,93.88,1.47,66.93,1.47,3.73,0.56,Bob,54.68,59.9,24.3,1.26,3.6,160.55,0.57,ISS0638,Task,Medium,8.57,11.0,Add feature,14.05,42.23,45.13,1.08,2.74,0.4,Code cleanup,Critical bug,Bug,20.12,6.34,David,9.46
SP0947,31.79,19.0,35.56,-0.48,61.7,3.9,7.36,-0.15,Carol,57.65,48.33,17.1,3.02,1.09,67.17,0.42,ISS0460,Bug,Low,12.58,7.25,Update UI,21.27,31.55,32.11,0.19,1.21,0.11,Fix bug,User request,Bug,3.28,6.81,Bob,15.73
SP0032,41.84,19.61,31.74,7.86,13.25,-0.76,4.81,-0.36,Bob,52.91,55.75,21.69,9.34,0.65,143.83,0.28,ISS0858,Story,High,15.31,3.62,Fix bug,15.9,32.24,36.47,0.97,0.46,0.41,Improve performance,Tech debt,Bug,16.69,8.55,Carol,2.69
SP0136,51.8,39.98,54.68,4.66,54.64,1.87,5.4,0.55,Bob,34.25,63.11,39.23,9.27,3.31,201.72,-0.72,ISS0646,Story,High,9.77,2.35,Add feature,11.29,40.58,20.41,-0.5,1.09,0.34,Fix bug,Critical bug,Refactor,9.84,8.67,Bob,6.98
SP0819,31.29,16.14,69.44,2.52,49.16,-2.2,1.93,0.06,Bob,57.96,43.09,31.22,2.93,2.09,100.35,-0.15,ISS0344,Bug,Low,12.96,5.05,Add feature,8.55,34.9,21.72,-0.63,3.85,1.44,Develop feature,User request,Performance,17.01,9.88,Carol,13.64
SP0288,64.49,30.3,90.17,1.99,39.32,3.37,3.78,-0.09,Bob,42.28,16.3,18.79,4.66,0.09,124.95,0.84,ISS0800,Bug,High,10.9,4.43,Add feature,11.57,40.21,30.3,1.75,1.48,0.66,Develop feature,User request,Performance,4.85,9.68,Alice,10.39
SP0353,37.95,35.48,48.99,5.12,78.36,1.88,-5.72,0.29,Carol,53.95,40.63,40.7,11.15,1.16,152.15,1.29,ISS0583,Story,High,17.28,6.17,Fix bug,13.48,15.32,38.71,3.3,1.33,0.63,Code cleanup,Critical bug,Bug,8.48,-1.22,Bob,10.17
SP0948,19.81,24.67,53.11,4.7,61.73,-0.19,6.33,0.08,Carol,62.34,54.99,33.63,0.58,0.14,176.43,0.56,ISS0901,Task,Low,13.36,11.54,Update UI,7.09,30.3,23.28,0.04,2.42,-0.08,Develop feature,User request,Feature,19.06,7.75,Carol,18.41
SP0971,45.66,31.04,49.63,2.31,39.76,0.51,-2.85,-0.07,Alice,63.41,29.75,32.41,7.44,2.06,240.63,0.11,ISS0873,Task,Medium,8.43,11.6,Update UI,12.39,63.89,32.26,1.13,4.66,-0.06,Code cleanup,Critical bug,Feature,16.49,5.97,Bob,11.57
SP0305,68.7,52.09,66.82,3.05,39.79,2.04,-2.04,0.17,Bob,39.98,39.75,39.06,3.19,0.14,115.6,0.76,ISS0337,Bug,Medium,10.77,7.57,Add feature,2.65,21.69,27.53,1.65,3.74,0.82,Fix bug,User request,Feature,19.87,8.03,Alice,3.07
SP0451,23.18,35.98,63.11,8.79,52.5,4.91,-0.81,-0.64,David,51.83,24.8,29.45,7.34,1.97,128.96,0.8,ISS0321,Task,High,8.53,10.62,Refactor code,23.53,33.51,29.74,3.74,1.39,0.16,Improve performance,User request,Refactor,8.1,6.62,Alice,12.66
SP0239,52.39,40.29,71.17,5.77,53.6,3.19,1.77,0.8,Bob,44.01,36.0,33.18,4.72,-1.29,117.5,1.07,ISS0031,Bug,Low,13.36,8.49,Fix bug,14.28,40.16,50.31,1.68,1.55,-0.14,Fix bug,User request,Refactor,13.31,7.99,Alice,21.18
SP0480,44.19,13.26,86.74,2.76,25.28,0.62,-1.83,0.82,Alice,35.95,48.92,22.18,7.85,3.6,-36.55,0.66,ISS0789,Bug,Low,8.92,2.64,Fix bug,1.95,42.76,28.2,2.87,0.86,0.1,Fix bug,New module,Refactor,5.07,7.48,Carol,7.81
SP0820,76.9,76.52,86.55,5.71,35.89,2.45,4.79,0.05,David,36.96,68.64,16.3,6.48,0.86,162.96,0.94,ISS0315,Task,High,13.74,3.61,Fix bug,10.58,41.85,15.47,3.41,3.11,-0.03,Code cleanup,User request,Feature,14.08,7.09,David,11.35
SP0780,37.02,32.5,58.91,3.46,45.29,1.89,1.93,0.38,David,38.42,44.18,27.47,8.34,1.95,159.94,1.21,ISS0308,Bug,Medium,14.25,5.33,Fix bug,18.68,27.7,31.45,2.01,2.22,0.25,Improve performance,Critical bug,Bug,3.24,7.26,David,5.24
SP0760,12.85,55.0,95.75,-0.34,38.08,0.76,0.97,0.41,Carol,25.39,62.41,36.66,7.78,2.23,112.17,0.84,ISS0222,Task,High,20.63,3.65,Add feature,8.93,42.83,24.22,3.09,2.24,1.0,Improve performance,New module,Refactor,5.68,3.1,Alice,18.78
SP0933,18.93,52.93,56.86,4.83,45.93,3.1,5.01,0.42,Carol,46.01,60.06,24.22,3.27,5.32,146.97,-0.01,ISS0936,Bug,Low,4.55,4.85,Add feature,14.03,56.54,32.61,1.84,3.44,-0.03,Code cleanup,User request,Feature,9.48,10.36,Carol,18.4
SP0782,46.24,42.61,52.03,6.88,36.31,2.67,3.27,0.39,David,26.62,22.15,30.04,3.5,0.02,152.9,0.71,ISS0694,Story,High,14.56,8.92,Refactor code,13.28,29.1,27.49,2.38,4.42,0.56,Improve performance,Tech debt,Refactor,12.95,6.4,Alice,0.68
SP0091,50.4,18.6,56.78,5.32,46.33,0.04,7.96,-0.2,Alice,39.24,48.2,20.51,0.08,-0.17,128.67,0.65,ISS0368,Task,Low,16.11,3.12,Add feature,11.68,44.39,23.06,0.94,3.01,1.05,Code cleanup,User request,Refactor,12.39,7.9,David,10.62
SP0335,37.69,52.52,76.3,7.98,64.22,0.82,-1.16,-0.11,Alice,54.13,41.65,28.5,7.43,2.73,29.81,-0.09,ISS0120,Task,Low,13.65,1.78,Add feature,16.18,38.54,25.3,4.02,4.23,-0.47,Fix bug,New module,Performance,3.86,9.68,Bob,10.16
SP0617,63.48,46.86,58.5,8.66,28.46,8.12,-8.03,-0.37,David,58.54,64.21,22.84,4.48,1.69,137.15,0.85,ISS0918,Task,Medium,8.91,10.25,Update UI,3.06,42.11,19.02,2.25,3.6,0.16,Develop feature,Tech debt,Bug,11.66,6.49,Alice,17.96
SP0785,46.23,41.98,93.3,2.8,53.59,1.76,1.98,-0.05,Alice,39.42,53.06,27.73,2.58,2.48,-29.51,0.92,ISS0015,Bug,Low,12.75,5.36,Refactor code,10.32,41.38,24.82,-0.42,-0.61,-0.23,Improve performance,Critical bug,Refactor,7.53,10.06,Alice,24.33
SP0445,79.93,40.24,52.68,-0.42,53.9,1.67,4.66,0.13,Carol,47.06,44.69,37.76,4.8,0.74,158.72,0.46,ISS0003,Story,High,11.36,10.66,Update UI,14.92,44.13,28.18,0.28,2.91,0.39,Code cleanup,New module,Refactor,17.06,5.24,Bob,15.66
SP0957,53.05,16.83,53.78,4.27,47.66,2.34,4.01,0.37,Carol,25.04,65.91,34.3,3.53,1.35,98.35,1.34,ISS0721,Story,Low,5.36,7.76,Fix bug,13.6,44.09,32.43,2.17,1.36,0.66,Code cleanup,Critical bug,Feature,9.13,6.93,David,6.92
SP0556,96.39,36.52,80.02,9.06,92.14,3.04,6.55,1.14,David,43.24,54.39,26.14,5.06,0.39,194.17,0.1,ISS0965,Task,Medium,15.73,6.22,Refactor code,11.51,40.96,17.24,3.32,-0.34,0.13,Develop feature,User request,Refactor,10.96,4.11,David,7.99
SP0134,35.1,41.61,96.26,5.84,67.66,0.21,5.94,0.52,Bob,47.14,50.53,29.44,3.9,4.06,37.56,0.94,ISS0662,Task,Low,5.59,4.63,Refactor code,14.96,27.67,22.63,4.44,1.54,-0.64,Fix bug,Critical bug,Refactor,22.27,3.14,Alice,14.67
SP0227,62.47,41.2,82.26,7.51,53.88,3.0,5.88,0.68,Alice,46.65,29.28,25.46,4.2,3.3,91.46,0.48,ISS0604,Bug,High,17.67,7.74,Fix bug,10.96,30.43,23.75,0.52,1.49,0.05,Develop feature,User request,Feature,10.52,4.25,Bob,13.23
SP0688,28.35,13.34,69.55,5.7,45.54,2.91,-2.28,1.05,David,32.29,53.79,32.32,1.7,1.2,175.54,0.48,ISS0037,Bug,Low,15.42,6.07,Fix bug,13.79,24.44,27.44,0.86,2.89,0.18,Improve performance,Critical bug,Performance,11.35,5.25,Carol,15.77
SP0203,53.0,22.41,67.24,2.88,35.36,1.71,-0.01,-0.1,Carol,34.71,32.91,18.04,5.91,2.14,220.18,0.02,ISS0184,Bug,Low,13.77,6.88,Refactor code,16.08,21.88,30.57,0.44,3.85,0.89,Develop feature,New module,Performance,8.97,2.91,Alice,15.86
SP0434,42.71,42.24,26.75,8.15,90.34,1.06,-4.13,-0.26,Carol,41.26,33.93,26.03,4.34,2.79,139.91,0.8,ISS0923,Bug,Medium,13.49,3.94,Fix bug,12.95,15.43,28.21,2.8,2.45,0.77,Improve performance,Tech debt,Bug,13.16,1.9,David,12.11
SP0220,42.07,34.18,72.59,6.98,15.31,1.56,-0.74,-0.03,Alice,55.91,56.95,41.87,5.36,2.54,65.1,0.93,ISS0859,Bug,Low,15.6,6.65,Refactor code,15.73,37.83,28.14,4.74,2.09,0.76,Fix bug,User request,Bug,0.92,9.98,Carol,9.77
SP0390,42.44,58.65,44.39,5.22,40.52,2.62,3.3,0.44,Bob,41.93,61.74,20.67,-0.63,1.77,132.97,0.85,ISS0581,Bug,Medium,1.73,8.12,Fix bug,14.76,25.24,24.11,1.46,4.18,0.93,Fix bug,User request,Refactor,12.49,9.43,David,13.68
SP0934,33.64,36.09,105.18,1.12,69.54,0.38,4.47,0.22,David,39.27,29.51,30.66,5.17,1.74,200.56,0.69,ISS0900,Bug,Medium,10.51,9.83,Refactor code,12.93,52.38,29.03,2.72,2.73,-0.04,Fix bug,Critical bug,Bug,9.37,6.93,Carol,13.7
SP0273,36.11,24.29,90.22,1.71,78.26,1.06,7.65,-0.38,David,54.75,38.24,39.38,1.61,1.7,194.34,-0.72,ISS0498,Bug,Low,8.28,9.1,Refactor code,8.09,30.35,27.51,4.67,2.34,0.66,Fix bug,User request,Bug,8.14,12.13,Bob,15.22
SP0676,49.28,62.31,78.73,5.15,39.38,3.53,0.95,0.47,Alice,59.41,63.58,43.39,7.16,3.53,122.64,0.9,ISS0270,Bug,High,5.82,8.33,Add feature,20.13,60.07,30.64,1.11,3.26,-0.18,Develop feature,User request,Performance,8.94,5.88,Alice,14.69
SP0561,46.67,46.12,111.1,0.55,61.2,3.03,7.89,0.31,Bob,39.06,40.73,31.3,7.33,-0.37,113.69,0.59,ISS0675,Story,Low,9.09,8.16,Fix bug,11.59,38.54,30.32,1.95,2.48,0.48,Fix bug,User request,Refactor,21.46,2.58,David,12.32
SP0458,22.45,31.64,70.48,4.49,47.22,1.82,-0.34,-0.08,David,48.23,66.92,35.66,7.41,0.57,97.45,0.83,ISS0003,Task,High,16.42,5.97,Fix bug,9.32,46.18,32.15,2.78,2.93,0.3,Fix bug,User request,Refactor,12.65,8.01,Bob,14.26
SP0983,19.66,30.54,94.11,5.45,47.74,3.01,3.75,0.24,David,41.94,39.07,29.11,4.39,1.0,76.53,-0.21,ISS0129,Bug,Medium,3.5,1.87,Refactor code,15.23,24.29,24.87,1.72,3.56,0.16,Fix bug,Critical bug,Refactor,14.31,10.34,Alice,21.88
SP0980,39.88,27.7,70.46,3.44,66.02,3.41,4.96,0.26,Carol,49.74,41.77,36.06,2.9,1.02,96.8,1.14,ISS0284,Story,Medium,10.04,9.56,Refactor code,31.58,48.59,32.72,1.96,3.88,0.08,Develop feature,Tech debt,Feature,10.49,6.16,Alice,18.56
SP0580,37.25,54.37,62.48,5.48,33.83,4.44,2.38,0.76,Alice,35.13,33.52,39.11,4.63,3.02,66.79,0.55,ISS0042,Story,Medium,12.51,10.6,Refactor code,9.14,51.13,25.55,1.5,3.49,0.51,Fix bug,User request,Feature,8.84,4.37,Alice,5.95
SP0386,41.54,33.94,53.58,6.15,31.9,2.65,-0.74,0.65,Alice,35.78,20.11,37.55,-0.9,3.4,159.45,0.94,ISS0213,Story,Low,3.87,4.27,Update UI,19.68,51.87,34.2,1.75,2.66,0.25,Develop feature,New module,Refactor,17.01,4.07,Carol,14.56
SP0534,37.17,33.54,42.98,5.93,22.74,2.69,1.55,-0.29,David,43.37,30.69,51.1,9.89,1.57,105.1,0.54,ISS0118,Task,Low,20.77,7.25,Update UI,10.77,46.41,28.47,3.72,2.48,0.53,Code cleanup,Critical bug,Refactor,10.43,8.57,Bob,28.39
SP0324,41.09,41.81,86.22,4.19,27.45,0.43,3.52,0.41,Bob,38.2,32.91,41.57,0.23,-1.16,76.35,0.85,ISS0721,Task,Medium,5.65,5.8,Fix bug,29.08,39.54,31.84,2.32,3.68,0.67,Improve performance,Tech debt,Refactor,15.3,4.46,David,19.79
SP0273,39.47,33.92,52.27,0.75,74.79,0.63,0.18,0.31,David,27.21,54.92,15.83,3.9,1.15,118.49,0.12,ISS0408,Task,High,14.85,9.16,Refactor code,20.58,32.92,26.9,2.66,0.45,-0.26,Develop feature,Critical bug,Bug,12.74,5.68,Bob,4.82
SP0652,65.84,57.35,41.97,3.42,49.52,3.39,9.33,1.04,Alice,27.89,18.92,27.63,6.39,3.62,183.24,0.68,ISS0242,Story,High,18.6,12.47,Update UI,21.19,36.78,16.37,1.27,0.01,0.49,Fix bug,Critical bug,Performance,13.14,1.45,Carol,7.6
SP0245,67.34,56.6,100.58,8.92,34.3,4.37,3.02,-0.11,Alice,13.62,60.22,33.69,-0.23,1.84,187.6,1.16,ISS0985,Story,Low,16.95,7.15,Refactor code,20.45,31.09,32.71,0.1,2.49,-0.18,Improve performance,New module,Refactor,20.0,4.93,Bob,8.68
SP0106,60.58,45.31,81.21,6.33,55.11,1.56,5.63,0.95,Alice,36.17,21.93,37.31,9.16,3.67,145.76,0.89,ISS0541,Task,Medium,16.62,11.7,Add feature,6.49,50.29,23.45,-0.05,1.86,-0.15,Improve performance,Tech debt,Feature,4.36,3.73,Carol,15.38
SP0880,60.04,39.34,74.05,3.78,65.2,1.68,3.59,0.41,David,37.72,60.48,32.48,1.06,2.67,174.9,0.1,ISS0807,Task,Low,12.07,8.08,Fix bug,14.52,38.34,36.28,1.03,3.08,0.02,Fix bug,User request,Performance,2.06,7.54,Carol,9.93
SP0362,62.27,17.98,34.47,-0.22,62.78,1.85,-4.56,0.09,Alice,61.6,36.06,23.13,4.23,-1.51,118.12,0.57,ISS0227,Story,Low,14.33,2.7,Fix bug,4.88,37.91,26.01,-1.57,3.09,0.05,Develop feature,Tech debt,Feature,12.23,6.8,Bob,15.84
SP0455,52.32,29.95,86.6,2.51,37.38,3.6,-2.79,0.69,Alice,38.77,31.38,39.57,6.89,2.19,43.55,-0.24,ISS0141,Bug,Medium,10.41,4.33,Update UI,5.63,55.23,18.62,3.03,2.52,0.89,Develop feature,Tech debt,Refactor,9.97,8.63,Bob,15.88
SP0953,17.62,42.8,92.16,2.21,62.1,4.29,-0.33,-0.02,David,43.74,55.19,39.63,4.49,4.67,314.53,0.04,ISS0510,Story,Low,6.39,4.71,Update UI,9.17,18.56,35.36,2.7,2.68,0.29,Fix bug,User request,Refactor,5.63,8.67,Bob,12.18
SP0345,26.84,44.77,46.6,5.48,48.45,1.83,-3.79,0.07,Bob,36.68,44.07,33.95,5.94,3.16,181.2,0.83,ISS0373,Task,High,25.13,13.46,Fix bug,11.92,45.51,31.34,2.21,2.74,-1.09,Develop feature,New module,Bug,0.62,5.23,Carol,20.33
SP0757,58.71,24.33,85.7,3.9,29.49,4.54,-1.17,0.4,Alice,49.84,43.47,20.13,3.58,2.6,182.41,0.01,ISS0771,Bug,Low,16.9,4.39,Add feature,21.44,47.58,33.11,0.65,3.3,0.33,Code cleanup,Critical bug,Bug,9.61,12.02,Bob,24.21
SP0206,42.21,33.84,72.35,-1.15,46.68,3.54,2.49,0.69,David,30.84,36.42,32.0,2.44,1.35,140.05,0.58,ISS0485,Story,High,12.88,6.12,Fix bug,19.73,39.22,19.63,0.91,1.46,0.43,Improve performance,User request,Performance,9.78,6.19,Bob,20.16
SP0467,28.75,58.77,64.53,4.42,45.13,1.65,11.58,0.33,Carol,40.19,25.75,36.26,5.4,-0.19,223.39,1.06,ISS0597,Task,High,13.59,4.25,Add feature,18.17,40.99,27.17,0.1,2.93,0.29,Improve performance,User request,Bug,4.73,3.38,Carol,10.77
SP0904,25.08,51.46,96.63,3.26,55.97,1.88,9.07,0.68,David,41.19,29.41,25.1,2.48,4.04,111.17,1.24,ISS0654,Story,High,17.64,3.87,Refactor code,14.27,51.86,20.79,2.91,2.53,0.48,Improve performance,Tech debt,Performance,8.88,10.48,Bob,9.48
SP0866,48.8,19.7,69.98,2.64,26.1,2.48,-0.78,0.76,Bob,23.32,57.23,25.54,6.31,3.0,194.26,0.82,ISS0736,Task,High,8.92,1.97,Update UI,28.96,39.68,27.23,2.49,2.41,0.6,Develop feature,User request,Performance,6.33,5.89,Bob,11.21
SP0196,38.74,41.78,41.23,4.22,40.57,2.13,9.13,0.4,Alice,51.54,25.48,50.24,9.34,5.49,211.16,0.73,ISS0639,Story,Medium,9.9,3.22,Fix bug,14.83,36.37,23.69,4.91,2.38,-0.42,Improve performance,New module,Feature,8.85,4.73,Carol,2.53
SP0111,47.04,43.56,35.46,5.43,52.43,1.68,9.06,0.08,Bob,45.58,36.31,36.4,6.05,0.19,62.94,-0.09,ISS0381,Bug,Low,13.95,7.1,Update UI,12.8,45.12,29.35,1.57,5.97,0.41,Develop feature,User request,Performance,18.76,9.93,David,14.08
SP0039,40.78,47.18,86.62,12.35,52.69,4.95,0.53,-0.76,Carol,24.54,56.08,24.68,4.01,2.7,229.47,0.87,ISS0417,Bug,Medium,13.52,3.93,Fix bug,20.35,45.49,32.41,1.47,0.43,0.48,Code cleanup,Tech debt,Performance,11.33,5.66,Alice,19.46
SP0561,42.76,40.71,59.92,1.35,30.06,4.43,1.93,0.27,Bob,42.72,44.66,40.36,7.99,2.95,158.53,0.94,ISS0230,Task,Low,9.84,5.92,Update UI,8.37,42.44,18.56,4.41,0.65,0.81,Fix bug,Tech debt,Performance,10.59,5.98,Carol,2.75
SP0130,70.48,39.81,68.9,8.84,58.24,1.37,3.95,0.44,David,49.03,28.29,50.21,4.22,3.21,204.02,0.21,ISS0080,Story,Medium,12.27,10.99,Add feature,21.18,34.5,22.77,3.23,1.56,0.37,Fix bug,Tech debt,Refactor,2.05,6.89,Bob,23.52
SP0203,56.18,50.18,72.21,2.31,73.14,3.79,5.21,-0.08,Bob,33.58,68.39,27.32,2.15,1.08,58.67,0.6,ISS0314,Story,Low,6.09,10.83,Refactor code,20.84,43.58,22.42,0.48,3.39,-0.39,Develop feature,New module,Refactor,18.54,6.8,Alice,14.68
SP0589,40.87,23.61,63.69,4.1,66.79,3.74,2.11,0.01,Alice,40.91,51.11,37.35,0.82,3.1,209.8,-0.22,ISS0252,Story,Low,5.99,4.67,Refactor code,-0.81,10.17,25.46,1.45,4.58,-0.64,Fix bug,User request,Bug,21.14,6.11,Bob,15.25
